Role,Section,Feature,Data Scope,Feature Key,Built,Screen,Endpoints,Tested As,Result,Checks,Also readable by,Evidence,Verified against
Super Admin,Dashboard,Campus cards,All institutions / all campuses,super_admin.dashboard.campus_cards,no,,,,not built,0,,catalogued only. Nothing in “Dashboard” is built yet.,https://temperp.187-127-178-100.sslip.io at 2026-08-17 14:26
Super Admin,Dashboard,All campuses summary,All institutions / all campuses,super_admin.dashboard.all_campuses_summary,no,,,,not built,0,,catalogued only. Nothing in “Dashboard” is built yet.,https://temperp.187-127-178-100.sslip.io at 2026-08-17 14:26
Super Admin,Dashboard,Alerts,All institutions / all campuses,super_admin.dashboard.alerts,no,,,,not built,0,,catalogued only. Nothing in “Dashboard” is built yet.,https://temperp.187-127-178-100.sslip.io at 2026-08-17 14:26
Super Admin,Institution Setup,Institutions & campuses,All institutions / all campuses,super_admin.institution_setup.institutions_campuses,yes,setup/Wizard,GET /api/v1/academics/classes GET /api/v1/academics/sections GET /api/v1/academics/subjects GET /api/v1/academics/years GET /api/v1/admin/institutions GET /api/v1/session POST /api/v1/setup/academic-years POST /api/v1/setup/assign-teacher GET/POST /api/v1/setup/campuses PUT /api/v1/setup/campuses/:param GET/PUT /api/v1/setup/class-subjects POST /api/v1/setup/class-teacher POST /api/v1/setup/classes POST /api/v1/setup/employees POST /api/v1/setup/exams GET/POST /api/v1/setup/fee-heads POST /api/v1/setup/fee-structures POST /api/v1/setup/grading-scales GET/PUT /api/v1/setup/institution GET /api/v1/setup/institution/options PUT /api/v1/setup/periods POST /api/v1/setup/sections GET /api/v1/setup/status POST /api/v1/setup/subjects GET /api/v1/timetable/periods GET /api/v1/timetable/teachers,super_admin@vivencia.test,pass,15,admissions faculty finance hod hr institution_admin operations parent seller_admin student,"/api/v1/academics/classes 200, 4 rows; /api/v1/academics/sections 200, 8 rows; /api/v1/academics/subjects 200, 5 rows; /api/v1/academics/years 200, 1 rows; /api/v1/admin/institutions 200, 1 rows; /api/v1/session 200; /api/v1/setup/campuses 200, 1 rows; /api/v1/setup/class-subjects 200, 20 rows; /api/v1/setup/fee-heads 200, 4 rows; /api/v1/setup/institution 200; /api/v1/setup/institution/options 200; /api/v1/setup/status 200; /api/v1/timetable/periods 200, 6 rows; /api/v1/timetable/teachers 200, 7 rows | [ok] setup checklist reports the school operable: 15/15 steps, ready=True",https://temperp.187-127-178-100.sslip.io at 2026-08-17 14:26
Super Admin,Institution Setup,Academic year defaults,All institutions / all campuses,super_admin.institution_setup.academic_year_defaults,yes,setup/Wizard,GET /api/v1/academics/classes GET /api/v1/academics/sections GET /api/v1/academics/subjects GET /api/v1/academics/years GET /api/v1/admin/institutions GET /api/v1/session POST /api/v1/setup/academic-years POST /api/v1/setup/assign-teacher GET/POST /api/v1/setup/campuses PUT /api/v1/setup/campuses/:param GET/PUT /api/v1/setup/class-subjects POST /api/v1/setup/class-teacher POST /api/v1/setup/classes POST /api/v1/setup/employees POST /api/v1/setup/exams GET/POST /api/v1/setup/fee-heads POST /api/v1/setup/fee-structures POST /api/v1/setup/grading-scales GET/PUT /api/v1/setup/institution GET /api/v1/setup/institution/options PUT /api/v1/setup/periods POST /api/v1/setup/sections GET /api/v1/setup/status POST /api/v1/setup/subjects GET /api/v1/timetable/periods GET /api/v1/timetable/teachers,super_admin@vivencia.test,pass,14,admissions faculty finance hod hr institution_admin operations parent seller_admin student,"/api/v1/academics/classes 200, 4 rows; /api/v1/academics/sections 200, 8 rows; /api/v1/academics/subjects 200, 5 rows; /api/v1/academics/years 200, 1 rows; /api/v1/admin/institutions 200, 1 rows; /api/v1/session 200; /api/v1/setup/campuses 200, 1 rows; /api/v1/setup/class-subjects 200, 20 rows; /api/v1/setup/fee-heads 200, 4 rows; /api/v1/setup/institution 200; /api/v1/setup/institution/options 200; /api/v1/setup/status 200; /api/v1/timetable/periods 200, 6 rows; /api/v1/timetable/teachers 200, 7 rows",https://temperp.187-127-178-100.sslip.io at 2026-08-17 14:26
Super Admin,Institution Setup,Branding,All institutions / all campuses,super_admin.institution_setup.branding,no,,,,not built,0,,"catalogued only. 2 of 3 features in “Institution Setup” are working, so the section exists and this is a gap within it.",https://temperp.187-127-178-100.sslip.io at 2026-08-17 14:26
Super Admin,Access & Security,Users,All users,super_admin.access_security.users,yes,super_admin/Users,GET /api/v1/admin/assignable-roles GET /api/v1/admin/role-presets GET/POST /api/v1/admin/users POST /api/v1/admin/users/:param/reset-password PUT /api/v1/admin/users/:param/roles PUT /api/v1/admin/users/:param/status,super_admin@vivencia.test,pass,3,institution_admin,"/api/v1/admin/assignable-roles 200, 21 rows; /api/v1/admin/role-presets 200, 9 rows; /api/v1/admin/users 200, 13 rows",https://temperp.187-127-178-100.sslip.io at 2026-08-17 14:26
Super Admin,Access & Security,Roles & permissions,All users,super_admin.access_security.roles_permissions,yes,super_admin/RolesPermissions,GET /api/v1/admin/roles GET /api/v1/admin/roles/:param/permissions,super_admin@vivencia.test,pass,2,institution_admin,"/api/v1/admin/roles 200, 23 rows; /api/v1/admin/roles/:param/permissions 200, 67 rows",https://temperp.187-127-178-100.sslip.io at 2026-08-17 14:26
Super Admin,Access & Security,Login & session audit,All users,super_admin.access_security.login_session_audit,yes,super_admin/SessionAudit,GET /api/v1/admin/sessions DELETE /api/v1/admin/sessions/:param,super_admin@vivencia.test,pass,1,institution_admin,"/api/v1/admin/sessions 200, 200 rows",https://temperp.187-127-178-100.sslip.io at 2026-08-17 14:26
Super Admin,Access & Security,SSO / MFA,All users,super_admin.access_security.sso_mfa,no,,,,not built,0,,"catalogued only. 3 of 4 features in “Access & Security” are working, so the section exists and this is a gap within it.",https://temperp.187-127-178-100.sslip.io at 2026-08-17 14:26
Super Admin,Platform Configuration,Module configuration,All institutions / all campuses,super_admin.platform_configuration.module_configuration,yes,super_admin/ModuleConfiguration,GET/PUT /api/v1/admin/modules,super_admin@vivencia.test,pass,1,institution_admin seller_admin,"/api/v1/admin/modules 200, no rows",https://temperp.187-127-178-100.sslip.io at 2026-08-17 14:26
Super Admin,Platform Configuration,Integrations,All institutions / all campuses,super_admin.platform_configuration.integrations,no,,,,not built,0,,"catalogued only. 3 of 5 features in “Platform Configuration” are working, so the section exists and this is a gap within it.",https://temperp.187-127-178-100.sslip.io at 2026-08-17 14:26
Super Admin,Platform Configuration,Numbering & templates,All institutions / all campuses,super_admin.platform_configuration.numbering_templates,no,,,,not built,0,,"catalogued only. 3 of 5 features in “Platform Configuration” are working, so the section exists and this is a gap within it.",https://temperp.187-127-178-100.sslip.io at 2026-08-17 14:26
Super Admin,Platform Configuration,Audit log,All institutions / all campuses,super_admin.platform_configuration.audit_log,yes,super_admin/AuditLog,GET /api/v1/admin/audit GET /api/v1/admin/audit/summary,super_admin@vivencia.test,pass,3,institution_admin,"/api/v1/admin/audit 200, 100 rows; /api/v1/admin/audit/summary 200, 13 rows | [ok] the audit trail caught this simulation: 20 recorded, 10 from this simulation",https://temperp.187-127-178-100.sslip.io at 2026-08-17 14:26
Super Admin,Platform Configuration,Data operations,All institutions / all campuses,super_admin.platform_configuration.data_operations,yes,setup/ImportStudents,POST /api/v1/students/import GET /api/v1/students/import/template,super_admin@vivencia.test,pass,1,admissions faculty finance hod institution_admin operations,/api/v1/students/import/template 200,https://temperp.187-127-178-100.sslip.io at 2026-08-17 14:26
Institution Admin / Principal,Dashboard,Executive KPIs,Assigned institution/campus,institution_admin.dashboard.executive_kpis,yes,principal/Dashboard,GET /api/v1/date-ranges GET /api/v1/principal/attendance-trend GET /api/v1/principal/dashboard,institution_admin@vivencia.test,pass,3,admissions faculty finance hod hr operations parent seller_admin student super_admin,"/api/v1/date-ranges 200, 13 rows; /api/v1/principal/attendance-trend 200, 22 rows; /api/v1/principal/dashboard 200",https://temperp.187-127-178-100.sslip.io at 2026-08-17 14:26
Institution Admin / Principal,Dashboard,Needs attention,Assigned institution/campus,institution_admin.dashboard.needs_attention,yes,principal/Dashboard,GET /api/v1/date-ranges GET /api/v1/principal/attendance-trend GET /api/v1/principal/dashboard,institution_admin@vivencia.test,pass,3,admissions faculty finance hod hr operations parent seller_admin student super_admin,"/api/v1/date-ranges 200, 13 rows; /api/v1/principal/attendance-trend 200, 22 rows; /api/v1/principal/dashboard 200",https://temperp.187-127-178-100.sslip.io at 2026-08-17 14:26
Institution Admin / Principal,Dashboard,Today,Assigned institution/campus,institution_admin.dashboard.today,no,,,,not built,0,,"catalogued only. 4 of 5 features in “Dashboard” are working, so the section exists and this is a gap within it.",https://temperp.187-127-178-100.sslip.io at 2026-08-17 14:26
Institution Admin / Principal,Students & Admissions,Student directory & Student 360,Assigned institution/campus,institution_admin.students_admissions.student_directory_student_360,yes,shared/StudentProfile,GET /api/v1/students GET /api/v1/students/:param/profile,institution_admin@vivencia.test,pass,2,,"/api/v1/students 200, 50 rows; /api/v1/students/:param/profile 200",https://temperp.187-127-178-100.sslip.io at 2026-08-17 14:26
Institution Admin / Principal,Students & Admissions,Admissions overview,Assigned institution/campus,institution_admin.students_admissions.admissions_overview,yes,admissions/Pipeline,GET /api/v1/academics/sections POST /api/v1/admissions/workflow/applications/:param/decision POST /api/v1/admissions/workflow/applications/:param/enrol GET /api/v1/admissions/workflow/funnel GET /api/v1/admissions/workflow/merit GET /api/v1/admissions/workflow/seats,institution_admin@vivencia.test,pass,4,admissions faculty finance hod hr operations super_admin,"/api/v1/academics/sections 200, 8 rows; /api/v1/admissions/workflow/funnel 200, 5 rows; /api/v1/admissions/workflow/merit 200, 4 rows; /api/v1/admissions/workflow/seats 200, 4 rows",https://temperp.187-127-178-100.sslip.io at 2026-08-17 14:26
Institution Admin / Principal,Students & Admissions,Enrollment lifecycle,Assigned institution/campus,institution_admin.students_admissions.enrollment_lifecycle,yes,lifecycle/Certificates,GET/POST /api/v1/lifecycle/certificates GET /api/v1/students,institution_admin@vivencia.test,pass,2,admissions faculty finance hod operations super_admin,"/api/v1/lifecycle/certificates 200, 4 rows; /api/v1/students 200, 50 rows",https://temperp.187-127-178-100.sslip.io at 2026-08-17 14:26
Institution Admin / Principal,Students & Admissions,Certificates & documents,Assigned institution/campus,institution_admin.students_admissions.certificates_documents,yes,lifecycle/Certificates,GET/POST /api/v1/lifecycle/certificates GET /api/v1/students,institution_admin@vivencia.test,pass,2,admissions faculty finance hod operations super_admin,"/api/v1/lifecycle/certificates 200, 4 rows; /api/v1/students 200, 50 rows",https://temperp.187-127-178-100.sslip.io at 2026-08-17 14:26
Institution Admin / Principal,Academics,Academic structure,Assigned institution/campus,institution_admin.academics.academic_structure,yes,shared/Academics,GET /api/v1/academics/classes GET /api/v1/academics/sections GET /api/v1/academics/subjects GET /api/v1/academics/years,institution_admin@vivencia.test,pass,4,admissions faculty finance hod hr operations super_admin,"/api/v1/academics/classes 200, 4 rows; /api/v1/academics/sections 200, 8 rows; /api/v1/academics/subjects 200, 5 rows; /api/v1/academics/years 200, 1 rows",https://temperp.187-127-178-100.sslip.io at 2026-08-17 14:26
Institution Admin / Principal,Academics,Faculty allocation,Assigned institution/campus,institution_admin.academics.faculty_allocation,no,,,,not built,0,,"catalogued only. 3 of 12 features in “Academics” are working, so the section exists and this is a gap within it.",https://temperp.187-127-178-100.sslip.io at 2026-08-17 14:26
Institution Admin / Principal,Academics,Timetable,Assigned institution/campus,institution_admin.academics.timetable,yes,shared/Timetable,GET /api/v1/academics/sections GET /api/v1/session GET /api/v1/timetable/entries GET /api/v1/timetable/periods GET /api/v1/timetable/teachers,institution_admin@vivencia.test,pass,5,admissions faculty finance hod hr operations parent seller_admin student super_admin,"/api/v1/academics/sections 200, 8 rows; /api/v1/session 200; /api/v1/timetable/entries 200, 25 rows; /api/v1/timetable/periods 200, 6 rows; /api/v1/timetable/teachers 200, 7 rows",https://temperp.187-127-178-100.sslip.io at 2026-08-17 14:26
Institution Admin / Principal,Academics,Academic calendar,Assigned institution/campus,institution_admin.academics.academic_calendar,no,,,,not built,0,,"catalogued only. 3 of 12 features in “Academics” are working, so the section exists and this is a gap within it.",https://temperp.187-127-178-100.sslip.io at 2026-08-17 14:26
Institution Admin / Principal,Academic Monitoring,Attendance monitoring,Assigned institution/campus,institution_admin.academic_monitoring.attendance_monitoring,yes,principal/AttendanceMonitoring,GET /api/v1/principal/attendance-shortage,institution_admin@vivencia.test,pass,1,finance hod hr seller_admin super_admin,"/api/v1/principal/attendance-shortage 200, no rows",https://temperp.187-127-178-100.sslip.io at 2026-08-17 14:26
Institution Admin / Principal,Academic Monitoring,Attendance corrections,Assigned institution/campus,institution_admin.academic_monitoring.attendance_corrections,no,,,,not built,0,,"catalogued only. 2 of 4 features in “Academic Monitoring” are working, so the section exists and this is a gap within it.",https://temperp.187-127-178-100.sslip.io at 2026-08-17 14:26
Institution Admin / Principal,Academic Monitoring,Exams & result status,Assigned institution/campus,institution_admin.academic_monitoring.exams_result_status,yes,exams/ReportCards,GET /api/v1/academics/sections GET /api/v1/exams/list GET /api/v1/exams/report-cards POST /api/v1/exams/report-cards/generate,institution_admin@vivencia.test,pass,3,admissions faculty finance hod hr operations super_admin,"/api/v1/academics/sections 200, 8 rows; /api/v1/exams/list 200, 1 rows; /api/v1/exams/report-cards 200, no rows",https://temperp.187-127-178-100.sslip.io at 2026-08-17 14:26
Institution Admin / Principal,Academic Monitoring,Performance overview,Assigned institution/campus,institution_admin.academic_monitoring.performance_overview,no,,,,not built,0,,"catalogued only. 2 of 4 features in “Academic Monitoring” are working, so the section exists and this is a gap within it.",https://temperp.187-127-178-100.sslip.io at 2026-08-17 14:26
Institution Admin / Principal,Administration,Fee overview,Assigned institution/campus,institution_admin.administration.fee_overview,no,,,,not built,0,,"catalogued only. 6 of 14 features in “Administration” are working, so the section exists and this is a gap within it.",https://temperp.187-127-178-100.sslip.io at 2026-08-17 14:26
Institution Admin / Principal,Administration,Staff overview,Assigned institution/campus,institution_admin.administration.staff_overview,yes,principal/StaffWorkload,GET /api/v1/principal/staff-workload,institution_admin@vivencia.test,pass,1,finance hod hr seller_admin super_admin,"/api/v1/principal/staff-workload 200, 7 rows",https://temperp.187-127-178-100.sslip.io at 2026-08-17 14:26
Institution Admin / Principal,Administration,Approvals center,Assigned institution/campus,institution_admin.administration.approvals_center,yes,workflow/Approvals,GET /api/v1/workflow/approvals,institution_admin@vivencia.test,pass,2,admissions faculty finance hod hr operations parent seller_admin student super_admin,"/api/v1/workflow/approvals 200, no rows | [ok] principal opens the approvals queue: 0 items waiting",https://temperp.187-127-178-100.sslip.io at 2026-08-17 14:26
Institution Admin / Principal,Administration,Communication,Assigned institution/campus,institution_admin.administration.communication,yes,comms/Circulars,GET /api/v1/academics/sections GET/POST /api/v1/communication/circulars GET /api/v1/session,institution_admin@vivencia.test,pass,3,admissions faculty finance hod hr operations parent seller_admin student super_admin,"/api/v1/academics/sections 200, 8 rows; /api/v1/communication/circulars 200, 4 rows; /api/v1/session 200",https://temperp.187-127-178-100.sslip.io at 2026-08-17 14:26
Institution Admin / Principal,Administration,Reports,Assigned institution/campus,institution_admin.administration.reports,no,,,,not built,0,,"catalogued only. 6 of 14 features in “Administration” are working, so the section exists and this is a gap within it.",https://temperp.187-127-178-100.sslip.io at 2026-08-17 14:26
HOD / Department Head,Dashboard,Department KPIs,Assigned department only,hod.dashboard.department_kpis,yes,hod/Department,GET /api/v1/department/dashboard GET /api/v1/department/faculty,hod@vivencia.test,pass,2,hr institution_admin super_admin,"/api/v1/department/dashboard 200; /api/v1/department/faculty 200, 2 rows",https://temperp.187-127-178-100.sslip.io at 2026-08-17 14:26
HOD / Department Head,Dashboard,Needs attention,Assigned department only,hod.dashboard.needs_attention,no,,,,not built,0,,"catalogued only. 1 of 2 features in “Dashboard” are working, so the section exists and this is a gap within it.",https://temperp.187-127-178-100.sslip.io at 2026-08-17 14:26
HOD / Department Head,Department Workspace,Department academics,Assigned department only,hod.department_workspace.department_academics,no,,,,not built,0,,"catalogued only. 3 of 12 features in “Department Workspace” are working, so the section exists and this is a gap within it.",https://temperp.187-127-178-100.sslip.io at 2026-08-17 14:26
HOD / Department Head,Department Workspace,Faculty directory,Assigned department only,hod.department_workspace.faculty_directory,yes,hod/Department,GET /api/v1/department/dashboard GET /api/v1/department/faculty,hod@vivencia.test,pass,2,hr institution_admin super_admin,"/api/v1/department/dashboard 200; /api/v1/department/faculty 200, 2 rows",https://temperp.187-127-178-100.sslip.io at 2026-08-17 14:26
HOD / Department Head,Department Workspace,Faculty allocation & workload,Assigned department only,hod.department_workspace.faculty_allocation_workload,yes,hod/Department,GET /api/v1/department/dashboard GET /api/v1/department/faculty,hod@vivencia.test,pass,2,hr institution_admin super_admin,"/api/v1/department/dashboard 200; /api/v1/department/faculty 200, 2 rows",https://temperp.187-127-178-100.sslip.io at 2026-08-17 14:26
HOD / Department Head,Department Workspace,Department timetable,Assigned department only,hod.department_workspace.department_timetable,no,,,,not built,0,,"catalogued only. 3 of 12 features in “Department Workspace” are working, so the section exists and this is a gap within it.",https://temperp.187-127-178-100.sslip.io at 2026-08-17 14:26
HOD / Department Head,Department Workspace,Department students,Assigned department only,hod.department_workspace.department_students,no,,,,not built,0,,"catalogued only. 3 of 12 features in “Department Workspace” are working, so the section exists and this is a gap within it.",https://temperp.187-127-178-100.sslip.io at 2026-08-17 14:26
HOD / Department Head,Department Workspace,Attendance monitoring,Assigned department only,hod.department_workspace.attendance_monitoring,no,,,,not built,0,,"catalogued only. 3 of 12 features in “Department Workspace” are working, so the section exists and this is a gap within it.",https://temperp.187-127-178-100.sslip.io at 2026-08-17 14:26
HOD / Department Head,Department Workspace,Exams & marks monitoring,Assigned department only,hod.department_workspace.exams_marks_monitoring,no,,,,not built,0,,"catalogued only. 3 of 12 features in “Department Workspace” are working, so the section exists and this is a gap within it.",https://temperp.187-127-178-100.sslip.io at 2026-08-17 14:26
HOD / Department Head,Department Workspace,Performance analytics,Assigned department only,hod.department_workspace.performance_analytics,no,,,,not built,0,,"catalogued only. 3 of 12 features in “Department Workspace” are working, so the section exists and this is a gap within it.",https://temperp.187-127-178-100.sslip.io at 2026-08-17 14:26
HOD / Department Head,Department Workspace,Approvals,Assigned department only,hod.department_workspace.approvals,yes,workflow/Approvals,GET /api/v1/workflow/approvals,hod@vivencia.test,pass,1,admissions faculty finance hr institution_admin operations parent seller_admin student super_admin,"/api/v1/workflow/approvals 200, no rows",https://temperp.187-127-178-100.sslip.io at 2026-08-17 14:26
HOD / Department Head,Department Workspace,Communication,Assigned department only,hod.department_workspace.communication,no,,,,not built,0,,"catalogued only. 3 of 12 features in “Department Workspace” are working, so the section exists and this is a gap within it.",https://temperp.187-127-178-100.sslip.io at 2026-08-17 14:26
HOD / Department Head,Department Workspace,OBE / outcomes,Assigned department only,hod.department_workspace.obe_outcomes,no,,,,not built,0,,"catalogued only. 3 of 12 features in “Department Workspace” are working, so the section exists and this is a gap within it.",https://temperp.187-127-178-100.sslip.io at 2026-08-17 14:26
HOD / Department Head,Department Workspace,Department reports,Assigned department only,hod.department_workspace.department_reports,no,,,,not built,0,,"catalogued only. 3 of 12 features in “Department Workspace” are working, so the section exists and this is a gap within it.",https://temperp.187-127-178-100.sslip.io at 2026-08-17 14:26
Faculty / Teacher,Dashboard,Today's classes,Self + assigned classes/subjects,faculty.dashboard.todays_classes,yes,faculty/TodaysClasses,GET /api/v1/teaching/classes GET /api/v1/teaching/today,faculty@vivencia.test,pass,2,hod institution_admin student super_admin,"/api/v1/teaching/classes 200, 2 rows; /api/v1/teaching/today 200, 5 rows",https://temperp.187-127-178-100.sslip.io at 2026-08-17 14:26
Faculty / Teacher,Dashboard,My work,Self + assigned classes/subjects,faculty.dashboard.my_work,yes,faculty/MyWork,GET /api/v1/teaching/my-work,faculty@vivencia.test,pass,1,hod institution_admin student super_admin,"/api/v1/teaching/my-work 200, 8 rows",https://temperp.187-127-178-100.sslip.io at 2026-08-17 14:26
Faculty / Teacher,Teaching Workspace,My timetable,Self + assigned classes/subjects,faculty.teaching_workspace.my_timetable,yes,shared/Timetable,GET /api/v1/academics/sections GET /api/v1/session GET /api/v1/timetable/entries GET /api/v1/timetable/periods GET /api/v1/timetable/teachers,faculty@vivencia.test,pass,5,admissions finance hod hr institution_admin operations parent seller_admin student super_admin,"/api/v1/academics/sections 200, 8 rows; /api/v1/session 200; /api/v1/timetable/entries 200, 25 rows; /api/v1/timetable/periods 200, 6 rows; /api/v1/timetable/teachers 200, 7 rows",https://temperp.187-127-178-100.sslip.io at 2026-08-17 14:26
Faculty / Teacher,Teaching Workspace,Take attendance,Self + assigned classes/subjects,faculty.teaching_workspace.take_attendance,yes,shared/Attendance,GET /api/v1/academics/sections GET/POST /api/v1/attendance GET /api/v1/students,faculty@vivencia.test,pass,5,admissions finance hod hr institution_admin operations super_admin,"/api/v1/academics/sections 200, 8 rows; /api/v1/attendance 200, 26 rows; /api/v1/students 200, 38 rows | [ok] class teacher marks the morning register: 27 marked in Grade 6-A, 1 absent | [ok] a teacher cannot mark a section they do not teach: teacher already sees every section (single-section demo)",https://temperp.187-127-178-100.sslip.io at 2026-08-17 14:26
Faculty / Teacher,Teaching Workspace,Attendance correction,Self + assigned classes/subjects,faculty.teaching_workspace.attendance_correction,no,,,,not built,0,,"catalogued only. 15 of 51 features in “Teaching Workspace” are working, so the section exists and this is a gap within it.",https://temperp.187-127-178-100.sslip.io at 2026-08-17 14:26
Faculty / Teacher,Teaching Workspace,My classes,Self + assigned classes/subjects,faculty.teaching_workspace.my_classes,yes,faculty/TodaysClasses,GET /api/v1/teaching/classes GET /api/v1/teaching/today,faculty@vivencia.test,pass,2,hod institution_admin student super_admin,"/api/v1/teaching/classes 200, 2 rows; /api/v1/teaching/today 200, 5 rows",https://temperp.187-127-178-100.sslip.io at 2026-08-17 14:26
Faculty / Teacher,Teaching Workspace,Homework / classwork,Self + assigned classes/subjects,faculty.teaching_workspace.homework_classwork,yes,workflow/Homework,GET /api/v1/academics/sections GET /api/v1/academics/subjects GET/POST /api/v1/homework POST /api/v1/homework/:param/submit GET /api/v1/session,faculty@vivencia.test,pass,5,admissions finance hod hr institution_admin operations parent seller_admin student super_admin,"/api/v1/academics/sections 200, 8 rows; /api/v1/academics/subjects 200, 5 rows; /api/v1/homework 200, 10 rows; /api/v1/session 200 | [ok] teacher sets homework, child turns it in: published, seen by the child, 1 submitted",https://temperp.187-127-178-100.sslip.io at 2026-08-17 14:26
Faculty / Teacher,Teaching Workspace,Assignments & submissions,Self + assigned classes/subjects,faculty.teaching_workspace.assignments_submissions,no,,,,not built,0,,"catalogued only. 15 of 51 features in “Teaching Workspace” are working, so the section exists and this is a gap within it.",https://temperp.187-127-178-100.sslip.io at 2026-08-17 14:26
Faculty / Teacher,Teaching Workspace,Lesson plans / content,Self + assigned classes/subjects,faculty.teaching_workspace.lesson_plans_content,no,,,,not built,0,,"catalogued only. 15 of 51 features in “Teaching Workspace” are working, so the section exists and this is a gap within it.",https://temperp.187-127-178-100.sslip.io at 2026-08-17 14:26
Faculty / Teacher,Teaching Workspace,Marks entry,Self + assigned classes/subjects,faculty.teaching_workspace.marks_entry,yes,exams/Gradebook,GET /api/v1/exams/gradebook POST /api/v1/exams/marks GET /api/v1/exams/subjects,faculty@vivencia.test,pass,3,hod institution_admin super_admin,"/api/v1/exams/gradebook 200, 38 rows; /api/v1/exams/subjects 200, 20 rows | [ok] teacher enters marks for a paper: 39 on the paper, entry HTTP 200",https://temperp.187-127-178-100.sslip.io at 2026-08-17 14:26
Faculty / Teacher,Teaching Workspace,Gradebook,Self + assigned classes/subjects,faculty.teaching_workspace.gradebook,yes,exams/Gradebook,GET /api/v1/exams/gradebook POST /api/v1/exams/marks GET /api/v1/exams/subjects,faculty@vivencia.test,pass,2,hod institution_admin super_admin,"/api/v1/exams/gradebook 200, 38 rows; /api/v1/exams/subjects 200, 20 rows",https://temperp.187-127-178-100.sslip.io at 2026-08-17 14:26
Faculty / Teacher,Teaching Workspace,Student progress,Self + assigned classes/subjects,faculty.teaching_workspace.student_progress,no,,,,not built,0,,"catalogued only. 15 of 51 features in “Teaching Workspace” are working, so the section exists and this is a gap within it.",https://temperp.187-127-178-100.sslip.io at 2026-08-17 14:26
Faculty / Teacher,Teaching Workspace,Remarks,Self + assigned classes/subjects,faculty.teaching_workspace.remarks,no,,,,not built,0,,"catalogued only. 15 of 51 features in “Teaching Workspace” are working, so the section exists and this is a gap within it.",https://temperp.187-127-178-100.sslip.io at 2026-08-17 14:26
Faculty / Teacher,Teaching Workspace,Communication,Self + assigned classes/subjects,faculty.teaching_workspace.communication,no,,,,not built,0,,"catalogued only. 15 of 51 features in “Teaching Workspace” are working, so the section exists and this is a gap within it.",https://temperp.187-127-178-100.sslip.io at 2026-08-17 14:26
Faculty / Teacher,Teaching Workspace,Leave & self service,Self + assigned classes/subjects,faculty.teaching_workspace.leave_self_service,no,,,,not built,1,,"catalogued only. 15 of 51 features in “Teaching Workspace” are working, so the section exists and this is a gap within it.",https://temperp.187-127-178-100.sslip.io at 2026-08-17 14:26
Student,Dashboard,My day,Self only,student.dashboard.my_day,yes,portal/Portal,GET /api/v1/portal/attendance GET /api/v1/portal/students GET /api/v1/portal/summary,student@vivencia.test,pass,3,admissions faculty finance hod hr institution_admin operations parent seller_admin super_admin,"/api/v1/portal/attendance no demo record to address; /api/v1/portal/students 200, 1 rows; /api/v1/portal/summary 200",https://temperp.187-127-178-100.sslip.io at 2026-08-17 14:26
Student,Dashboard,Action reminders,Self only,student.dashboard.action_reminders,yes,portal/Portal,GET /api/v1/portal/attendance GET /api/v1/portal/students GET /api/v1/portal/summary,student@vivencia.test,pass,3,admissions faculty finance hod hr institution_admin operations parent seller_admin super_admin,"/api/v1/portal/attendance no demo record to address; /api/v1/portal/students 200, 1 rows; /api/v1/portal/summary 200",https://temperp.187-127-178-100.sslip.io at 2026-08-17 14:26
Student,Student Self Service,Timetable,Self only,student.student_self_service.timetable,yes,shared/Timetable,GET /api/v1/academics/sections GET /api/v1/session GET /api/v1/timetable/entries GET /api/v1/timetable/periods GET /api/v1/timetable/teachers,student@vivencia.test,pass,5,admissions faculty finance hod hr institution_admin operations parent seller_admin super_admin,"/api/v1/academics/sections 403 to student — sub-view for staff only; /api/v1/session 200; /api/v1/timetable/entries 200, 25 rows; /api/v1/timetable/periods 200, 6 rows; /api/v1/timetable/teachers 200, 7 rows",https://temperp.187-127-178-100.sslip.io at 2026-08-17 14:26
Student,Student Self Service,Attendance,Self only,student.student_self_service.attendance,yes,portal/Portal,GET /api/v1/portal/attendance GET /api/v1/portal/students GET /api/v1/portal/summary,student@vivencia.test,pass,3,admissions faculty finance hod hr institution_admin operations parent seller_admin super_admin,"/api/v1/portal/attendance no demo record to address; /api/v1/portal/students 200, 1 rows; /api/v1/portal/summary 200",https://temperp.187-127-178-100.sslip.io at 2026-08-17 14:26
Student,Student Self Service,Courses / subjects,Self only,student.student_self_service.courses_subjects,no,,,,not built,0,,"catalogued only. 7 of 12 features in “Student Self Service” are working, so the section exists and this is a gap within it.",https://temperp.187-127-178-100.sslip.io at 2026-08-17 14:26
Student,Student Self Service,Homework & assignments,Self only,student.student_self_service.homework_assignments,yes,workflow/Homework,GET /api/v1/academics/sections GET /api/v1/academics/subjects GET/POST /api/v1/homework POST /api/v1/homework/:param/submit GET /api/v1/session,student@vivencia.test,pass,5,admissions faculty finance hod hr institution_admin operations parent seller_admin super_admin,"/api/v1/academics/sections 403 to student — sub-view for staff only; /api/v1/academics/subjects 403 to student — sub-view for staff only; /api/v1/homework 200, 10 rows; /api/v1/session 200 | [ok] teacher sets homework, child turns it in: published, seen by the child, 1 submitted",https://temperp.187-127-178-100.sslip.io at 2026-08-17 14:26
Student,Student Self Service,Exams & grades,Self only,student.student_self_service.exams_grades,yes,portal/Results,GET /api/v1/portal/results GET /api/v1/portal/students,student@vivencia.test,pass,2,admissions faculty finance hod hr institution_admin operations parent seller_admin super_admin,"/api/v1/portal/results no demo record to address; /api/v1/portal/students 200, 1 rows",https://temperp.187-127-178-100.sslip.io at 2026-08-17 14:26
Student,Student Self Service,Academic record,Self only,student.student_self_service.academic_record,no,,,,not built,0,,"catalogued only. 7 of 12 features in “Student Self Service” are working, so the section exists and this is a gap within it.",https://temperp.187-127-178-100.sslip.io at 2026-08-17 14:26
Student,Student Self Service,Fees,Self only,student.student_self_service.fees,yes,portal/Fees,GET /api/v1/portal/fees GET /api/v1/portal/students,student@vivencia.test,pass,2,admissions faculty finance hod hr institution_admin operations parent seller_admin super_admin,"/api/v1/portal/fees no demo record to address; /api/v1/portal/students 200, 1 rows",https://temperp.187-127-178-100.sslip.io at 2026-08-17 14:26
Student,Student Self Service,Calendar,Self only,student.student_self_service.calendar,no,,,,not built,0,,"catalogued only. 7 of 12 features in “Student Self Service” are working, so the section exists and this is a gap within it.",https://temperp.187-127-178-100.sslip.io at 2026-08-17 14:26
Student,Student Self Service,Requests,Self only,student.student_self_service.requests,no,,,,not built,0,,"catalogued only. 7 of 12 features in “Student Self Service” are working, so the section exists and this is a gap within it.",https://temperp.187-127-178-100.sslip.io at 2026-08-17 14:26
Student,Student Self Service,Documents,Self only,student.student_self_service.documents,no,,,,not built,0,,"catalogued only. 7 of 12 features in “Student Self Service” are working, so the section exists and this is a gap within it.",https://temperp.187-127-178-100.sslip.io at 2026-08-17 14:26
Student,Student Self Service,Announcements & messages,Self only,student.student_self_service.announcements_messages,yes,comms/Circulars,GET /api/v1/academics/sections GET/POST /api/v1/communication/circulars GET /api/v1/session,student@vivencia.test,pass,3,admissions faculty finance hod hr institution_admin operations parent seller_admin super_admin,"/api/v1/academics/sections 403 to student — sub-view for staff only; /api/v1/communication/circulars 200, 4 rows; /api/v1/session 200",https://temperp.187-127-178-100.sslip.io at 2026-08-17 14:26
Student,Student Self Service,Profile,Self only,student.student_self_service.profile,yes,shared/Profile,GET /api/v1/profile POST /api/v1/profile/password,student@vivencia.test,pass,1,admissions faculty finance hod hr institution_admin operations parent seller_admin super_admin,/api/v1/profile 200,https://temperp.187-127-178-100.sslip.io at 2026-08-17 14:26
Parent / Guardian,Dashboard,Child switcher,Linked child/children only,parent.dashboard.child_switcher,yes,portal/Portal,GET /api/v1/portal/attendance GET /api/v1/portal/students GET /api/v1/portal/summary,parent@vivencia.test,pass,3,admissions faculty finance hod hr institution_admin operations seller_admin student super_admin,"/api/v1/portal/attendance no demo record to address; /api/v1/portal/students 200, 4 rows; /api/v1/portal/summary 200",https://temperp.187-127-178-100.sslip.io at 2026-08-17 14:26
Parent / Guardian,Dashboard,Child summary,Linked child/children only,parent.dashboard.child_summary,yes,portal/Portal,GET /api/v1/portal/attendance GET /api/v1/portal/students GET /api/v1/portal/summary,parent@vivencia.test,pass,4,admissions faculty finance hod hr institution_admin operations seller_admin student super_admin,"/api/v1/portal/attendance no demo record to address; /api/v1/portal/students 200, 4 rows; /api/v1/portal/summary 200 | [ok] parent opens the portal for their own child: 4 child(ren), attendance HTTP 200",https://temperp.187-127-178-100.sslip.io at 2026-08-17 14:26
Parent / Guardian,Dashboard,Needs attention,Linked child/children only,parent.dashboard.needs_attention,yes,portal/Portal,GET /api/v1/portal/attendance GET /api/v1/portal/students GET /api/v1/portal/summary,parent@vivencia.test,pass,3,admissions faculty finance hod hr institution_admin operations seller_admin student super_admin,"/api/v1/portal/attendance no demo record to address; /api/v1/portal/students 200, 4 rows; /api/v1/portal/summary 200",https://temperp.187-127-178-100.sslip.io at 2026-08-17 14:26
Parent / Guardian,Parent Self Service,Attendance,Linked child/children only,parent.parent_self_service.attendance,yes,portal/Portal,GET /api/v1/portal/attendance GET /api/v1/portal/students GET /api/v1/portal/summary,parent@vivencia.test,pass,4,admissions faculty finance hod hr institution_admin operations seller_admin student super_admin,"/api/v1/portal/attendance no demo record to address; /api/v1/portal/students 200, 4 rows; /api/v1/portal/summary 200 | [ok] parent opens the portal for their own child: 4 child(ren), attendance HTTP 200",https://temperp.187-127-178-100.sslip.io at 2026-08-17 14:26
Parent / Guardian,Parent Self Service,Homework & academics,Linked child/children only,parent.parent_self_service.homework_academics,yes,workflow/Homework,GET /api/v1/academics/sections GET /api/v1/academics/subjects GET/POST /api/v1/homework POST /api/v1/homework/:param/submit GET /api/v1/session,parent@vivencia.test,pass,4,admissions faculty finance hod hr institution_admin operations seller_admin student super_admin,"/api/v1/academics/sections 403 to parent — sub-view for staff only; /api/v1/academics/subjects 403 to parent — sub-view for staff only; /api/v1/homework 200, 10 rows; /api/v1/session 200",https://temperp.187-127-178-100.sslip.io at 2026-08-17 14:26
Parent / Guardian,Parent Self Service,Results & report cards,Linked child/children only,parent.parent_self_service.results_report_cards,yes,portal/Results,GET /api/v1/portal/results GET /api/v1/portal/students,parent@vivencia.test,pass,2,admissions faculty finance hod hr institution_admin operations seller_admin student super_admin,"/api/v1/portal/results no demo record to address; /api/v1/portal/students 200, 4 rows",https://temperp.187-127-178-100.sslip.io at 2026-08-17 14:26
Parent / Guardian,Parent Self Service,Fees & payments,Linked child/children only,parent.parent_self_service.fees_payments,yes,portal/Fees,GET /api/v1/portal/fees GET /api/v1/portal/students,parent@vivencia.test,pass,2,admissions faculty finance hod hr institution_admin operations seller_admin student super_admin,"/api/v1/portal/fees no demo record to address; /api/v1/portal/students 200, 4 rows",https://temperp.187-127-178-100.sslip.io at 2026-08-17 14:26
Parent / Guardian,Parent Self Service,Calendar & PTM,Linked child/children only,parent.parent_self_service.calendar_ptm,no,,,,not built,0,,"catalogued only. 5 of 9 features in “Parent Self Service” are working, so the section exists and this is a gap within it.",https://temperp.187-127-178-100.sslip.io at 2026-08-17 14:26
Parent / Guardian,Parent Self Service,Communication,Linked child/children only,parent.parent_self_service.communication,yes,comms/Circulars,GET /api/v1/academics/sections GET/POST /api/v1/communication/circulars GET /api/v1/session,parent@vivencia.test,pass,3,admissions faculty finance hod hr institution_admin operations seller_admin student super_admin,"/api/v1/academics/sections 403 to parent — sub-view for staff only; /api/v1/communication/circulars 200, 4 rows; /api/v1/session 200",https://temperp.187-127-178-100.sslip.io at 2026-08-17 14:26
Parent / Guardian,Parent Self Service,Consent & acknowledgement,Linked child/children only,parent.parent_self_service.consent_acknowledgement,no,,,,not built,0,,"catalogued only. 5 of 9 features in “Parent Self Service” are working, so the section exists and this is a gap within it.",https://temperp.187-127-178-100.sslip.io at 2026-08-17 14:26
Parent / Guardian,Parent Self Service,Requests,Linked child/children only,parent.parent_self_service.requests,no,,,,not built,0,,"catalogued only. 5 of 9 features in “Parent Self Service” are working, so the section exists and this is a gap within it.",https://temperp.187-127-178-100.sslip.io at 2026-08-17 14:26
Parent / Guardian,Parent Self Service,Transport snapshot,Linked child/children only,parent.parent_self_service.transport_snapshot,no,,,,not built,0,,"catalogued only. 5 of 9 features in “Parent Self Service” are working, so the section exists and this is a gap within it.",https://temperp.187-127-178-100.sslip.io at 2026-08-17 14:26
Accounts & Finance,Dashboard,Finance KPIs,Assigned institution/campus finance scope,finance.dashboard.finance_kpis,yes,finance/Dashboard,GET /api/v1/date-ranges GET /api/v1/finance/dashboard GET /api/v1/finance/invoices,finance@vivencia.test,pass,3,admissions faculty hod hr institution_admin operations parent seller_admin student super_admin,"/api/v1/date-ranges 200, 13 rows; /api/v1/finance/dashboard 200; /api/v1/finance/invoices 200, 101 rows",https://temperp.187-127-178-100.sslip.io at 2026-08-17 14:26
Accounts & Finance,Dashboard,Needs attention,Assigned institution/campus finance scope,finance.dashboard.needs_attention,yes,finance/Dashboard,GET /api/v1/date-ranges GET /api/v1/finance/dashboard GET /api/v1/finance/invoices,finance@vivencia.test,pass,3,admissions faculty hod hr institution_admin operations parent seller_admin student super_admin,"/api/v1/date-ranges 200, 13 rows; /api/v1/finance/dashboard 200; /api/v1/finance/invoices 200, 101 rows",https://temperp.187-127-178-100.sslip.io at 2026-08-17 14:26
Accounts & Finance,Fee & Finance Workspace,Fee structures & schedules,Assigned institution/campus finance scope,finance.fee_finance_workspace.fee_structures_schedules,no,,,,not built,0,,"catalogued only. 5 of 13 features in “Fee & Finance Workspace” are working, so the section exists and this is a gap within it.",https://temperp.187-127-178-100.sslip.io at 2026-08-17 14:26
Accounts & Finance,Fee & Finance Workspace,Demand / invoice generation,Assigned institution/campus finance scope,finance.fee_finance_workspace.demand_invoice_generation,no,,,,not built,0,,"catalogued only. 5 of 13 features in “Fee & Finance Workspace” are working, so the section exists and this is a gap within it.",https://temperp.187-127-178-100.sslip.io at 2026-08-17 14:26
Accounts & Finance,Fee & Finance Workspace,Student ledger,Assigned institution/campus finance scope,finance.fee_finance_workspace.student_ledger,yes,finance/FeeCounter,POST /api/v1/fees/payments GET /api/v1/fees/receipts/:param GET /api/v1/fees/students/:param/ledger GET /api/v1/students,finance@vivencia.test,pass,3,institution_admin super_admin,"/api/v1/fees/receipts/:param 200; /api/v1/fees/students/:param/ledger 200, 6 rows; /api/v1/students 200, 50 rows",https://temperp.187-127-178-100.sslip.io at 2026-08-17 14:26
Accounts & Finance,Fee & Finance Workspace,Collect payment,Assigned institution/campus finance scope,finance.fee_finance_workspace.collect_payment,yes,finance/FeeCounter,POST /api/v1/fees/payments GET /api/v1/fees/receipts/:param GET /api/v1/fees/students/:param/ledger GET /api/v1/students,finance@vivencia.test,pass,3,institution_admin super_admin,"/api/v1/fees/receipts/:param 200; /api/v1/fees/students/:param/ledger 200, 6 rows; /api/v1/students 200, 50 rows",https://temperp.187-127-178-100.sslip.io at 2026-08-17 14:26
Accounts & Finance,Fee & Finance Workspace,Online payments,Assigned institution/campus finance scope,finance.fee_finance_workspace.online_payments,no,,,,not built,0,,"catalogued only. 5 of 13 features in “Fee & Finance Workspace” are working, so the section exists and this is a gap within it.",https://temperp.187-127-178-100.sslip.io at 2026-08-17 14:26
Accounts & Finance,Fee & Finance Workspace,Receipts,Assigned institution/campus finance scope,finance.fee_finance_workspace.receipts,yes,finance/FeeCounter,POST /api/v1/fees/payments GET /api/v1/fees/receipts/:param GET /api/v1/fees/students/:param/ledger GET /api/v1/students,finance@vivencia.test,pass,4,institution_admin super_admin,"/api/v1/fees/receipts/:param 200; /api/v1/fees/students/:param/ledger 200, 6 rows; /api/v1/students 200, 50 rows | [ok] cashier takes ₹1,000 at the counter: receipt RCPT/2026-27/00020, reprint HTTP 200",https://temperp.187-127-178-100.sslip.io at 2026-08-17 14:26
Accounts & Finance,Fee & Finance Workspace,Partial & advance payments,Assigned institution/campus finance scope,finance.fee_finance_workspace.partial_advance_payments,yes,finance/FeeCounter,POST /api/v1/fees/payments GET /api/v1/fees/receipts/:param GET /api/v1/fees/students/:param/ledger GET /api/v1/students,finance@vivencia.test,pass,3,institution_admin super_admin,"/api/v1/fees/receipts/:param 200; /api/v1/fees/students/:param/ledger 200, 6 rows; /api/v1/students 200, 50 rows",https://temperp.187-127-178-100.sslip.io at 2026-08-17 14:26
Accounts & Finance,Fee & Finance Workspace,Discounts / scholarships,Assigned institution/campus finance scope,finance.fee_finance_workspace.discounts_scholarships,no,,,,not built,0,,"catalogued only. 5 of 13 features in “Fee & Finance Workspace” are working, so the section exists and this is a gap within it.",https://temperp.187-127-178-100.sslip.io at 2026-08-17 14:26
Accounts & Finance,Fee & Finance Workspace,Refunds,Assigned institution/campus finance scope,finance.fee_finance_workspace.refunds,no,,,,not built,0,,"catalogued only. 5 of 13 features in “Fee & Finance Workspace” are working, so the section exists and this is a gap within it.",https://temperp.187-127-178-100.sslip.io at 2026-08-17 14:26
Accounts & Finance,Fee & Finance Workspace,Defaulters & reminders,Assigned institution/campus finance scope,finance.fee_finance_workspace.defaulters_reminders,yes,finance/Defaulters,GET /api/v1/fees/defaulters,finance@vivencia.test,pass,1,institution_admin super_admin,"/api/v1/fees/defaulters 200, 27 rows",https://temperp.187-127-178-100.sslip.io at 2026-08-17 14:26
Accounts & Finance,Fee & Finance Workspace,Reconciliation,Assigned institution/campus finance scope,finance.fee_finance_workspace.reconciliation,no,,,,not built,0,,"catalogued only. 5 of 13 features in “Fee & Finance Workspace” are working, so the section exists and this is a gap within it.",https://temperp.187-127-178-100.sslip.io at 2026-08-17 14:26
Accounts & Finance,Fee & Finance Workspace,Expenses / accounting,Assigned institution/campus finance scope,finance.fee_finance_workspace.expenses_accounting,no,,,,not built,0,,"catalogued only. 5 of 13 features in “Fee & Finance Workspace” are working, so the section exists and this is a gap within it.",https://temperp.187-127-178-100.sslip.io at 2026-08-17 14:26
Accounts & Finance,Fee & Finance Workspace,Finance reports,Assigned institution/campus finance scope,finance.fee_finance_workspace.finance_reports,no,,,,not built,0,,"catalogued only. 5 of 13 features in “Fee & Finance Workspace” are working, so the section exists and this is a gap within it.",https://temperp.187-127-178-100.sslip.io at 2026-08-17 14:26
Admissions & Front Office,Dashboard,Admissions KPIs,Assigned institution/campus admissions scope,admissions.dashboard.admissions_kpis,yes,admissions/Dashboard,GET /api/v1/admissions/dashboard GET /api/v1/admissions/enquiries,admissions@vivencia.test,pass,2,institution_admin super_admin,"/api/v1/admissions/dashboard 200; /api/v1/admissions/enquiries 200, 14 rows",https://temperp.187-127-178-100.sslip.io at 2026-08-17 14:26
Admissions & Front Office,Dashboard,Follow-ups,Assigned institution/campus admissions scope,admissions.dashboard.follow_ups,yes,admissions/Dashboard,GET /api/v1/admissions/dashboard GET /api/v1/admissions/enquiries,admissions@vivencia.test,pass,2,institution_admin super_admin,"/api/v1/admissions/dashboard 200; /api/v1/admissions/enquiries 200, 14 rows",https://temperp.187-127-178-100.sslip.io at 2026-08-17 14:26
Admissions & Front Office,Admissions Workspace,Enquiries / leads,Assigned institution/campus admissions scope,admissions.admissions_workspace.enquiries_leads,yes,admissions/Dashboard,GET /api/v1/admissions/dashboard GET /api/v1/admissions/enquiries,admissions@vivencia.test,pass,2,institution_admin super_admin,"/api/v1/admissions/dashboard 200; /api/v1/admissions/enquiries 200, 14 rows",https://temperp.187-127-178-100.sslip.io at 2026-08-17 14:26
Admissions & Front Office,Admissions Workspace,Applications,Assigned institution/campus admissions scope,admissions.admissions_workspace.applications,yes,admissions/Pipeline,GET /api/v1/academics/sections POST /api/v1/admissions/workflow/applications/:param/decision POST /api/v1/admissions/workflow/applications/:param/enrol GET /api/v1/admissions/workflow/funnel GET /api/v1/admissions/workflow/merit GET /api/v1/admissions/workflow/seats,admissions@vivencia.test,pass,4,faculty finance hod hr institution_admin operations super_admin,"/api/v1/academics/sections 200, 8 rows; /api/v1/admissions/workflow/funnel 200, 5 rows; /api/v1/admissions/workflow/merit 200, 4 rows; /api/v1/admissions/workflow/seats 200, 4 rows",https://temperp.187-127-178-100.sslip.io at 2026-08-17 14:26
Admissions & Front Office,Admissions Workspace,Applicant documents,Assigned institution/campus admissions scope,admissions.admissions_workspace.applicant_documents,no,,,,not built,0,,"catalogued only. 9 of 41 features in “Admissions Workspace” are working, so the section exists and this is a gap within it.",https://temperp.187-127-178-100.sslip.io at 2026-08-17 14:26
Admissions & Front Office,Admissions Workspace,Entrance tests / interviews,Assigned institution/campus admissions scope,admissions.admissions_workspace.entrance_tests_interviews,no,,,,not built,0,,"catalogued only. 9 of 41 features in “Admissions Workspace” are working, so the section exists and this is a gap within it.",https://temperp.187-127-178-100.sslip.io at 2026-08-17 14:26
Admissions & Front Office,Admissions Workspace,Offers / admission decisions,Assigned institution/campus admissions scope,admissions.admissions_workspace.offers_admission_decisions,yes,admissions/Pipeline,GET /api/v1/academics/sections POST /api/v1/admissions/workflow/applications/:param/decision POST /api/v1/admissions/workflow/applications/:param/enrol GET /api/v1/admissions/workflow/funnel GET /api/v1/admissions/workflow/merit GET /api/v1/admissions/workflow/seats,admissions@vivencia.test,pass,4,faculty finance hod hr institution_admin operations super_admin,"/api/v1/academics/sections 200, 8 rows; /api/v1/admissions/workflow/funnel 200, 5 rows; /api/v1/admissions/workflow/merit 200, 4 rows; /api/v1/admissions/workflow/seats 200, 4 rows",https://temperp.187-127-178-100.sslip.io at 2026-08-17 14:26
Admissions & Front Office,Admissions Workspace,Admission fee status,Assigned institution/campus admissions scope,admissions.admissions_workspace.admission_fee_status,no,,,,not built,0,,"catalogued only. 9 of 41 features in “Admissions Workspace” are working, so the section exists and this is a gap within it.",https://temperp.187-127-178-100.sslip.io at 2026-08-17 14:26
Admissions & Front Office,Admissions Workspace,Enrollment handoff,Assigned institution/campus admissions scope,admissions.admissions_workspace.enrollment_handoff,yes,admissions/Pipeline,GET /api/v1/academics/sections POST /api/v1/admissions/workflow/applications/:param/decision POST /api/v1/admissions/workflow/applications/:param/enrol GET /api/v1/admissions/workflow/funnel GET /api/v1/admissions/workflow/merit GET /api/v1/admissions/workflow/seats,admissions@vivencia.test,pass,4,faculty finance hod hr institution_admin operations super_admin,"/api/v1/academics/sections 200, 8 rows; /api/v1/admissions/workflow/funnel 200, 5 rows; /api/v1/admissions/workflow/merit 200, 4 rows; /api/v1/admissions/workflow/seats 200, 4 rows",https://temperp.187-127-178-100.sslip.io at 2026-08-17 14:26
Admissions & Front Office,Admissions Workspace,Applicant communication,Assigned institution/campus admissions scope,admissions.admissions_workspace.applicant_communication,no,,,,not built,0,,"catalogued only. 9 of 41 features in “Admissions Workspace” are working, so the section exists and this is a gap within it.",https://temperp.187-127-178-100.sslip.io at 2026-08-17 14:26
Admissions & Front Office,Admissions Workspace,Admissions reports,Assigned institution/campus admissions scope,admissions.admissions_workspace.admissions_reports,no,,,,not built,0,,"catalogued only. 9 of 41 features in “Admissions Workspace” are working, so the section exists and this is a gap within it.",https://temperp.187-127-178-100.sslip.io at 2026-08-17 14:26
HR & Payroll,Dashboard,HR KPIs,Assigned institution/campus employees,hr.dashboard.hr_kpis,yes,hr/Dashboard,GET /api/v1/hr/dashboard GET /api/v1/hr/employees,hr@vivencia.test,pass,2,hod institution_admin super_admin,"/api/v1/hr/dashboard 200; /api/v1/hr/employees 200, 7 rows",https://temperp.187-127-178-100.sslip.io at 2026-08-17 14:26
HR & Payroll,HR Workspace,Employee master,Assigned institution/campus employees,hr.hr_workspace.employee_master,yes,hr/Dashboard,GET /api/v1/hr/dashboard GET /api/v1/hr/employees,hr@vivencia.test,pass,2,hod institution_admin super_admin,"/api/v1/hr/dashboard 200; /api/v1/hr/employees 200, 7 rows",https://temperp.187-127-178-100.sslip.io at 2026-08-17 14:26
HR & Payroll,HR Workspace,Staff attendance,Assigned institution/campus employees,hr.hr_workspace.staff_attendance,no,,,,not built,0,,"catalogued only. 7 of 46 features in “HR Workspace” are working, so the section exists and this is a gap within it.",https://temperp.187-127-178-100.sslip.io at 2026-08-17 14:26
HR & Payroll,HR Workspace,Leave,Assigned institution/campus employees,hr.hr_workspace.leave,yes,workflow/Approvals,GET /api/v1/workflow/approvals,hr@vivencia.test,pass,2,admissions faculty finance hod institution_admin operations parent seller_admin student super_admin,"/api/v1/workflow/approvals 200, no rows | [ok] teacher applies for leave, principal approves: applied, queued as 'Demo faculty — Leave', approved",https://temperp.187-127-178-100.sslip.io at 2026-08-17 14:26
HR & Payroll,HR Workspace,Recruitment,Assigned institution/campus employees,hr.hr_workspace.recruitment,no,,,,not built,0,,"catalogued only. 7 of 46 features in “HR Workspace” are working, so the section exists and this is a gap within it.",https://temperp.187-127-178-100.sslip.io at 2026-08-17 14:26
HR & Payroll,HR Workspace,Payroll,Assigned institution/campus employees,hr.hr_workspace.payroll,yes,payroll/Payroll,GET /api/v1/payroll/payslips POST /api/v1/payroll/run,hr@vivencia.test,pass,1,institution_admin super_admin,"/api/v1/payroll/payslips 200, no rows",https://temperp.187-127-178-100.sslip.io at 2026-08-17 14:26
HR & Payroll,HR Workspace,Employee documents,Assigned institution/campus employees,hr.hr_workspace.employee_documents,no,,,,not built,0,,"catalogued only. 7 of 46 features in “HR Workspace” are working, so the section exists and this is a gap within it.",https://temperp.187-127-178-100.sslip.io at 2026-08-17 14:26
HR & Payroll,HR Workspace,HR reports,Assigned institution/campus employees,hr.hr_workspace.hr_reports,no,,,,not built,0,,"catalogued only. 7 of 46 features in “HR Workspace” are working, so the section exists and this is a gap within it.",https://temperp.187-127-178-100.sslip.io at 2026-08-17 14:26
Operations Staff,Specialist Workspace,Role-specific home,Only assigned operational module/campus,operations.specialist_workspace.role_specific_home,yes,operations/Workspace,GET /api/v1/operations/dashboard GET /api/v1/operations/library/loans GET /api/v1/operations/transport/vehicles,operations@vivencia.test,pass,3,institution_admin super_admin,"/api/v1/operations/dashboard 200; /api/v1/operations/library/loans 200, no rows; /api/v1/operations/transport/vehicles 200, no rows",https://temperp.187-127-178-100.sslip.io at 2026-08-17 14:26
Operations Staff,Specialist Workspace,Library role,Only assigned operational module/campus,operations.specialist_workspace.library_role,yes,operations/Workspace,GET /api/v1/operations/dashboard GET /api/v1/operations/library/loans GET /api/v1/operations/transport/vehicles,operations@vivencia.test,pass,3,institution_admin super_admin,"/api/v1/operations/dashboard 200; /api/v1/operations/library/loans 200, no rows; /api/v1/operations/transport/vehicles 200, no rows",https://temperp.187-127-178-100.sslip.io at 2026-08-17 14:26
Operations Staff,Specialist Workspace,Transport role,Only assigned operational module/campus,operations.specialist_workspace.transport_role,yes,operations/Workspace,GET /api/v1/operations/dashboard GET /api/v1/operations/library/loans GET /api/v1/operations/transport/vehicles,operations@vivencia.test,pass,3,institution_admin super_admin,"/api/v1/operations/dashboard 200; /api/v1/operations/library/loans 200, no rows; /api/v1/operations/transport/vehicles 200, no rows",https://temperp.187-127-178-100.sslip.io at 2026-08-17 14:26
Operations Staff,Specialist Workspace,Hostel role,Only assigned operational module/campus,operations.specialist_workspace.hostel_role,yes,ops2/Hostel,GET /api/v1/ops/hostel/occupancy,operations@vivencia.test,pass,1,institution_admin super_admin,"/api/v1/ops/hostel/occupancy 200, no rows",https://temperp.187-127-178-100.sslip.io at 2026-08-17 14:26
Operations Staff,Specialist Workspace,Inventory / Stores role,Only assigned operational module/campus,operations.specialist_workspace.inventory_stores_role,yes,ops2/Inventory,GET /api/v1/ops/inventory/stock,operations@vivencia.test,pass,1,institution_admin super_admin,"/api/v1/ops/inventory/stock 200, no rows",https://temperp.187-127-178-100.sslip.io at 2026-08-17 14:26
Operations Staff,Specialist Workspace,Front Office role,Only assigned operational module/campus,operations.specialist_workspace.front_office_role,no,,,,not built,0,,"catalogued only. 5 of 6 features in “Specialist Workspace” are working, so the section exists and this is a gap within it.",https://temperp.187-127-178-100.sslip.io at 2026-08-17 14:26
Super Admin,Platform Setup,Multi-Campus Configuration,All institutions / all campuses,super_admin.platform_setup.multi_campus_configuration,yes,setup/Wizard,GET /api/v1/academics/classes GET /api/v1/academics/sections GET /api/v1/academics/subjects GET /api/v1/academics/years GET /api/v1/admin/institutions GET /api/v1/session POST /api/v1/setup/academic-years POST /api/v1/setup/assign-teacher GET/POST /api/v1/setup/campuses PUT /api/v1/setup/campuses/:param GET/PUT /api/v1/setup/class-subjects POST /api/v1/setup/class-teacher POST /api/v1/setup/classes POST /api/v1/setup/employees POST /api/v1/setup/exams GET/POST /api/v1/setup/fee-heads POST /api/v1/setup/fee-structures POST /api/v1/setup/grading-scales GET/PUT /api/v1/setup/institution GET /api/v1/setup/institution/options PUT /api/v1/setup/periods POST /api/v1/setup/sections GET /api/v1/setup/status POST /api/v1/setup/subjects GET /api/v1/timetable/periods GET /api/v1/timetable/teachers,super_admin@vivencia.test,pass,14,admissions faculty finance hod hr institution_admin operations parent seller_admin student,"/api/v1/academics/classes 200, 4 rows; /api/v1/academics/sections 200, 8 rows; /api/v1/academics/subjects 200, 5 rows; /api/v1/academics/years 200, 1 rows; /api/v1/admin/institutions 200, 1 rows; /api/v1/session 200; /api/v1/setup/campuses 200, 1 rows; /api/v1/setup/class-subjects 200, 20 rows; /api/v1/setup/fee-heads 200, 4 rows; /api/v1/setup/institution 200; /api/v1/setup/institution/options 200; /api/v1/setup/status 200; /api/v1/timetable/periods 200, 6 rows; /api/v1/timetable/teachers 200, 7 rows",https://temperp.187-127-178-100.sslip.io at 2026-08-17 14:26
Super Admin,Platform Setup,Academic Year Defaults,All institutions / all campuses,super_admin.platform_setup.academic_year_defaults,no,,,,not built,0,,"catalogued only. 7 of 29 features in “Platform Setup” are working, so the section exists and this is a gap within it.",https://temperp.187-127-178-100.sslip.io at 2026-08-17 14:26
Super Admin,Platform Setup,Role & Permission Matrix,All institutions / all campuses,super_admin.platform_setup.role_permission_matrix,yes,super_admin/RolesPermissions,GET /api/v1/admin/roles GET /api/v1/admin/roles/:param/permissions,super_admin@vivencia.test,pass,2,institution_admin,"/api/v1/admin/roles 200, 23 rows; /api/v1/admin/roles/:param/permissions 200, 67 rows",https://temperp.187-127-178-100.sslip.io at 2026-08-17 14:26
Super Admin,Platform Setup,User Directory & Provisioning,All institutions / all campuses,super_admin.platform_setup.user_directory_provisioning,yes,super_admin/Users,GET /api/v1/admin/assignable-roles GET /api/v1/admin/role-presets GET/POST /api/v1/admin/users POST /api/v1/admin/users/:param/reset-password PUT /api/v1/admin/users/:param/roles PUT /api/v1/admin/users/:param/status,super_admin@vivencia.test,pass,3,institution_admin,"/api/v1/admin/assignable-roles 200, 21 rows; /api/v1/admin/role-presets 200, 9 rows; /api/v1/admin/users 200, 13 rows",https://temperp.187-127-178-100.sslip.io at 2026-08-17 14:26
Super Admin,Platform Setup,Franchise Management,All institutions / all campuses,super_admin.platform_setup.franchise_management,no,,,,not built,0,,"catalogued only. 7 of 29 features in “Platform Setup” are working, so the section exists and this is a gap within it.",https://temperp.187-127-178-100.sslip.io at 2026-08-17 14:26
Super Admin,Platform Setup,White-Label Branding,All institutions / all campuses,super_admin.platform_setup.white_label_branding,no,,,,not built,0,,"catalogued only. 7 of 29 features in “Platform Setup” are working, so the section exists and this is a gap within it.",https://temperp.187-127-178-100.sslip.io at 2026-08-17 14:26
Super Admin,Platform Setup,SMS Gateway Integration,All institutions / all campuses,super_admin.platform_setup.sms_gateway_integration,no,,,,not built,0,,"catalogued only. 7 of 29 features in “Platform Setup” are working, so the section exists and this is a gap within it.",https://temperp.187-127-178-100.sslip.io at 2026-08-17 14:26
Super Admin,Platform Setup,WhatsApp API Integration,All institutions / all campuses,super_admin.platform_setup.whatsapp_api_integration,no,,,,not built,0,,"catalogued only. 7 of 29 features in “Platform Setup” are working, so the section exists and this is a gap within it.",https://temperp.187-127-178-100.sslip.io at 2026-08-17 14:26
Super Admin,Platform Setup,Email Server (SMTP) Integration,All institutions / all campuses,super_admin.platform_setup.email_server_smtp_integration,no,,,,not built,0,,"catalogued only. 7 of 29 features in “Platform Setup” are working, so the section exists and this is a gap within it.",https://temperp.187-127-178-100.sslip.io at 2026-08-17 14:26
Super Admin,Platform Setup,Payment Gateway Connectors,All institutions / all campuses,super_admin.platform_setup.payment_gateway_connectors,no,,,,not built,0,,"catalogued only. 7 of 29 features in “Platform Setup” are working, so the section exists and this is a gap within it.",https://temperp.187-127-178-100.sslip.io at 2026-08-17 14:26
Super Admin,Platform Setup,Biometric Device Integration,All institutions / all campuses,super_admin.platform_setup.biometric_device_integration,no,,,,not built,0,,"catalogued only. 7 of 29 features in “Platform Setup” are working, so the section exists and this is a gap within it.",https://temperp.187-127-178-100.sslip.io at 2026-08-17 14:26
Super Admin,Platform Setup,GPS Hardware Integration,All institutions / all campuses,super_admin.platform_setup.gps_hardware_integration,no,,,,not built,0,,"catalogued only. 7 of 29 features in “Platform Setup” are working, so the section exists and this is a gap within it.",https://temperp.187-127-178-100.sslip.io at 2026-08-17 14:26
Super Admin,Platform Setup,Virtual Classroom Integration,All institutions / all campuses,super_admin.platform_setup.virtual_classroom_integration,no,,,,not built,0,,"catalogued only. 7 of 29 features in “Platform Setup” are working, so the section exists and this is a gap within it.",https://temperp.187-127-178-100.sslip.io at 2026-08-17 14:26
Super Admin,Platform Setup,Tally ERP / Prime Connector,All institutions / all campuses,super_admin.platform_setup.tally_erp_prime_connector,no,,,,not built,0,,"catalogued only. 7 of 29 features in “Platform Setup” are working, so the section exists and this is a gap within it.",https://temperp.187-127-178-100.sslip.io at 2026-08-17 14:26
Super Admin,Platform Setup,Meritto / LeadSquared Sync,All institutions / all campuses,super_admin.platform_setup.meritto_leadsquared_sync,no,,,,not built,0,,"catalogued only. 7 of 29 features in “Platform Setup” are working, so the section exists and this is a gap within it.",https://temperp.187-127-178-100.sslip.io at 2026-08-17 14:26
Super Admin,Platform Setup,SQAA Framework Management,All institutions / all campuses,super_admin.platform_setup.sqaa_framework_management,no,,,,not built,0,,"catalogued only. 7 of 29 features in “Platform Setup” are working, so the section exists and this is a gap within it.",https://temperp.187-127-178-100.sslip.io at 2026-08-17 14:26
Super Admin,Platform Setup,Automated Trigger Rules,All institutions / all campuses,super_admin.platform_setup.automated_trigger_rules,no,,,,not built,0,,"catalogued only. 7 of 29 features in “Platform Setup” are working, so the section exists and this is a gap within it.",https://temperp.187-127-178-100.sslip.io at 2026-08-17 14:26
Super Admin,Platform Setup,Login & Session Audit Logs,All institutions / all campuses,super_admin.platform_setup.login_session_audit_logs,yes,super_admin/SessionAudit,GET /api/v1/admin/sessions DELETE /api/v1/admin/sessions/:param,super_admin@vivencia.test,pass,1,institution_admin,"/api/v1/admin/sessions 200, 200 rows",https://temperp.187-127-178-100.sslip.io at 2026-08-17 14:26
Super Admin,Platform Setup,Data Backup & Restore,All institutions / all campuses,super_admin.platform_setup.data_backup_restore,no,,,,not built,0,,"catalogued only. 7 of 29 features in “Platform Setup” are working, so the section exists and this is a gap within it.",https://temperp.187-127-178-100.sslip.io at 2026-08-17 14:26
Super Admin,Platform Setup,System Health & Integration Alerts,All institutions / all campuses,super_admin.platform_setup.system_health_integration_alerts,yes,shared/Jobs,GET /api/v1/academics/sections POST /api/v1/jobs GET /api/v1/jobs/:param GET /api/v1/jobs/queues,super_admin@vivencia.test,pass,3,admissions faculty finance hod hr institution_admin operations,"/api/v1/academics/sections 200, 8 rows; /api/v1/jobs/:param no demo record to address; /api/v1/jobs/queues 200",https://temperp.187-127-178-100.sslip.io at 2026-08-17 14:26
Super Admin,Dashboard,Multi-Branch Revenue Analytics,All institutions / all campuses,super_admin.dashboard.multi_branch_revenue_analytics,no,,,,not built,0,,catalogued only. Nothing in “Dashboard” is built yet.,https://temperp.187-127-178-100.sslip.io at 2026-08-17 14:26
Super Admin,Dashboard,Campus Cards Overview,All institutions / all campuses,super_admin.dashboard.campus_cards_overview,no,,,,not built,0,,catalogued only. Nothing in “Dashboard” is built yet.,https://temperp.187-127-178-100.sslip.io at 2026-08-17 14:26
Super Admin,Dashboard,Central Admission Funnel KPI,All institutions / all campuses,super_admin.dashboard.central_admission_funnel_kpi,no,,,,not built,0,,catalogued only. Nothing in “Dashboard” is built yet.,https://temperp.187-127-178-100.sslip.io at 2026-08-17 14:26
Super Admin,Dashboard,Global Attendance Heatmap,All institutions / all campuses,super_admin.dashboard.global_attendance_heatmap,no,,,,not built,0,,catalogued only. Nothing in “Dashboard” is built yet.,https://temperp.187-127-178-100.sslip.io at 2026-08-17 14:26
Super Admin,Dashboard,Executive System Alerts,All institutions / all campuses,super_admin.dashboard.executive_system_alerts,no,,,,not built,0,,catalogued only. Nothing in “Dashboard” is built yet.,https://temperp.187-127-178-100.sslip.io at 2026-08-17 14:26
Institution Admin / Principal,Dashboard,Campus KPI Overview,Assigned institution/campus,institution_admin.dashboard.campus_kpi_overview,yes,principal/Dashboard,GET /api/v1/date-ranges GET /api/v1/principal/attendance-trend GET /api/v1/principal/dashboard,institution_admin@vivencia.test,pass,3,admissions faculty finance hod hr operations parent seller_admin student super_admin,"/api/v1/date-ranges 200, 13 rows; /api/v1/principal/attendance-trend 200, 22 rows; /api/v1/principal/dashboard 200",https://temperp.187-127-178-100.sslip.io at 2026-08-17 14:26
Institution Admin / Principal,Dashboard,Needs Attention Widget,Assigned institution/campus,institution_admin.dashboard.needs_attention_widget,yes,principal/Dashboard,GET /api/v1/date-ranges GET /api/v1/principal/attendance-trend GET /api/v1/principal/dashboard,institution_admin@vivencia.test,pass,3,admissions faculty finance hod hr operations parent seller_admin student super_admin,"/api/v1/date-ranges 200, 13 rows; /api/v1/principal/attendance-trend 200, 22 rows; /api/v1/principal/dashboard 200",https://temperp.187-127-178-100.sslip.io at 2026-08-17 14:26
Institution Admin / Principal,Academics,Master Timetable Generation,Assigned institution/campus,institution_admin.academics.master_timetable_generation,no,,,,not built,0,,"catalogued only. 3 of 12 features in “Academics” are working, so the section exists and this is a gap within it.",https://temperp.187-127-178-100.sslip.io at 2026-08-17 14:26
Institution Admin / Principal,Academics,Faculty Substitution Engine,Assigned institution/campus,institution_admin.academics.faculty_substitution_engine,no,,,,not built,0,,"catalogued only. 3 of 12 features in “Academics” are working, so the section exists and this is a gap within it.",https://temperp.187-127-178-100.sslip.io at 2026-08-17 14:26
Institution Admin / Principal,Academics,Subject & Chapter Planner,Assigned institution/campus,institution_admin.academics.subject_chapter_planner,no,,,,not built,0,,"catalogued only. 3 of 12 features in “Academics” are working, so the section exists and this is a gap within it.",https://temperp.187-127-178-100.sslip.io at 2026-08-17 14:26
Institution Admin / Principal,Academics,Lesson Plan Approval Queue,Assigned institution/campus,institution_admin.academics.lesson_plan_approval_queue,no,,,,not built,0,,"catalogued only. 3 of 12 features in “Academics” are working, so the section exists and this is a gap within it.",https://temperp.187-127-178-100.sslip.io at 2026-08-17 14:26
Institution Admin / Principal,Academics,Syllabus Coverage Tracking,Assigned institution/campus,institution_admin.academics.syllabus_coverage_tracking,no,,,,not built,0,,"catalogued only. 3 of 12 features in “Academics” are working, so the section exists and this is a gap within it.",https://temperp.187-127-178-100.sslip.io at 2026-08-17 14:26
Institution Admin / Principal,Academics,Academic Calendar Management,Assigned institution/campus,institution_admin.academics.academic_calendar_management,no,,,,not built,0,,"catalogued only. 3 of 12 features in “Academics” are working, so the section exists and this is a gap within it.",https://temperp.187-127-178-100.sslip.io at 2026-08-17 14:26
Institution Admin / Principal,Academics,Class & Section Promotion,Assigned institution/campus,institution_admin.academics.class_section_promotion,yes,lifecycle/Certificates,GET/POST /api/v1/lifecycle/certificates GET /api/v1/students,institution_admin@vivencia.test,pass,2,admissions faculty finance hod operations super_admin,"/api/v1/lifecycle/certificates 200, 4 rows; /api/v1/students 200, 50 rows",https://temperp.187-127-178-100.sslip.io at 2026-08-17 14:26
Institution Admin / Principal,Academics,Baseline Performance Analysis,Assigned institution/campus,institution_admin.academics.baseline_performance_analysis,no,,,,not built,0,,"catalogued only. 3 of 12 features in “Academics” are working, so the section exists and this is a gap within it.",https://temperp.187-127-178-100.sslip.io at 2026-08-17 14:26
Institution Admin / Principal,Reports,Comprehensive Attendance Report,Assigned institution/campus,institution_admin.reports.comprehensive_attendance_report,yes,principal/AttendanceMonitoring,GET /api/v1/principal/attendance-shortage,institution_admin@vivencia.test,pass,1,finance hod hr seller_admin super_admin,"/api/v1/principal/attendance-shortage 200, no rows",https://temperp.187-127-178-100.sslip.io at 2026-08-17 14:26
Institution Admin / Principal,Reports,Exam & Grade Analytics,Assigned institution/campus,institution_admin.reports.exam_grade_analytics,yes,exams/ReportCards,GET /api/v1/academics/sections GET /api/v1/exams/list GET /api/v1/exams/report-cards POST /api/v1/exams/report-cards/generate,institution_admin@vivencia.test,pass,3,admissions faculty finance hod hr operations super_admin,"/api/v1/academics/sections 200, 8 rows; /api/v1/exams/list 200, 1 rows; /api/v1/exams/report-cards 200, no rows",https://temperp.187-127-178-100.sslip.io at 2026-08-17 14:26
Institution Admin / Principal,Reports,Fee Collection Summaries,Assigned institution/campus,institution_admin.reports.fee_collection_summaries,no,,,,not built,0,,"catalogued only. 2 of 4 features in “Reports” are working, so the section exists and this is a gap within it.",https://temperp.187-127-178-100.sslip.io at 2026-08-17 14:26
Institution Admin / Principal,Reports,Custom Report Builder,Assigned institution/campus,institution_admin.reports.custom_report_builder,no,,,,not built,0,,"catalogued only. 2 of 4 features in “Reports” are working, so the section exists and this is a gap within it.",https://temperp.187-127-178-100.sslip.io at 2026-08-17 14:26
Institution Admin / Principal,School Culture,School Achievements Showcase,Assigned institution/campus,institution_admin.school_culture.school_achievements_showcase,no,,,,not built,0,,catalogued only. Nothing in “School Culture” is built yet.,https://temperp.187-127-178-100.sslip.io at 2026-08-17 14:26
Institution Admin / Principal,School Culture,Student Council Management,Assigned institution/campus,institution_admin.school_culture.student_council_management,no,,,,not built,0,,catalogued only. Nothing in “School Culture” is built yet.,https://temperp.187-127-178-100.sslip.io at 2026-08-17 14:26
Institution Admin / Principal,Administration,Staff Allocation & Workload,Assigned institution/campus,institution_admin.administration.staff_allocation_workload,yes,principal/StaffWorkload,GET /api/v1/principal/staff-workload,institution_admin@vivencia.test,pass,1,finance hod hr seller_admin super_admin,"/api/v1/principal/staff-workload 200, 7 rows",https://temperp.187-127-178-100.sslip.io at 2026-08-17 14:26
Institution Admin / Principal,Administration,Certificates & Document Templates,Assigned institution/campus,institution_admin.administration.certificates_document_templates,no,,,,not built,0,,"catalogued only. 6 of 14 features in “Administration” are working, so the section exists and this is a gap within it.",https://temperp.187-127-178-100.sslip.io at 2026-08-17 14:26
Institution Admin / Principal,Administration,Digital Certificate Generation,Assigned institution/campus,institution_admin.administration.digital_certificate_generation,yes,lifecycle/Certificates,GET/POST /api/v1/lifecycle/certificates GET /api/v1/students,institution_admin@vivencia.test,pass,2,admissions faculty finance hod operations super_admin,"/api/v1/lifecycle/certificates 200, 4 rows; /api/v1/students 200, 50 rows",https://temperp.187-127-178-100.sslip.io at 2026-08-17 14:26
Institution Admin / Principal,Administration,Circular & Announcement Dispatch,Assigned institution/campus,institution_admin.administration.circular_announcement_dispatch,yes,comms/Circulars,GET /api/v1/academics/sections GET/POST /api/v1/communication/circulars GET /api/v1/session,institution_admin@vivencia.test,pass,3,admissions faculty finance hod hr operations parent seller_admin student super_admin,"/api/v1/academics/sections 200, 8 rows; /api/v1/communication/circulars 200, 4 rows; /api/v1/session 200",https://temperp.187-127-178-100.sslip.io at 2026-08-17 14:26
Institution Admin / Principal,Administration,SQAA Compliance Tracking,Assigned institution/campus,institution_admin.administration.sqaa_compliance_tracking,no,,,,not built,0,,"catalogued only. 6 of 14 features in “Administration” are working, so the section exists and this is a gap within it.",https://temperp.187-127-178-100.sslip.io at 2026-08-17 14:26
Institution Admin / Principal,Administration,360 Evaluation Oversight,Assigned institution/campus,institution_admin.administration.360_evaluation_oversight,no,,,,not built,0,,"catalogued only. 6 of 14 features in “Administration” are working, so the section exists and this is a gap within it.",https://temperp.187-127-178-100.sslip.io at 2026-08-17 14:26
Institution Admin / Principal,Administration,Parent Feedback & Grievance Hub,Assigned institution/campus,institution_admin.administration.parent_feedback_grievance_hub,no,,,,not built,0,,"catalogued only. 6 of 14 features in “Administration” are working, so the section exists and this is a gap within it.",https://temperp.187-127-178-100.sslip.io at 2026-08-17 14:26
Institution Admin / Principal,Administration,Disciplinary Incident Log,Assigned institution/campus,institution_admin.administration.disciplinary_incident_log,no,,,,not built,0,,"catalogued only. 6 of 14 features in “Administration” are working, so the section exists and this is a gap within it.",https://temperp.187-127-178-100.sslip.io at 2026-08-17 14:26
Institution Admin / Principal,Administration,Alumni Program Oversight,Assigned institution/campus,institution_admin.administration.alumni_program_oversight,no,,,,not built,0,,"catalogued only. 6 of 14 features in “Administration” are working, so the section exists and this is a gap within it.",https://temperp.187-127-178-100.sslip.io at 2026-08-17 14:26
Admissions & Front Office,Admissions Workspace,Inquiry / Lead Entry,Assigned institution/campus,admissions.admissions_workspace.inquiry_lead_entry,no,,,,not built,0,,"catalogued only. 9 of 41 features in “Admissions Workspace” are working, so the section exists and this is a gap within it.",https://temperp.187-127-178-100.sslip.io at 2026-08-17 14:26
Admissions & Front Office,Admissions Workspace,Lead Source Tracking,Assigned institution/campus,admissions.admissions_workspace.lead_source_tracking,no,,,,not built,0,,"catalogued only. 9 of 41 features in “Admissions Workspace” are working, so the section exists and this is a gap within it.",https://temperp.187-127-178-100.sslip.io at 2026-08-17 14:26
Admissions & Front Office,Admissions Workspace,Counselor Lead Assignment,Assigned institution/campus,admissions.admissions_workspace.counselor_lead_assignment,no,,,,not built,0,,"catalogued only. 9 of 41 features in “Admissions Workspace” are working, so the section exists and this is a gap within it.",https://temperp.187-127-178-100.sslip.io at 2026-08-17 14:26
Admissions & Front Office,Admissions Workspace,Counselor Activity & Follow-ups,Assigned institution/campus,admissions.admissions_workspace.counselor_activity_follow_ups,no,,,,not built,0,,"catalogued only. 9 of 41 features in “Admissions Workspace” are working, so the section exists and this is a gap within it.",https://temperp.187-127-178-100.sslip.io at 2026-08-17 14:26
Admissions & Front Office,Admissions Workspace,Multi-Touch Campaign Sequences,Assigned institution/campus,admissions.admissions_workspace.multi_touch_campaign_sequences,no,,,,not built,0,,"catalogued only. 9 of 41 features in “Admissions Workspace” are working, so the section exists and this is a gap within it.",https://temperp.187-127-178-100.sslip.io at 2026-08-17 14:26
Admissions & Front Office,Admissions Workspace,Online Application Form Builder,Assigned institution/campus,admissions.admissions_workspace.online_application_form_builder,no,,,,not built,0,,"catalogued only. 9 of 41 features in “Admissions Workspace” are working, so the section exists and this is a gap within it.",https://temperp.187-127-178-100.sslip.io at 2026-08-17 14:26
Admissions & Front Office,Admissions Workspace,Application Document Verification,Assigned institution/campus,admissions.admissions_workspace.application_document_verification,no,,,,not built,0,,"catalogued only. 9 of 41 features in “Admissions Workspace” are working, so the section exists and this is a gap within it.",https://temperp.187-127-178-100.sslip.io at 2026-08-17 14:26
Admissions & Front Office,Admissions Workspace,Admission Fee Collection,Assigned institution/campus,admissions.admissions_workspace.admission_fee_collection,no,,,,not built,0,,"catalogued only. 9 of 41 features in “Admissions Workspace” are working, so the section exists and this is a gap within it.",https://temperp.187-127-178-100.sslip.io at 2026-08-17 14:26
Admissions & Front Office,Admissions Workspace,Entrance Exam Scheduling,Assigned institution/campus,admissions.admissions_workspace.entrance_exam_scheduling,no,,,,not built,0,,"catalogued only. 9 of 41 features in “Admissions Workspace” are working, so the section exists and this is a gap within it.",https://temperp.187-127-178-100.sslip.io at 2026-08-17 14:26
Admissions & Front Office,Admissions Workspace,Interview & Interaction Scheduler,Assigned institution/campus,admissions.admissions_workspace.interview_interaction_scheduler,no,,,,not built,0,,"catalogued only. 9 of 41 features in “Admissions Workspace” are working, so the section exists and this is a gap within it.",https://temperp.187-127-178-100.sslip.io at 2026-08-17 14:26
Admissions & Front Office,Admissions Workspace,Merit List Generation,Assigned institution/campus,admissions.admissions_workspace.merit_list_generation,yes,admissions/Pipeline,GET /api/v1/academics/sections POST /api/v1/admissions/workflow/applications/:param/decision POST /api/v1/admissions/workflow/applications/:param/enrol GET /api/v1/admissions/workflow/funnel GET /api/v1/admissions/workflow/merit GET /api/v1/admissions/workflow/seats,admissions@vivencia.test,pass,4,faculty finance hod hr institution_admin operations super_admin,"/api/v1/academics/sections 200, 8 rows; /api/v1/admissions/workflow/funnel 200, 5 rows; /api/v1/admissions/workflow/merit 200, 4 rows; /api/v1/admissions/workflow/seats 200, 4 rows",https://temperp.187-127-178-100.sslip.io at 2026-08-17 14:26
Admissions & Front Office,Admissions Workspace,Seat Allocation Management,Assigned institution/campus,admissions.admissions_workspace.seat_allocation_management,yes,admissions/Pipeline,GET /api/v1/academics/sections POST /api/v1/admissions/workflow/applications/:param/decision POST /api/v1/admissions/workflow/applications/:param/enrol GET /api/v1/admissions/workflow/funnel GET /api/v1/admissions/workflow/merit GET /api/v1/admissions/workflow/seats,admissions@vivencia.test,pass,4,faculty finance hod hr institution_admin operations super_admin,"/api/v1/academics/sections 200, 8 rows; /api/v1/admissions/workflow/funnel 200, 5 rows; /api/v1/admissions/workflow/merit 200, 4 rows; /api/v1/admissions/workflow/seats 200, 4 rows",https://temperp.187-127-178-100.sslip.io at 2026-08-17 14:26
Admissions & Front Office,Admissions Workspace,Provisional Offer Letters,Assigned institution/campus,admissions.admissions_workspace.provisional_offer_letters,no,,,,not built,0,,"catalogued only. 9 of 41 features in “Admissions Workspace” are working, so the section exists and this is a gap within it.",https://temperp.187-127-178-100.sslip.io at 2026-08-17 14:26
Admissions & Front Office,Admissions Workspace,Admitted Student Handoff,Assigned institution/campus,admissions.admissions_workspace.admitted_student_handoff,yes,admissions/Pipeline,GET /api/v1/academics/sections POST /api/v1/admissions/workflow/applications/:param/decision POST /api/v1/admissions/workflow/applications/:param/enrol GET /api/v1/admissions/workflow/funnel GET /api/v1/admissions/workflow/merit GET /api/v1/admissions/workflow/seats,admissions@vivencia.test,pass,4,faculty finance hod hr institution_admin operations super_admin,"/api/v1/academics/sections 200, 8 rows; /api/v1/admissions/workflow/funnel 200, 5 rows; /api/v1/admissions/workflow/merit 200, 4 rows; /api/v1/admissions/workflow/seats 200, 4 rows",https://temperp.187-127-178-100.sslip.io at 2026-08-17 14:26
Admissions & Front Office,Admissions Workspace,24/7 Admission Chatbot,Assigned institution/campus,admissions.admissions_workspace.24_7_admission_chatbot,no,,,,not built,0,,"catalogued only. 9 of 41 features in “Admissions Workspace” are working, so the section exists and this is a gap within it.",https://temperp.187-127-178-100.sslip.io at 2026-08-17 14:26
Admissions & Front Office,Admissions Workspace,AI Voice Agent Integration,Assigned institution/campus,admissions.admissions_workspace.ai_voice_agent_integration,no,,,,not built,0,,"catalogued only. 9 of 41 features in “Admissions Workspace” are working, so the section exists and this is a gap within it.",https://temperp.187-127-178-100.sslip.io at 2026-08-17 14:26
Admissions & Front Office,Admissions Workspace,Admission Conversion Reports,Assigned institution/campus,admissions.admissions_workspace.admission_conversion_reports,yes,admissions/Pipeline,GET /api/v1/academics/sections POST /api/v1/admissions/workflow/applications/:param/decision POST /api/v1/admissions/workflow/applications/:param/enrol GET /api/v1/admissions/workflow/funnel GET /api/v1/admissions/workflow/merit GET /api/v1/admissions/workflow/seats,admissions@vivencia.test,pass,4,faculty finance hod hr institution_admin operations super_admin,"/api/v1/academics/sections 200, 8 rows; /api/v1/admissions/workflow/funnel 200, 5 rows; /api/v1/admissions/workflow/merit 200, 4 rows; /api/v1/admissions/workflow/seats 200, 4 rows",https://temperp.187-127-178-100.sslip.io at 2026-08-17 14:26
Admissions & Front Office,Admissions Workspace,Lost Lead Reason Analysis,Assigned institution/campus,admissions.admissions_workspace.lost_lead_reason_analysis,no,,,,not built,0,,"catalogued only. 9 of 41 features in “Admissions Workspace” are working, so the section exists and this is a gap within it.",https://temperp.187-127-178-100.sslip.io at 2026-08-17 14:26
Admissions & Front Office,Front Office,Visitor Gate Pass Generation,Assigned institution/campus,admissions.front_office.visitor_gate_pass_generation,no,,,,not built,0,,catalogued only. Nothing in “Front Office” is built yet.,https://temperp.187-127-178-100.sslip.io at 2026-08-17 14:26
Admissions & Front Office,Front Office,Visitor Checkout Tracking,Assigned institution/campus,admissions.front_office.visitor_checkout_tracking,no,,,,not built,0,,catalogued only. Nothing in “Front Office” is built yet.,https://temperp.187-127-178-100.sslip.io at 2026-08-17 14:26
Admissions & Front Office,Front Office,Postal & Courier Log,Assigned institution/campus,admissions.front_office.postal_courier_log,no,,,,not built,0,,catalogued only. Nothing in “Front Office” is built yet.,https://temperp.187-127-178-100.sslip.io at 2026-08-17 14:26
Admissions & Front Office,Front Office,Front Office Calls Register,Assigned institution/campus,admissions.front_office.front_office_calls_register,no,,,,not built,0,,catalogued only. Nothing in “Front Office” is built yet.,https://temperp.187-127-178-100.sslip.io at 2026-08-17 14:26
Admissions & Front Office,Front Office,Parent Appointment Booking,Assigned institution/campus,admissions.front_office.parent_appointment_booking,no,,,,not built,0,,catalogued only. Nothing in “Front Office” is built yet.,https://temperp.187-127-178-100.sslip.io at 2026-08-17 14:26
Admissions & Front Office,Front Office,Gate RFID Entry Management,Assigned institution/campus,admissions.front_office.gate_rfid_entry_management,no,,,,not built,0,,catalogued only. Nothing in “Front Office” is built yet.,https://temperp.187-127-178-100.sslip.io at 2026-08-17 14:26
Admissions & Front Office,Front Office,Emergency Gate Lockout,Assigned institution/campus,admissions.front_office.emergency_gate_lockout,no,,,,not built,0,,catalogued only. Nothing in “Front Office” is built yet.,https://temperp.187-127-178-100.sslip.io at 2026-08-17 14:26
Faculty / Teacher,Teaching Workspace,Daily Timetable View,Assigned classes/subjects,faculty.teaching_workspace.daily_timetable_view,yes,shared/Timetable,GET /api/v1/academics/sections GET /api/v1/session GET /api/v1/timetable/entries GET /api/v1/timetable/periods GET /api/v1/timetable/teachers,faculty@vivencia.test,pass,5,admissions finance hod hr institution_admin operations parent seller_admin student super_admin,"/api/v1/academics/sections 200, 8 rows; /api/v1/session 200; /api/v1/timetable/entries 200, 25 rows; /api/v1/timetable/periods 200, 6 rows; /api/v1/timetable/teachers 200, 7 rows",https://temperp.187-127-178-100.sslip.io at 2026-08-17 14:26
Faculty / Teacher,Teaching Workspace,Period-wise Student Attendance,Assigned classes/subjects,faculty.teaching_workspace.period_wise_student_attendance,yes,shared/Attendance,GET /api/v1/academics/sections GET/POST /api/v1/attendance GET /api/v1/students,faculty@vivencia.test,pass,3,admissions finance hod hr institution_admin operations super_admin,"/api/v1/academics/sections 200, 8 rows; /api/v1/attendance 200, 26 rows; /api/v1/students 200, 38 rows",https://temperp.187-127-178-100.sslip.io at 2026-08-17 14:26
Faculty / Teacher,Teaching Workspace,Daily Attendance Correction,Assigned classes/subjects,faculty.teaching_workspace.daily_attendance_correction,no,,,,not built,0,,"catalogued only. 15 of 51 features in “Teaching Workspace” are working, so the section exists and this is a gap within it.",https://temperp.187-127-178-100.sslip.io at 2026-08-17 14:26
Faculty / Teacher,Teaching Workspace,Teacher Digital Diary,Assigned classes/subjects,faculty.teaching_workspace.teacher_digital_diary,yes,workflow/Homework,GET /api/v1/academics/sections GET /api/v1/academics/subjects GET/POST /api/v1/homework POST /api/v1/homework/:param/submit GET /api/v1/session,faculty@vivencia.test,pass,4,admissions finance hod hr institution_admin operations parent seller_admin student super_admin,"/api/v1/academics/sections 200, 8 rows; /api/v1/academics/subjects 200, 5 rows; /api/v1/homework 200, 10 rows; /api/v1/session 200",https://temperp.187-127-178-100.sslip.io at 2026-08-17 14:26
Faculty / Teacher,Teaching Workspace,Syllabus Progress Tracker,Assigned classes/subjects,faculty.teaching_workspace.syllabus_progress_tracker,no,,,,not built,0,,"catalogued only. 15 of 51 features in “Teaching Workspace” are working, so the section exists and this is a gap within it.",https://temperp.187-127-178-100.sslip.io at 2026-08-17 14:26
Faculty / Teacher,Teaching Workspace,Lesson Plan Creation,Assigned classes/subjects,faculty.teaching_workspace.lesson_plan_creation,no,,,,not built,0,,"catalogued only. 15 of 51 features in “Teaching Workspace” are working, so the section exists and this is a gap within it.",https://temperp.187-127-178-100.sslip.io at 2026-08-17 14:26
Faculty / Teacher,Teaching Workspace,Homework & Classwork Publisher,Assigned classes/subjects,faculty.teaching_workspace.homework_classwork_publisher,yes,workflow/Homework,GET /api/v1/academics/sections GET /api/v1/academics/subjects GET/POST /api/v1/homework POST /api/v1/homework/:param/submit GET /api/v1/session,faculty@vivencia.test,pass,4,admissions finance hod hr institution_admin operations parent seller_admin student super_admin,"/api/v1/academics/sections 200, 8 rows; /api/v1/academics/subjects 200, 5 rows; /api/v1/homework 200, 10 rows; /api/v1/session 200",https://temperp.187-127-178-100.sslip.io at 2026-08-17 14:26
Faculty / Teacher,Teaching Workspace,Assignment Evaluation & Grading,Assigned classes/subjects,faculty.teaching_workspace.assignment_evaluation_grading,no,,,,not built,0,,"catalogued only. 15 of 51 features in “Teaching Workspace” are working, so the section exists and this is a gap within it.",https://temperp.187-127-178-100.sslip.io at 2026-08-17 14:26
Faculty / Teacher,Teaching Workspace,LMS Study Material Upload,Assigned classes/subjects,faculty.teaching_workspace.lms_study_material_upload,no,,,,not built,0,,"catalogued only. 15 of 51 features in “Teaching Workspace” are working, so the section exists and this is a gap within it.",https://temperp.187-127-178-100.sslip.io at 2026-08-17 14:26
Faculty / Teacher,Teaching Workspace,Live Virtual Class Launcher,Assigned classes/subjects,faculty.teaching_workspace.live_virtual_class_launcher,no,,,,not built,0,,"catalogued only. 15 of 51 features in “Teaching Workspace” are working, so the section exists and this is a gap within it.",https://temperp.187-127-178-100.sslip.io at 2026-08-17 14:26
Faculty / Teacher,Teaching Workspace,Question Bank Management,Assigned classes/subjects,faculty.teaching_workspace.question_bank_management,no,,,,not built,0,,"catalogued only. 15 of 51 features in “Teaching Workspace” are working, so the section exists and this is a gap within it.",https://temperp.187-127-178-100.sslip.io at 2026-08-17 14:26
Faculty / Teacher,Teaching Workspace,AI Examcell Paper Generator,Assigned classes/subjects,faculty.teaching_workspace.ai_examcell_paper_generator,no,,,,not built,0,,"catalogued only. 15 of 51 features in “Teaching Workspace” are working, so the section exists and this is a gap within it.",https://temperp.187-127-178-100.sslip.io at 2026-08-17 14:26
Faculty / Teacher,Teaching Workspace,Ved AI Assessment Assistant,Assigned classes/subjects,faculty.teaching_workspace.ved_ai_assessment_assistant,no,,,,not built,0,,"catalogued only. 15 of 51 features in “Teaching Workspace” are working, so the section exists and this is a gap within it.",https://temperp.187-127-178-100.sslip.io at 2026-08-17 14:26
Faculty / Teacher,Teaching Workspace,Objective Online Test Creation,Assigned classes/subjects,faculty.teaching_workspace.objective_online_test_creation,no,,,,not built,0,,"catalogued only. 15 of 51 features in “Teaching Workspace” are working, so the section exists and this is a gap within it.",https://temperp.187-127-178-100.sslip.io at 2026-08-17 14:26
Faculty / Teacher,Teaching Workspace,No-OMR Exam Grading,Assigned classes/subjects,faculty.teaching_workspace.no_omr_exam_grading,no,,,,not built,0,,"catalogued only. 15 of 51 features in “Teaching Workspace” are working, so the section exists and this is a gap within it.",https://temperp.187-127-178-100.sslip.io at 2026-08-17 14:26
Faculty / Teacher,Teaching Workspace,CBSE Gradebook Marks Entry,Assigned classes/subjects,faculty.teaching_workspace.cbse_gradebook_marks_entry,yes,exams/Gradebook,GET /api/v1/exams/gradebook POST /api/v1/exams/marks GET /api/v1/exams/subjects,faculty@vivencia.test,pass,2,hod institution_admin super_admin,"/api/v1/exams/gradebook 200, 38 rows; /api/v1/exams/subjects 200, 20 rows",https://temperp.187-127-178-100.sslip.io at 2026-08-17 14:26
Faculty / Teacher,Teaching Workspace,ICSE Gradebook Entry,Assigned classes/subjects,faculty.teaching_workspace.icse_gradebook_entry,yes,exams/Gradebook,GET /api/v1/exams/gradebook POST /api/v1/exams/marks GET /api/v1/exams/subjects,faculty@vivencia.test,pass,2,hod institution_admin super_admin,"/api/v1/exams/gradebook 200, 38 rows; /api/v1/exams/subjects 200, 20 rows",https://temperp.187-127-178-100.sslip.io at 2026-08-17 14:26
Faculty / Teacher,Teaching Workspace,State Board Gradebook Entry,Assigned classes/subjects,faculty.teaching_workspace.state_board_gradebook_entry,yes,exams/Gradebook,GET /api/v1/exams/gradebook POST /api/v1/exams/marks GET /api/v1/exams/subjects,faculty@vivencia.test,pass,2,hod institution_admin super_admin,"/api/v1/exams/gradebook 200, 38 rows; /api/v1/exams/subjects 200, 20 rows",https://temperp.187-127-178-100.sslip.io at 2026-08-17 14:26
Faculty / Teacher,Teaching Workspace,Cambridge Gradebook Entry,Assigned classes/subjects,faculty.teaching_workspace.cambridge_gradebook_entry,no,,,,not built,0,,"catalogued only. 15 of 51 features in “Teaching Workspace” are working, so the section exists and this is a gap within it.",https://temperp.187-127-178-100.sslip.io at 2026-08-17 14:26
Faculty / Teacher,Teaching Workspace,IB (PYP/MYP/DP) Gradebook,Assigned classes/subjects,faculty.teaching_workspace.ib_pyp_myp_dp_gradebook,no,,,,not built,0,,"catalogued only. 15 of 51 features in “Teaching Workspace” are working, so the section exists and this is a gap within it.",https://temperp.187-127-178-100.sslip.io at 2026-08-17 14:26
Faculty / Teacher,Teaching Workspace,NEP Holistic Progress Card (HPC),Assigned classes/subjects,faculty.teaching_workspace.nep_holistic_progress_card_hpc,yes,exams/HolisticCard,GET /api/v1/hpc/card POST /api/v1/hpc/observations GET /api/v1/portal/students GET /api/v1/session GET /api/v1/students,faculty@vivencia.test,pass,4,admissions finance hod hr institution_admin operations parent seller_admin student super_admin,"/api/v1/hpc/card 200; /api/v1/portal/students 200, no rows; /api/v1/session 200; /api/v1/students 200, 38 rows",https://temperp.187-127-178-100.sslip.io at 2026-08-17 14:26
Faculty / Teacher,Teaching Workspace,Montessori & Early Years Tracking,Assigned classes/subjects,faculty.teaching_workspace.montessori_early_years_tracking,no,,,,not built,0,,"catalogued only. 15 of 51 features in “Teaching Workspace” are working, so the section exists and this is a gap within it.",https://temperp.187-127-178-100.sslip.io at 2026-08-17 14:26
Faculty / Teacher,Teaching Workspace,Student Behavior & Demerits,Assigned classes/subjects,faculty.teaching_workspace.student_behavior_demerits,no,,,,not built,0,,"catalogued only. 15 of 51 features in “Teaching Workspace” are working, so the section exists and this is a gap within it.",https://temperp.187-127-178-100.sslip.io at 2026-08-17 14:26
Faculty / Teacher,Teaching Workspace,Student Portfolio Builder,Assigned classes/subjects,faculty.teaching_workspace.student_portfolio_builder,no,,,,not built,0,,"catalogued only. 15 of 51 features in “Teaching Workspace” are working, so the section exists and this is a gap within it.",https://temperp.187-127-178-100.sslip.io at 2026-08-17 14:26
Faculty / Teacher,Teaching Workspace,Anecdotal Records,Assigned classes/subjects,faculty.teaching_workspace.anecdotal_records,no,,,,not built,0,,"catalogued only. 15 of 51 features in “Teaching Workspace” are working, so the section exists and this is a gap within it.",https://temperp.187-127-178-100.sslip.io at 2026-08-17 14:26
Faculty / Teacher,Teaching Workspace,Class Teacher Remarks,Assigned classes/subjects,faculty.teaching_workspace.class_teacher_remarks,no,,,,not built,0,,"catalogued only. 15 of 51 features in “Teaching Workspace” are working, so the section exists and this is a gap within it.",https://temperp.187-127-178-100.sslip.io at 2026-08-17 14:26
Faculty / Teacher,Teaching Workspace,PTM Notes & Action Items,Assigned classes/subjects,faculty.teaching_workspace.ptm_notes_action_items,no,,,,not built,0,,"catalogued only. 15 of 51 features in “Teaching Workspace” are working, so the section exists and this is a gap within it.",https://temperp.187-127-178-100.sslip.io at 2026-08-17 14:26
Faculty / Teacher,Teaching Workspace,Student At-Risk Identification,Assigned classes/subjects,faculty.teaching_workspace.student_at_risk_identification,no,,,,not built,0,,"catalogued only. 15 of 51 features in “Teaching Workspace” are working, so the section exists and this is a gap within it.",https://temperp.187-127-178-100.sslip.io at 2026-08-17 14:26
Faculty / Teacher,Teaching Workspace,Substitution Request Submission,Assigned classes/subjects,faculty.teaching_workspace.substitution_request_submission,no,,,,not built,0,,"catalogued only. 15 of 51 features in “Teaching Workspace” are working, so the section exists and this is a gap within it.",https://temperp.187-127-178-100.sslip.io at 2026-08-17 14:26
Faculty / Teacher,Teaching Workspace,Classroom Communication Broadcasting,Assigned classes/subjects,faculty.teaching_workspace.classroom_communication_broadcasting,no,,,,not built,0,,"catalogued only. 15 of 51 features in “Teaching Workspace” are working, so the section exists and this is a gap within it.",https://temperp.187-127-178-100.sslip.io at 2026-08-17 14:26
Accounts & Finance,Fee Workspace,Fee Head & Group Setup,Assigned institution/campus,finance.fee_workspace.fee_head_group_setup,no,,,,not built,0,,"catalogued only. 6 of 26 features in “Fee Workspace” are working, so the section exists and this is a gap within it.",https://temperp.187-127-178-100.sslip.io at 2026-08-17 14:26
Accounts & Finance,Fee Workspace,Class-Wise Fee Structure Configuration,Assigned institution/campus,finance.fee_workspace.class_wise_fee_structure_configuration,no,,,,not built,0,,"catalogued only. 6 of 26 features in “Fee Workspace” are working, so the section exists and this is a gap within it.",https://temperp.187-127-178-100.sslip.io at 2026-08-17 14:26
Accounts & Finance,Fee Workspace,Fee Demand / Invoice Generation,Assigned institution/campus,finance.fee_workspace.fee_demand_invoice_generation,no,,,,not built,0,,"catalogued only. 6 of 26 features in “Fee Workspace” are working, so the section exists and this is a gap within it.",https://temperp.187-127-178-100.sslip.io at 2026-08-17 14:26
Accounts & Finance,Fee Workspace,Counter Fee Collection,Assigned institution/campus,finance.fee_workspace.counter_fee_collection,yes,finance/FeeCounter,POST /api/v1/fees/payments GET /api/v1/fees/receipts/:param GET /api/v1/fees/students/:param/ledger GET /api/v1/students,finance@vivencia.test,pass,4,institution_admin super_admin,"/api/v1/fees/receipts/:param 200; /api/v1/fees/students/:param/ledger 200, 6 rows; /api/v1/students 200, 50 rows | [ok] cashier takes ₹1,000 at the counter: receipt RCPT/2026-27/00020, reprint HTTP 200",https://temperp.187-127-178-100.sslip.io at 2026-08-17 14:26
Accounts & Finance,Fee Workspace,Partial & Advance Payment Rules,Assigned institution/campus,finance.fee_workspace.partial_advance_payment_rules,yes,finance/FeeCounter,POST /api/v1/fees/payments GET /api/v1/fees/receipts/:param GET /api/v1/fees/students/:param/ledger GET /api/v1/students,finance@vivencia.test,pass,3,institution_admin super_admin,"/api/v1/fees/receipts/:param 200; /api/v1/fees/students/:param/ledger 200, 6 rows; /api/v1/students 200, 50 rows",https://temperp.187-127-178-100.sslip.io at 2026-08-17 14:26
Accounts & Finance,Fee Workspace,Late Fine Rules Engine,Assigned institution/campus,finance.fee_workspace.late_fine_rules_engine,no,,,,not built,0,,"catalogued only. 6 of 26 features in “Fee Workspace” are working, so the section exists and this is a gap within it.",https://temperp.187-127-178-100.sslip.io at 2026-08-17 14:26
Accounts & Finance,Fee Workspace,Concession & Scholarship Management,Assigned institution/campus,finance.fee_workspace.concession_scholarship_management,no,,,,not built,0,,"catalogued only. 6 of 26 features in “Fee Workspace” are working, so the section exists and this is a gap within it.",https://temperp.187-127-178-100.sslip.io at 2026-08-17 14:26
Accounts & Finance,Fee Workspace,Multi-Level Concession Approvals,Assigned institution/campus,finance.fee_workspace.multi_level_concession_approvals,no,,,,not built,0,,"catalogued only. 6 of 26 features in “Fee Workspace” are working, so the section exists and this is a gap within it.",https://temperp.187-127-178-100.sslip.io at 2026-08-17 14:26
Accounts & Finance,Fee Workspace,Online Payment Gateway Auto-Sync,Assigned institution/campus,finance.fee_workspace.online_payment_gateway_auto_sync,no,,,,not built,0,,"catalogued only. 6 of 26 features in “Fee Workspace” are working, so the section exists and this is a gap within it.",https://temperp.187-127-178-100.sslip.io at 2026-08-17 14:26
Accounts & Finance,Fee Workspace,Payment Gateway Reconciliation,Assigned institution/campus,finance.fee_workspace.payment_gateway_reconciliation,no,,,,not built,0,,"catalogued only. 6 of 26 features in “Fee Workspace” are working, so the section exists and this is a gap within it.",https://temperp.187-127-178-100.sslip.io at 2026-08-17 14:26
Accounts & Finance,Fee Workspace,Defaulter Tracking & Aging,Assigned institution/campus,finance.fee_workspace.defaulter_tracking_aging,yes,finance/Defaulters,GET /api/v1/fees/defaulters,finance@vivencia.test,pass,1,institution_admin super_admin,"/api/v1/fees/defaulters 200, 27 rows",https://temperp.187-127-178-100.sslip.io at 2026-08-17 14:26
Accounts & Finance,Fee Workspace,Automated Fee Reminders,Assigned institution/campus,finance.fee_workspace.automated_fee_reminders,no,,,,not built,0,,"catalogued only. 6 of 26 features in “Fee Workspace” are working, so the section exists and this is a gap within it.",https://temperp.187-127-178-100.sslip.io at 2026-08-17 14:26
Accounts & Finance,Fee Workspace,Post-Dated Cheques (PDC) Registry,Assigned institution/campus,finance.fee_workspace.post_dated_cheques_pdc_registry,yes,finance/PDCRegister,POST /api/v1/fees/payments/:param/bounce POST /api/v1/fees/payments/:param/clear GET /api/v1/fees/pdc,finance@vivencia.test,pass,1,institution_admin super_admin,"/api/v1/fees/pdc 200, 4 rows",https://temperp.187-127-178-100.sslip.io at 2026-08-17 14:26
Accounts & Finance,Fee Workspace,Cheque Bounce Fine Engine,Assigned institution/campus,finance.fee_workspace.cheque_bounce_fine_engine,yes,finance/PDCRegister,POST /api/v1/fees/payments/:param/bounce POST /api/v1/fees/payments/:param/clear GET /api/v1/fees/pdc,finance@vivencia.test,pass,1,institution_admin super_admin,"/api/v1/fees/pdc 200, 4 rows",https://temperp.187-127-178-100.sslip.io at 2026-08-17 14:26
Accounts & Finance,Fee Workspace,Fee Refund Processing,Assigned institution/campus,finance.fee_workspace.fee_refund_processing,no,,,,not built,0,,"catalogued only. 6 of 26 features in “Fee Workspace” are working, so the section exists and this is a gap within it.",https://temperp.187-127-178-100.sslip.io at 2026-08-17 14:26
Accounts & Finance,Fee Workspace,Student Ledger 360,Assigned institution/campus,finance.fee_workspace.student_ledger_360,yes,finance/FeeCounter,POST /api/v1/fees/payments GET /api/v1/fees/receipts/:param GET /api/v1/fees/students/:param/ledger GET /api/v1/students,finance@vivencia.test,pass,3,institution_admin super_admin,"/api/v1/fees/receipts/:param 200; /api/v1/fees/students/:param/ledger 200, 6 rows; /api/v1/students 200, 50 rows",https://temperp.187-127-178-100.sslip.io at 2026-08-17 14:26
Accounts & Finance,Fee Workspace,Connected Banking Payouts,Assigned institution/campus,finance.fee_workspace.connected_banking_payouts,no,,,,not built,0,,"catalogued only. 6 of 26 features in “Fee Workspace” are working, so the section exists and this is a gap within it.",https://temperp.187-127-178-100.sslip.io at 2026-08-17 14:26
Accounts & Finance,Fee Workspace,Student Loan Assistance Portal,Assigned institution/campus,finance.fee_workspace.student_loan_assistance_portal,no,,,,not built,0,,"catalogued only. 6 of 26 features in “Fee Workspace” are working, so the section exists and this is a gap within it.",https://temperp.187-127-178-100.sslip.io at 2026-08-17 14:26
Accounts & Finance,Fee Workspace,Cashless Campus Wallet,Assigned campus,finance.fee_workspace.cashless_campus_wallet,no,,,,not built,0,,"catalogued only. 6 of 26 features in “Fee Workspace” are working, so the section exists and this is a gap within it.",https://temperp.187-127-178-100.sslip.io at 2026-08-17 14:26
Accounts & Finance,Fee Workspace,POS Canteen Terminal Integration,Assigned campus,finance.fee_workspace.pos_canteen_terminal_integration,no,,,,not built,0,,"catalogued only. 6 of 26 features in “Fee Workspace” are working, so the section exists and this is a gap within it.",https://temperp.187-127-178-100.sslip.io at 2026-08-17 14:26
Accounts & Finance,Fee Workspace,School Store & Merchandise Sales,Assigned campus,finance.fee_workspace.school_store_merchandise_sales,no,,,,not built,0,,"catalogued only. 6 of 26 features in “Fee Workspace” are working, so the section exists and this is a gap within it.",https://temperp.187-127-178-100.sslip.io at 2026-08-17 14:26
Accounts & Finance,Finance Workspace,Chart of Accounts Setup,Assigned institution/campus,finance.finance_workspace.chart_of_accounts_setup,no,,,,not built,0,,catalogued only. Nothing in “Finance Workspace” is built yet.,https://temperp.187-127-178-100.sslip.io at 2026-08-17 14:26
Accounts & Finance,Finance Workspace,Petty Cash Voucher Management,Assigned institution/campus,finance.finance_workspace.petty_cash_voucher_management,no,,,,not built,0,,catalogued only. Nothing in “Finance Workspace” is built yet.,https://temperp.187-127-178-100.sslip.io at 2026-08-17 14:26
Accounts & Finance,Finance Workspace,Vendor Management & Accounts Payable,Assigned institution/campus,finance.finance_workspace.vendor_management_accounts_payable,no,,,,not built,0,,catalogued only. Nothing in “Finance Workspace” is built yet.,https://temperp.187-127-178-100.sslip.io at 2026-08-17 14:26
Accounts & Finance,Finance Workspace,Budgeting & Variance Analysis,Assigned institution/campus,finance.finance_workspace.budgeting_variance_analysis,no,,,,not built,0,,catalogued only. Nothing in “Finance Workspace” is built yet.,https://temperp.187-127-178-100.sslip.io at 2026-08-17 14:26
Accounts & Finance,Finance Workspace,Bank Reconciliation Statement (BRS),Assigned institution/campus,finance.finance_workspace.bank_reconciliation_statement_brs,no,,,,not built,0,,catalogued only. Nothing in “Finance Workspace” is built yet.,https://temperp.187-127-178-100.sslip.io at 2026-08-17 14:26
Accounts & Finance,Finance Workspace,Daybook & Cashbook Reports,Assigned institution/campus,finance.finance_workspace.daybook_cashbook_reports,no,,,,not built,0,,catalogued only. Nothing in “Finance Workspace” is built yet.,https://temperp.187-127-178-100.sslip.io at 2026-08-17 14:26
Accounts & Finance,Finance Workspace,Tally Prime XML Export,Assigned institution/campus,finance.finance_workspace.tally_prime_xml_export,no,,,,not built,0,,catalogued only. Nothing in “Finance Workspace” is built yet.,https://temperp.187-127-178-100.sslip.io at 2026-08-17 14:26
Accounts & Finance,Finance Workspace,Financial Year Closing,Assigned institution/campus,finance.finance_workspace.financial_year_closing,no,,,,not built,0,,catalogued only. Nothing in “Finance Workspace” is built yet.,https://temperp.187-127-178-100.sslip.io at 2026-08-17 14:26
Accounts & Finance,Finance Workspace,Taxation & Audit Reports,Assigned institution/campus,finance.finance_workspace.taxation_audit_reports,no,,,,not built,0,,catalogued only. Nothing in “Finance Workspace” is built yet.,https://temperp.187-127-178-100.sslip.io at 2026-08-17 14:26
HR & Payroll,HR Workspace,Employee Master Directory,Assigned institution/campus,hr.hr_workspace.employee_master_directory,yes,hr/Dashboard,GET /api/v1/hr/dashboard GET /api/v1/hr/employees,hr@vivencia.test,pass,2,hod institution_admin super_admin,"/api/v1/hr/dashboard 200; /api/v1/hr/employees 200, 7 rows",https://temperp.187-127-178-100.sslip.io at 2026-08-17 14:26
HR & Payroll,HR Workspace,Staff Onboarding & KYC Verification,Assigned institution/campus,hr.hr_workspace.staff_onboarding_kyc_verification,no,,,,not built,0,,"catalogued only. 7 of 46 features in “HR Workspace” are working, so the section exists and this is a gap within it.",https://temperp.187-127-178-100.sslip.io at 2026-08-17 14:26
HR & Payroll,HR Workspace,Biometric Machine Attendance Sync,Assigned institution/campus,hr.hr_workspace.biometric_machine_attendance_sync,no,,,,not built,0,,"catalogued only. 7 of 46 features in “HR Workspace” are working, so the section exists and this is a gap within it.",https://temperp.187-127-178-100.sslip.io at 2026-08-17 14:26
HR & Payroll,HR Workspace,Staff Shift & Rostering,Assigned institution/campus,hr.hr_workspace.staff_shift_rostering,no,,,,not built,0,,"catalogued only. 7 of 46 features in “HR Workspace” are working, so the section exists and this is a gap within it.",https://temperp.187-127-178-100.sslip.io at 2026-08-17 14:26
HR & Payroll,HR Workspace,Leave Policy Configuration,Assigned institution/campus,hr.hr_workspace.leave_policy_configuration,no,,,,not built,0,,"catalogued only. 7 of 46 features in “HR Workspace” are working, so the section exists and this is a gap within it.",https://temperp.187-127-178-100.sslip.io at 2026-08-17 14:26
HR & Payroll,HR Workspace,Staff Leave Application Management,Assigned institution/campus,hr.hr_workspace.staff_leave_application_management,no,,,,not built,0,,"catalogued only. 7 of 46 features in “HR Workspace” are working, so the section exists and this is a gap within it.",https://temperp.187-127-178-100.sslip.io at 2026-08-17 14:26
HR & Payroll,HR Workspace,Late Arrival & Loss of Pay (LOP),Assigned institution/campus,hr.hr_workspace.late_arrival_loss_of_pay_lop,no,,,,not built,0,,"catalogued only. 7 of 46 features in “HR Workspace” are working, so the section exists and this is a gap within it.",https://temperp.187-127-178-100.sslip.io at 2026-08-17 14:26
HR & Payroll,HR Workspace,Salary Structure Builder,Assigned institution/campus,hr.hr_workspace.salary_structure_builder,yes,payroll/Payroll,GET /api/v1/payroll/payslips POST /api/v1/payroll/run,hr@vivencia.test,pass,1,institution_admin super_admin,"/api/v1/payroll/payslips 200, no rows",https://temperp.187-127-178-100.sslip.io at 2026-08-17 14:26
HR & Payroll,HR Workspace,Payroll Calculation Engine,Assigned institution/campus,hr.hr_workspace.payroll_calculation_engine,yes,payroll/Payroll,GET /api/v1/payroll/payslips POST /api/v1/payroll/run,hr@vivencia.test,pass,1,institution_admin super_admin,"/api/v1/payroll/payslips 200, no rows",https://temperp.187-127-178-100.sslip.io at 2026-08-17 14:26
HR & Payroll,HR Workspace,Payslip Generation & Email Dispatch,Assigned institution/campus,hr.hr_workspace.payslip_generation_email_dispatch,yes,payroll/Payroll,GET /api/v1/payroll/payslips POST /api/v1/payroll/run,hr@vivencia.test,pass,1,institution_admin super_admin,"/api/v1/payroll/payslips 200, no rows",https://temperp.187-127-178-100.sslip.io at 2026-08-17 14:26
HR & Payroll,HR Workspace,Direct Bank Payroll Transfer File,Assigned institution/campus,hr.hr_workspace.direct_bank_payroll_transfer_file,no,,,,not built,0,,"catalogued only. 7 of 46 features in “HR Workspace” are working, so the section exists and this is a gap within it.",https://temperp.187-127-178-100.sslip.io at 2026-08-17 14:26
HR & Payroll,HR Workspace,PF & ESI Statutory Compliance,Assigned institution/campus,hr.hr_workspace.pf_esi_statutory_compliance,no,,,,not built,0,,"catalogued only. 7 of 46 features in “HR Workspace” are working, so the section exists and this is a gap within it.",https://temperp.187-127-178-100.sslip.io at 2026-08-17 14:26
HR & Payroll,HR Workspace,Income Tax & Form 16 Generator,Assigned institution/campus,hr.hr_workspace.income_tax_form_16_generator,no,,,,not built,0,,"catalogued only. 7 of 46 features in “HR Workspace” are working, so the section exists and this is a gap within it.",https://temperp.187-127-178-100.sslip.io at 2026-08-17 14:26
HR & Payroll,HR Workspace,Staff Loan & Advance Management,Assigned institution/campus,hr.hr_workspace.staff_loan_advance_management,no,,,,not built,0,,"catalogued only. 7 of 46 features in “HR Workspace” are working, so the section exists and this is a gap within it.",https://temperp.187-127-178-100.sslip.io at 2026-08-17 14:26
HR & Payroll,HR Workspace,Annual Performance Appraisal (KPI),Assigned institution/campus,hr.hr_workspace.annual_performance_appraisal_kpi,no,,,,not built,0,,"catalogued only. 7 of 46 features in “HR Workspace” are working, so the section exists and this is a gap within it.",https://temperp.187-127-178-100.sslip.io at 2026-08-17 14:26
HR & Payroll,HR Workspace,Staff Experience & Relieving Cards,Assigned institution/campus,hr.hr_workspace.staff_experience_relieving_cards,no,,,,not built,0,,"catalogued only. 7 of 46 features in “HR Workspace” are working, so the section exists and this is a gap within it.",https://temperp.187-127-178-100.sslip.io at 2026-08-17 14:26
HR & Payroll,HR Workspace,Staff Recruitment & Job Portal,Assigned institution/campus,hr.hr_workspace.staff_recruitment_job_portal,no,,,,not built,0,,"catalogued only. 7 of 46 features in “HR Workspace” are working, so the section exists and this is a gap within it.",https://temperp.187-127-178-100.sslip.io at 2026-08-17 14:26
HR & Payroll,HR Workspace,Staff Training & Workshop Logs,Assigned institution/campus,hr.hr_workspace.staff_training_workshop_logs,no,,,,not built,0,,"catalogued only. 7 of 46 features in “HR Workspace” are working, so the section exists and this is a gap within it.",https://temperp.187-127-178-100.sslip.io at 2026-08-17 14:26
HR & Payroll,HR Workspace,Staff Birthday & Anniversary Alerts,Assigned institution/campus,hr.hr_workspace.staff_birthday_anniversary_alerts,no,,,,not built,0,,"catalogued only. 7 of 46 features in “HR Workspace” are working, so the section exists and this is a gap within it.",https://temperp.187-127-178-100.sslip.io at 2026-08-17 14:26
HR & Payroll,HR Workspace,Staff Recognition & Wall,Assigned institution/campus,hr.hr_workspace.staff_recognition_wall,no,,,,not built,0,,"catalogued only. 7 of 46 features in “HR Workspace” are working, so the section exists and this is a gap within it.",https://temperp.187-127-178-100.sslip.io at 2026-08-17 14:26
HR & Payroll,HR Workspace,Staff ID Card Printing,Assigned institution/campus,hr.hr_workspace.staff_id_card_printing,no,,,,not built,0,,"catalogued only. 7 of 46 features in “HR Workspace” are working, so the section exists and this is a gap within it.",https://temperp.187-127-178-100.sslip.io at 2026-08-17 14:26
HR & Payroll,HR Workspace,Substitute Workload Allowance,Assigned institution/campus,hr.hr_workspace.substitute_workload_allowance,no,,,,not built,0,,"catalogued only. 7 of 46 features in “HR Workspace” are working, so the section exists and this is a gap within it.",https://temperp.187-127-178-100.sslip.io at 2026-08-17 14:26
HR & Payroll,HR Workspace,Staff Grievance Cell,Assigned institution/campus,hr.hr_workspace.staff_grievance_cell,no,,,,not built,0,,"catalogued only. 7 of 46 features in “HR Workspace” are working, so the section exists and this is a gap within it.",https://temperp.187-127-178-100.sslip.io at 2026-08-17 14:26
HR & Payroll,HR Workspace,Employee Document Expiry Alerts,Assigned institution/campus,hr.hr_workspace.employee_document_expiry_alerts,no,,,,not built,0,,"catalogued only. 7 of 46 features in “HR Workspace” are working, so the section exists and this is a gap within it.",https://temperp.187-127-178-100.sslip.io at 2026-08-17 14:26
HR & Payroll,HR Workspace,Staff Exit Interview Management,Assigned institution/campus,hr.hr_workspace.staff_exit_interview_management,no,,,,not built,0,,"catalogued only. 7 of 46 features in “HR Workspace” are working, so the section exists and this is a gap within it.",https://temperp.187-127-178-100.sslip.io at 2026-08-17 14:26
Operations Staff,Transport Management,Vehicle Master Registry,Assigned campus,operations.transport_management.vehicle_master_registry,yes,operations/Workspace,GET /api/v1/operations/dashboard GET /api/v1/operations/library/loans GET /api/v1/operations/transport/vehicles,operations@vivencia.test,pass,3,institution_admin super_admin,"/api/v1/operations/dashboard 200; /api/v1/operations/library/loans 200, no rows; /api/v1/operations/transport/vehicles 200, no rows",https://temperp.187-127-178-100.sslip.io at 2026-08-17 14:26
Operations Staff,Transport Management,Driver & Attendant Profiles,Assigned campus,operations.transport_management.driver_attendant_profiles,no,,,,not built,0,,"catalogued only. 1 of 15 features in “Transport Management” are working, so the section exists and this is a gap within it.",https://temperp.187-127-178-100.sslip.io at 2026-08-17 14:26
Operations Staff,Transport Management,Route & Pickup Stop Mapping,Assigned campus,operations.transport_management.route_pickup_stop_mapping,no,,,,not built,0,,"catalogued only. 1 of 15 features in “Transport Management” are working, so the section exists and this is a gap within it.",https://temperp.187-127-178-100.sslip.io at 2026-08-17 14:26
Operations Staff,Transport Management,Student Route Assignment,Assigned campus,operations.transport_management.student_route_assignment,no,,,,not built,0,,"catalogued only. 1 of 15 features in “Transport Management” are working, so the section exists and this is a gap within it.",https://temperp.187-127-178-100.sslip.io at 2026-08-17 14:26
Operations Staff,Transport Management,Real-time Vehicle Tracking (VTS),Assigned campus,operations.transport_management.real_time_vehicle_tracking_vts,no,,,,not built,0,,"catalogued only. 1 of 15 features in “Transport Management” are working, so the section exists and this is a gap within it.",https://temperp.187-127-178-100.sslip.io at 2026-08-17 14:26
Operations Staff,Transport Management,Geo-fenced Bus Stop Alerts,Assigned campus,operations.transport_management.geo_fenced_bus_stop_alerts,no,,,,not built,0,,"catalogued only. 1 of 15 features in “Transport Management” are working, so the section exists and this is a gap within it.",https://temperp.187-127-178-100.sslip.io at 2026-08-17 14:26
Operations Staff,Transport Management,Bus Speeding & Rash Driving Alerts,Assigned campus,operations.transport_management.bus_speeding_rash_driving_alerts,no,,,,not built,0,,"catalogued only. 1 of 15 features in “Transport Management” are working, so the section exists and this is a gap within it.",https://temperp.187-127-178-100.sslip.io at 2026-08-17 14:26
Operations Staff,Transport Management,Transport Attendance Scans,Assigned campus,operations.transport_management.transport_attendance_scans,no,,,,not built,0,,"catalogued only. 1 of 15 features in “Transport Management” are working, so the section exists and this is a gap within it.",https://temperp.187-127-178-100.sslip.io at 2026-08-17 14:26
Operations Staff,Transport Management,Vehicle Fuel & Maintenance Log,Assigned campus,operations.transport_management.vehicle_fuel_maintenance_log,no,,,,not built,0,,"catalogued only. 1 of 15 features in “Transport Management” are working, so the section exists and this is a gap within it.",https://temperp.187-127-178-100.sslip.io at 2026-08-17 14:26
Operations Staff,Hostel Management,Hostel Building & Room Setup,Assigned campus,operations.hostel_management.hostel_building_room_setup,yes,ops2/Hostel,GET /api/v1/ops/hostel/occupancy,operations@vivencia.test,pass,1,institution_admin super_admin,"/api/v1/ops/hostel/occupancy 200, no rows",https://temperp.187-127-178-100.sslip.io at 2026-08-17 14:26
Operations Staff,Hostel Management,Room Allocation Engine,Assigned campus,operations.hostel_management.room_allocation_engine,yes,ops2/Hostel,GET /api/v1/ops/hostel/occupancy,operations@vivencia.test,pass,1,institution_admin super_admin,"/api/v1/ops/hostel/occupancy 200, no rows",https://temperp.187-127-178-100.sslip.io at 2026-08-17 14:26
Operations Staff,Hostel Management,Hostel Roll-Call Attendance,Assigned campus,operations.hostel_management.hostel_roll_call_attendance,no,,,,not built,0,,"catalogued only. 2 of 10 features in “Hostel Management” are working, so the section exists and this is a gap within it.",https://temperp.187-127-178-100.sslip.io at 2026-08-17 14:26
Operations Staff,Hostel Management,Digital Outpass Approval,Assigned campus,operations.hostel_management.digital_outpass_approval,no,,,,not built,0,,"catalogued only. 2 of 10 features in “Hostel Management” are working, so the section exists and this is a gap within it.",https://temperp.187-127-178-100.sslip.io at 2026-08-17 14:26
Operations Staff,Hostel Management,Hostel Visitor Log,Assigned campus,operations.hostel_management.hostel_visitor_log,no,,,,not built,0,,"catalogued only. 2 of 10 features in “Hostel Management” are working, so the section exists and this is a gap within it.",https://temperp.187-127-178-100.sslip.io at 2026-08-17 14:26
Operations Staff,Hostel Management,Mess Menu & Meal Management,Assigned campus,operations.hostel_management.mess_menu_meal_management,no,,,,not built,0,,"catalogued only. 2 of 10 features in “Hostel Management” are working, so the section exists and this is a gap within it.",https://temperp.187-127-178-100.sslip.io at 2026-08-17 14:26
Operations Staff,Hostel Management,Hostel Complaint Ticketing,Assigned campus,operations.hostel_management.hostel_complaint_ticketing,no,,,,not built,0,,"catalogued only. 2 of 10 features in “Hostel Management” are working, so the section exists and this is a gap within it.",https://temperp.187-127-178-100.sslip.io at 2026-08-17 14:26
Operations Staff,Library Management,Book Cataloging & Accession Register,Assigned campus,operations.library_management.book_cataloging_accession_register,no,,,,not built,0,,"catalogued only. 1 of 8 features in “Library Management” are working, so the section exists and this is a gap within it.",https://temperp.187-127-178-100.sslip.io at 2026-08-17 14:26
Operations Staff,Library Management,Barcode & Spine Label Printing,Assigned campus,operations.library_management.barcode_spine_label_printing,no,,,,not built,0,,"catalogued only. 1 of 8 features in “Library Management” are working, so the section exists and this is a gap within it.",https://temperp.187-127-178-100.sslip.io at 2026-08-17 14:26
Operations Staff,Library Management,Book Issue & Return Terminal,Assigned campus,operations.library_management.book_issue_return_terminal,yes,operations/Workspace,GET /api/v1/operations/dashboard GET /api/v1/operations/library/loans GET /api/v1/operations/transport/vehicles,operations@vivencia.test,pass,3,institution_admin super_admin,"/api/v1/operations/dashboard 200; /api/v1/operations/library/loans 200, no rows; /api/v1/operations/transport/vehicles 200, no rows",https://temperp.187-127-178-100.sslip.io at 2026-08-17 14:26
Operations Staff,Library Management,Overdue Fine Calculation,Assigned campus,operations.library_management.overdue_fine_calculation,no,,,,not built,0,,"catalogued only. 1 of 8 features in “Library Management” are working, so the section exists and this is a gap within it.",https://temperp.187-127-178-100.sslip.io at 2026-08-17 14:26
Operations Staff,Library Management,OPAC Digital Book Search,Assigned campus,operations.library_management.opac_digital_book_search,no,,,,not built,0,,"catalogued only. 1 of 8 features in “Library Management” are working, so the section exists and this is a gap within it.",https://temperp.187-127-178-100.sslip.io at 2026-08-17 14:26
Operations Staff,Library Management,Library Inventory Audit,Assigned campus,operations.library_management.library_inventory_audit,no,,,,not built,0,,"catalogued only. 1 of 8 features in “Library Management” are working, so the section exists and this is a gap within it.",https://temperp.187-127-178-100.sslip.io at 2026-08-17 14:26
Operations Staff,Infirmary,Student Health Master File,Assigned campus,operations.infirmary.student_health_master_file,no,,,,not built,0,,catalogued only. Nothing in “Infirmary” is built yet.,https://temperp.187-127-178-100.sslip.io at 2026-08-17 14:26
Operations Staff,Infirmary,Daily Nurse Visit Log,Assigned campus,operations.infirmary.daily_nurse_visit_log,no,,,,not built,0,,catalogued only. Nothing in “Infirmary” is built yet.,https://temperp.187-127-178-100.sslip.io at 2026-08-17 14:26
Operations Staff,Infirmary,Medication Admin Register,Assigned campus,operations.infirmary.medication_admin_register,no,,,,not built,0,,catalogued only. Nothing in “Infirmary” is built yet.,https://temperp.187-127-178-100.sslip.io at 2026-08-17 14:26
Operations Staff,Infirmary,Emergency Health Alerts,Assigned campus,operations.infirmary.emergency_health_alerts,no,,,,not built,0,,catalogued only. Nothing in “Infirmary” is built yet.,https://temperp.187-127-178-100.sslip.io at 2026-08-17 14:26
Operations Staff,Infirmary,Annual Health Checkup Records,Assigned campus,operations.infirmary.annual_health_checkup_records,no,,,,not built,0,,catalogued only. Nothing in “Infirmary” is built yet.,https://temperp.187-127-178-100.sslip.io at 2026-08-17 14:26
Operations Staff,Inventory & Stores,Item Category & Store Setup,Assigned campus,operations.inventory_stores.item_category_store_setup,yes,ops2/Inventory,GET /api/v1/ops/inventory/stock,operations@vivencia.test,pass,1,institution_admin super_admin,"/api/v1/ops/inventory/stock 200, no rows",https://temperp.187-127-178-100.sslip.io at 2026-08-17 14:26
Operations Staff,Inventory & Stores,Purchase Order Workflow,Assigned campus,operations.inventory_stores.purchase_order_workflow,no,,,,not built,0,,"catalogued only. 2 of 4 features in “Inventory & Stores” are working, so the section exists and this is a gap within it.",https://temperp.187-127-178-100.sslip.io at 2026-08-17 14:26
Operations Staff,Inventory & Stores,Department Stock Issuance,Assigned campus,operations.inventory_stores.department_stock_issuance,yes,ops2/Inventory,GET /api/v1/ops/inventory/stock,operations@vivencia.test,pass,1,institution_admin super_admin,"/api/v1/ops/inventory/stock 200, no rows",https://temperp.187-127-178-100.sslip.io at 2026-08-17 14:26
Parent / Guardian,Parent Mobile App,Real-Time Push Notifications,Specific student,parent.parent_mobile_app.real_time_push_notifications,no,,,,not built,0,,"catalogued only. 5 of 35 features in “Parent Mobile App” are working, so the section exists and this is a gap within it.",https://temperp.187-127-178-100.sslip.io at 2026-08-17 14:26
Parent / Guardian,Parent Mobile App,Live Bus Tracking Map,Specific student,parent.parent_mobile_app.live_bus_tracking_map,no,,,,not built,0,,"catalogued only. 5 of 35 features in “Parent Mobile App” are working, so the section exists and this is a gap within it.",https://temperp.187-127-178-100.sslip.io at 2026-08-17 14:26
Parent / Guardian,Parent Mobile App,One-Touch Online Fee Payment,Specific student,parent.parent_mobile_app.one_touch_online_fee_payment,yes,portal/Fees,GET /api/v1/portal/fees GET /api/v1/portal/students,parent@vivencia.test,pass,2,admissions faculty finance hod hr institution_admin operations seller_admin student super_admin,"/api/v1/portal/fees no demo record to address; /api/v1/portal/students 200, 4 rows",https://temperp.187-127-178-100.sslip.io at 2026-08-17 14:26
Parent / Guardian,Parent Mobile App,Digital Report Card Downloads,Specific student,parent.parent_mobile_app.digital_report_card_downloads,yes,portal/Results,GET /api/v1/portal/results GET /api/v1/portal/students,parent@vivencia.test,pass,2,admissions faculty finance hod hr institution_admin operations seller_admin student super_admin,"/api/v1/portal/results no demo record to address; /api/v1/portal/students 200, 4 rows",https://temperp.187-127-178-100.sslip.io at 2026-08-17 14:26
Parent / Guardian,Parent Mobile App,Child Attendance Calendar,Specific student,parent.parent_mobile_app.child_attendance_calendar,yes,portal/Portal,GET /api/v1/portal/attendance GET /api/v1/portal/students GET /api/v1/portal/summary,parent@vivencia.test,pass,3,admissions faculty finance hod hr institution_admin operations seller_admin student super_admin,"/api/v1/portal/attendance no demo record to address; /api/v1/portal/students 200, 4 rows; /api/v1/portal/summary 200",https://temperp.187-127-178-100.sslip.io at 2026-08-17 14:26
Parent / Guardian,Parent Mobile App,Homework & Subject Material,Specific student,parent.parent_mobile_app.homework_subject_material,yes,workflow/Homework,GET /api/v1/academics/sections GET /api/v1/academics/subjects GET/POST /api/v1/homework POST /api/v1/homework/:param/submit GET /api/v1/session,parent@vivencia.test,pass,4,admissions faculty finance hod hr institution_admin operations seller_admin student super_admin,"/api/v1/academics/sections 403 to parent — sub-view for staff only; /api/v1/academics/subjects 403 to parent — sub-view for staff only; /api/v1/homework 200, 10 rows; /api/v1/session 200",https://temperp.187-127-178-100.sslip.io at 2026-08-17 14:26
Parent / Guardian,Parent Mobile App,Direct Teacher Messaging,Specific student,parent.parent_mobile_app.direct_teacher_messaging,no,,,,not built,0,,"catalogued only. 5 of 35 features in “Parent Mobile App” are working, so the section exists and this is a gap within it.",https://temperp.187-127-178-100.sslip.io at 2026-08-17 14:26
Parent / Guardian,Parent Mobile App,Apply Student Leave,Specific student,parent.parent_mobile_app.apply_student_leave,no,,,,not built,0,,"catalogued only. 5 of 35 features in “Parent Mobile App” are working, so the section exists and this is a gap within it.",https://temperp.187-127-178-100.sslip.io at 2026-08-17 14:26
Parent / Guardian,Parent Mobile App,School Photo & Video Gallery,Specific student,parent.parent_mobile_app.school_photo_video_gallery,no,,,,not built,0,,"catalogued only. 5 of 35 features in “Parent Mobile App” are working, so the section exists and this is a gap within it.",https://temperp.187-127-178-100.sslip.io at 2026-08-17 14:26
Parent / Guardian,Parent Mobile App,Parent-Teacher Meeting Booking,Specific student,parent.parent_mobile_app.parent_teacher_meeting_booking,no,,,,not built,0,,"catalogued only. 5 of 35 features in “Parent Mobile App” are working, so the section exists and this is a gap within it.",https://temperp.187-127-178-100.sslip.io at 2026-08-17 14:26
Parent / Guardian,Parent Mobile App,Concerns & Grievance Ticketing,Specific student,parent.parent_mobile_app.concerns_grievance_ticketing,no,,,,not built,0,,"catalogued only. 5 of 35 features in “Parent Mobile App” are working, so the section exists and this is a gap within it.",https://temperp.187-127-178-100.sslip.io at 2026-08-17 14:26
Parent / Guardian,Parent Mobile App,Digital Parent Consent Slips,Specific student,parent.parent_mobile_app.digital_parent_consent_slips,no,,,,not built,0,,"catalogued only. 5 of 35 features in “Parent Mobile App” are working, so the section exists and this is a gap within it.",https://temperp.187-127-178-100.sslip.io at 2026-08-17 14:26
Student,Student Portal,Student Personalized Dashboard,Specific student,student.student_portal.student_personalized_dashboard,yes,portal/Portal,GET /api/v1/portal/attendance GET /api/v1/portal/students GET /api/v1/portal/summary,student@vivencia.test,pass,3,admissions faculty finance hod hr institution_admin operations parent seller_admin super_admin,"/api/v1/portal/attendance no demo record to address; /api/v1/portal/students 200, 1 rows; /api/v1/portal/summary 200",https://temperp.187-127-178-100.sslip.io at 2026-08-17 14:26
Student,Student Portal,E-Learning Resource Hub,Specific student,student.student_portal.e_learning_resource_hub,no,,,,not built,0,,"catalogued only. 2 of 33 features in “Student Portal” are working, so the section exists and this is a gap within it.",https://temperp.187-127-178-100.sslip.io at 2026-08-17 14:26
Student,Student Portal,Online Exam Attempt Engine,Specific student,student.student_portal.online_exam_attempt_engine,no,,,,not built,0,,"catalogued only. 2 of 33 features in “Student Portal” are working, so the section exists and this is a gap within it.",https://temperp.187-127-178-100.sslip.io at 2026-08-17 14:26
Student,Student Portal,Digital Assignment Upload,Specific student,student.student_portal.digital_assignment_upload,yes,workflow/Homework,GET /api/v1/academics/sections GET /api/v1/academics/subjects GET/POST /api/v1/homework POST /api/v1/homework/:param/submit GET /api/v1/session,student@vivencia.test,pass,4,admissions faculty finance hod hr institution_admin operations parent seller_admin super_admin,"/api/v1/academics/sections 403 to student — sub-view for staff only; /api/v1/academics/subjects 403 to student — sub-view for staff only; /api/v1/homework 200, 10 rows; /api/v1/session 200",https://temperp.187-127-178-100.sslip.io at 2026-08-17 14:26
Student,Student Portal,Digital Diary & Schedule,Specific student,student.student_portal.digital_diary_schedule,no,,,,not built,0,,"catalogued only. 2 of 33 features in “Student Portal” are working, so the section exists and this is a gap within it.",https://temperp.187-127-178-100.sslip.io at 2026-08-17 14:26
Student,Student Portal,Student Wall & Peer Recognition,Specific student,student.student_portal.student_wall_peer_recognition,no,,,,not built,0,,"catalogued only. 2 of 33 features in “Student Portal” are working, so the section exists and this is a gap within it.",https://temperp.187-127-178-100.sslip.io at 2026-08-17 14:26
Student,Student Portal,Student Portfolio Management,Specific student,student.student_portal.student_portfolio_management,no,,,,not built,0,,"catalogued only. 2 of 33 features in “Student Portal” are working, so the section exists and this is a gap within it.",https://temperp.187-127-178-100.sslip.io at 2026-08-17 14:26
Student,Student Portal,Alumni Network Registration,Specific student,student.student_portal.alumni_network_registration,no,,,,not built,0,,"catalogued only. 2 of 33 features in “Student Portal” are working, so the section exists and this is a gap within it.",https://temperp.187-127-178-100.sslip.io at 2026-08-17 14:26
Admissions & Front Office,Admissions Workspace,Prospectus & Kit Sales Log,Assigned institution/campus,admissions.admissions_workspace.prospectus_kit_sales_log,no,,,,not built,0,,"catalogued only. 9 of 41 features in “Admissions Workspace” are working, so the section exists and this is a gap within it.",https://temperp.187-127-178-100.sslip.io at 2026-08-17 14:26
Admissions & Front Office,Admissions Workspace,Admissions Open Day Scheduler,Assigned institution/campus,admissions.admissions_workspace.admissions_open_day_scheduler,no,,,,not built,0,,"catalogued only. 9 of 41 features in “Admissions Workspace” are working, so the section exists and this is a gap within it.",https://temperp.187-127-178-100.sslip.io at 2026-08-17 14:26
Admissions & Front Office,Admissions Workspace,UTM Tracking & Digital Campaign attribution,Assigned institution/campus,admissions.admissions_workspace.utm_tracking_digital_campaign_attribution,no,,,,not built,0,,"catalogued only. 9 of 41 features in “Admissions Workspace” are working, so the section exists and this is a gap within it.",https://temperp.187-127-178-100.sslip.io at 2026-08-17 14:26
Admissions & Front Office,Admissions Workspace,Sibling Priority Auto-Matching,Assigned institution/campus,admissions.admissions_workspace.sibling_priority_auto_matching,no,,,,not built,0,,"catalogued only. 9 of 41 features in “Admissions Workspace” are working, so the section exists and this is a gap within it.",https://temperp.187-127-178-100.sslip.io at 2026-08-17 14:26
Admissions & Front Office,Admissions Workspace,Alumni Child Quota Allocation,Assigned institution/campus,admissions.admissions_workspace.alumni_child_quota_allocation,no,,,,not built,0,,"catalogued only. 9 of 41 features in “Admissions Workspace” are working, so the section exists and this is a gap within it.",https://temperp.187-127-178-100.sslip.io at 2026-08-17 14:26
Admissions & Front Office,Admissions Workspace,RTE (Right to Education) Quota Tracking,Assigned institution/campus,admissions.admissions_workspace.rte_right_to_education_quota_tracking,yes,admissions/Pipeline,GET /api/v1/academics/sections POST /api/v1/admissions/workflow/applications/:param/decision POST /api/v1/admissions/workflow/applications/:param/enrol GET /api/v1/admissions/workflow/funnel GET /api/v1/admissions/workflow/merit GET /api/v1/admissions/workflow/seats,admissions@vivencia.test,pass,4,faculty finance hod hr institution_admin operations super_admin,"/api/v1/academics/sections 200, 8 rows; /api/v1/admissions/workflow/funnel 200, 5 rows; /api/v1/admissions/workflow/merit 200, 4 rows; /api/v1/admissions/workflow/seats 200, 4 rows",https://temperp.187-127-178-100.sslip.io at 2026-08-17 14:26
Admissions & Front Office,Admissions Workspace,Applicant Medical Fitness Declaration,Assigned institution/campus,admissions.admissions_workspace.applicant_medical_fitness_declaration,no,,,,not built,0,,"catalogued only. 9 of 41 features in “Admissions Workspace” are working, so the section exists and this is a gap within it.",https://temperp.187-127-178-100.sslip.io at 2026-08-17 14:26
Admissions & Front Office,Admissions Workspace,Foreign / NRI Student Visa Documentation,Assigned institution/campus,admissions.admissions_workspace.foreign_nri_student_visa_documentation,no,,,,not built,0,,"catalogued only. 9 of 41 features in “Admissions Workspace” are working, so the section exists and this is a gap within it.",https://temperp.187-127-178-100.sslip.io at 2026-08-17 14:26
Admissions & Front Office,Admissions Workspace,Admission Waitlist Management,Assigned institution/campus,admissions.admissions_workspace.admission_waitlist_management,no,,,,not built,0,,"catalogued only. 9 of 41 features in “Admissions Workspace” are working, so the section exists and this is a gap within it.",https://temperp.187-127-178-100.sslip.io at 2026-08-17 14:26
Operations Staff,Transport Management,Fuel Sensor & Mileage Telematics,Assigned campus,operations.transport_management.fuel_sensor_mileage_telematics,no,,,,not built,0,,"catalogued only. 1 of 15 features in “Transport Management” are working, so the section exists and this is a gap within it.",https://temperp.187-127-178-100.sslip.io at 2026-08-17 14:26
Operations Staff,Transport Management,Driver Sobriety & Safety Checklist,Assigned campus,operations.transport_management.driver_sobriety_safety_checklist,no,,,,not built,0,,"catalogued only. 1 of 15 features in “Transport Management” are working, so the section exists and this is a gap within it.",https://temperp.187-127-178-100.sslip.io at 2026-08-17 14:26
Operations Staff,Transport Management,Bus Breakdown Emergency Dispatch,Assigned campus,operations.transport_management.bus_breakdown_emergency_dispatch,no,,,,not built,0,,"catalogued only. 1 of 15 features in “Transport Management” are working, so the section exists and this is a gap within it.",https://temperp.187-127-178-100.sslip.io at 2026-08-17 14:26
Operations Staff,Transport Management,Seatbelt & CCTV Video Streaming,Assigned campus,operations.transport_management.seatbelt_cctv_video_streaming,no,,,,not built,0,,"catalogued only. 1 of 15 features in “Transport Management” are working, so the section exists and this is a gap within it.",https://temperp.187-127-178-100.sslip.io at 2026-08-17 14:26
Operations Staff,Hostel Management,Night Study Room Attendance,Assigned campus,operations.hostel_management.night_study_room_attendance,no,,,,not built,0,,"catalogued only. 2 of 10 features in “Hostel Management” are working, so the section exists and this is a gap within it.",https://temperp.187-127-178-100.sslip.io at 2026-08-17 14:26
Operations Staff,Hostel Management,Boarder Laundry Tracking,Assigned campus,operations.hostel_management.boarder_laundry_tracking,no,,,,not built,0,,"catalogued only. 2 of 10 features in “Hostel Management” are working, so the section exists and this is a gap within it.",https://temperp.187-127-178-100.sslip.io at 2026-08-17 14:26
Operations Staff,Hostel Management,Room Inventory Checklists,Assigned campus,operations.hostel_management.room_inventory_checklists,no,,,,not built,0,,"catalogued only. 2 of 10 features in “Hostel Management” are working, so the section exists and this is a gap within it.",https://temperp.187-127-178-100.sslip.io at 2026-08-17 14:26
Operations Staff,Library Management,Digital E-Book & Journal Integration,Assigned campus,operations.library_management.digital_e_book_journal_integration,no,,,,not built,0,,"catalogued only. 1 of 8 features in “Library Management” are working, so the section exists and this is a gap within it.",https://temperp.187-127-178-100.sslip.io at 2026-08-17 14:26
Operations Staff,Library Management,Book Reservation Queue,Assigned campus,operations.library_management.book_reservation_queue,no,,,,not built,0,,"catalogued only. 1 of 8 features in “Library Management” are working, so the section exists and this is a gap within it.",https://temperp.187-127-178-100.sslip.io at 2026-08-17 14:26
Parent / Guardian,Parent Mobile App,Multi-Child Single Login Switch,Specific student,parent.parent_mobile_app.multi_child_single_login_switch,yes,portal/Portal,GET /api/v1/portal/attendance GET /api/v1/portal/students GET /api/v1/portal/summary,parent@vivencia.test,pass,3,admissions faculty finance hod hr institution_admin operations seller_admin student super_admin,"/api/v1/portal/attendance no demo record to address; /api/v1/portal/students 200, 4 rows; /api/v1/portal/summary 200",https://temperp.187-127-178-100.sslip.io at 2026-08-17 14:26
Parent / Guardian,Parent Mobile App,Parent Community Discussion Forum,Specific student,parent.parent_mobile_app.parent_community_discussion_forum,no,,,,not built,0,,"catalogued only. 5 of 35 features in “Parent Mobile App” are working, so the section exists and this is a gap within it.",https://temperp.187-127-178-100.sslip.io at 2026-08-17 14:26
Parent / Guardian,Parent Mobile App,Digital Student ID Card View,Specific student,parent.parent_mobile_app.digital_student_id_card_view,no,,,,not built,0,,"catalogued only. 5 of 35 features in “Parent Mobile App” are working, so the section exists and this is a gap within it.",https://temperp.187-127-178-100.sslip.io at 2026-08-17 14:26
Student,Student Portal,Peer Tutoring & Study Groups,Specific student,student.student_portal.peer_tutoring_study_groups,no,,,,not built,0,,"catalogued only. 2 of 33 features in “Student Portal” are working, so the section exists and this is a gap within it.",https://temperp.187-127-178-100.sslip.io at 2026-08-17 14:26
Student,Student Portal,Lost & Found Item Board,Specific student,student.student_portal.lost_found_item_board,no,,,,not built,0,,"catalogued only. 2 of 33 features in “Student Portal” are working, so the section exists and this is a gap within it.",https://temperp.187-127-178-100.sslip.io at 2026-08-17 14:26
Super Admin,AI & Automation,Predictive Dropout Risk Engine,All institutions / all campuses,super_admin.ai_automation.predictive_dropout_risk_engine,no,,,,not built,0,,catalogued only. Nothing in “AI & Automation” is built yet.,https://temperp.187-127-178-100.sslip.io at 2026-08-17 14:26
Super Admin,AI & Automation,Automated Timetable Optimizer,All institutions / all campuses,super_admin.ai_automation.automated_timetable_optimizer,no,,,,not built,0,,catalogued only. Nothing in “AI & Automation” is built yet.,https://temperp.187-127-178-100.sslip.io at 2026-08-17 14:26
Super Admin,AI & Automation,AI Sentiment Analysis on Feedback,All institutions / all campuses,super_admin.ai_automation.ai_sentiment_analysis_on_feedback,no,,,,not built,0,,catalogued only. Nothing in “AI & Automation” is built yet.,https://temperp.187-127-178-100.sslip.io at 2026-08-17 14:26
Super Admin,AI & Automation,Automated Exam Question Translation,All institutions / all campuses,super_admin.ai_automation.automated_exam_question_translation,no,,,,not built,0,,catalogued only. Nothing in “AI & Automation” is built yet.,https://temperp.187-127-178-100.sslip.io at 2026-08-17 14:26
Super Admin,AI & Automation,Smart Fee Cash Flow Predictor,All institutions / all campuses,super_admin.ai_automation.smart_fee_cash_flow_predictor,no,,,,not built,0,,catalogued only. Nothing in “AI & Automation” is built yet.,https://temperp.187-127-178-100.sslip.io at 2026-08-17 14:26
Parent / Guardian,Parent Mobile App,AI Voice Search for School Notices,Specific student,parent.parent_mobile_app.ai_voice_search_for_school_notices,no,,,,not built,0,,"catalogued only. 5 of 35 features in “Parent Mobile App” are working, so the section exists and this is a gap within it.",https://temperp.187-127-178-100.sslip.io at 2026-08-17 14:26
Parent / Guardian,Parent Mobile App,AI Child Performance Summary Audio,Specific student,parent.parent_mobile_app.ai_child_performance_summary_audio,no,,,,not built,0,,"catalogued only. 5 of 35 features in “Parent Mobile App” are working, so the section exists and this is a gap within it.",https://temperp.187-127-178-100.sslip.io at 2026-08-17 14:26
Student,Student Portal,AI Personal Learning Companion,Specific student,student.student_portal.ai_personal_learning_companion,no,,,,not built,0,,"catalogued only. 2 of 33 features in “Student Portal” are working, so the section exists and this is a gap within it.",https://temperp.187-127-178-100.sslip.io at 2026-08-17 14:26
HR & Payroll,HR Workspace,Staff Criminal Background Verification,Assigned institution/campus,hr.hr_workspace.staff_criminal_background_verification,no,,,,not built,0,,"catalogued only. 7 of 46 features in “HR Workspace” are working, so the section exists and this is a gap within it.",https://temperp.187-127-178-100.sslip.io at 2026-08-17 14:26
HR & Payroll,HR Workspace,Medical Fitness Certificate Registry,Assigned institution/campus,hr.hr_workspace.medical_fitness_certificate_registry,no,,,,not built,0,,"catalogued only. 7 of 46 features in “HR Workspace” are working, so the section exists and this is a gap within it.",https://temperp.187-127-178-100.sslip.io at 2026-08-17 14:26
Parent / Guardian,Parent Mobile App,IEP Progress Goal Tracker,Specific student,parent.parent_mobile_app.iep_progress_goal_tracker,no,,,,not built,0,,"catalogued only. 5 of 35 features in “Parent Mobile App” are working, so the section exists and this is a gap within it.",https://temperp.187-127-178-100.sslip.io at 2026-08-17 14:26
Parent / Guardian,Parent Mobile App,Private Counselor Chat Channel,Specific student,parent.parent_mobile_app.private_counselor_chat_channel,no,,,,not built,0,,"catalogued only. 5 of 35 features in “Parent Mobile App” are working, so the section exists and this is a gap within it.",https://temperp.187-127-178-100.sslip.io at 2026-08-17 14:26
Student,Student Portal,Wellness & Mood Check-In Widget,Specific student,student.student_portal.wellness_mood_check_in_widget,no,,,,not built,0,,"catalogued only. 2 of 33 features in “Student Portal” are working, so the section exists and this is a gap within it.",https://temperp.187-127-178-100.sslip.io at 2026-08-17 14:26
Student,Student Portal,Self-Referral to School Counselor,Specific student,student.student_portal.self_referral_to_school_counselor,no,,,,not built,0,,"catalogued only. 2 of 33 features in “Student Portal” are working, so the section exists and this is a gap within it.",https://temperp.187-127-178-100.sslip.io at 2026-08-17 14:26
Parent / Guardian,Parent Mobile App,Live Event Seating Pass,Specific student,parent.parent_mobile_app.live_event_seating_pass,no,,,,not built,0,,"catalogued only. 5 of 35 features in “Parent Mobile App” are working, so the section exists and this is a gap within it.",https://temperp.187-127-178-100.sslip.io at 2026-08-17 14:26
Student,Student Portal,Digital Hall of Fame,Specific student,student.student_portal.digital_hall_of_fame,no,,,,not built,0,,"catalogued only. 2 of 33 features in “Student Portal” are working, so the section exists and this is a gap within it.",https://temperp.187-127-178-100.sslip.io at 2026-08-17 14:26
Student,Student Portal,Alumni Job & Internship Board,Specific student,student.student_portal.alumni_job_internship_board,no,,,,not built,0,,"catalogued only. 2 of 33 features in “Student Portal” are working, so the section exists and this is a gap within it.",https://temperp.187-127-178-100.sslip.io at 2026-08-17 14:26
Student,Student Portal,Global University Guidance Counselor,Specific student,student.student_portal.global_university_guidance_counselor,no,,,,not built,0,,"catalogued only. 2 of 33 features in “Student Portal” are working, so the section exists and this is a gap within it.",https://temperp.187-127-178-100.sslip.io at 2026-08-17 14:26
HR & Payroll,HR Workspace,Biometric Punch In/Out Grace Period,Assigned institution/campus,hr.hr_workspace.biometric_punch_in_out_grace_period,no,,,,not built,0,,"catalogued only. 7 of 46 features in “HR Workspace” are working, so the section exists and this is a gap within it.",https://temperp.187-127-178-100.sslip.io at 2026-08-17 14:26
HR & Payroll,HR Workspace,Half-Day Leave Deduction Calculation,Assigned institution/campus,hr.hr_workspace.half_day_leave_deduction_calculation,no,,,,not built,0,,"catalogued only. 7 of 46 features in “HR Workspace” are working, so the section exists and this is a gap within it.",https://temperp.187-127-178-100.sslip.io at 2026-08-17 14:26
HR & Payroll,HR Workspace,Overtime (OT) Rate Setup,Assigned institution/campus,hr.hr_workspace.overtime_ot_rate_setup,no,,,,not built,0,,"catalogued only. 7 of 46 features in “HR Workspace” are working, so the section exists and this is a gap within it.",https://temperp.187-127-178-100.sslip.io at 2026-08-17 14:26
HR & Payroll,HR Workspace,PF Encashment & Loan Deduction,Assigned institution/campus,hr.hr_workspace.pf_encashment_loan_deduction,no,,,,not built,0,,"catalogued only. 7 of 46 features in “HR Workspace” are working, so the section exists and this is a gap within it.",https://temperp.187-127-178-100.sslip.io at 2026-08-17 14:26
HR & Payroll,HR Workspace,Professional Tax (PT) Slab Configuration,Assigned institution/campus,hr.hr_workspace.professional_tax_pt_slab_configuration,no,,,,not built,0,,"catalogued only. 7 of 46 features in “HR Workspace” are working, so the section exists and this is a gap within it.",https://temperp.187-127-178-100.sslip.io at 2026-08-17 14:26
HR & Payroll,HR Workspace,Employee CTC Breakup Calculator,Assigned institution/campus,hr.hr_workspace.employee_ctc_breakup_calculator,no,,,,not built,0,,"catalogued only. 7 of 46 features in “HR Workspace” are working, so the section exists and this is a gap within it.",https://temperp.187-127-178-100.sslip.io at 2026-08-17 14:26
HR & Payroll,HR Workspace,Staff Gratuity Liability Estimator,Assigned institution/campus,hr.hr_workspace.staff_gratuity_liability_estimator,no,,,,not built,0,,"catalogued only. 7 of 46 features in “HR Workspace” are working, so the section exists and this is a gap within it.",https://temperp.187-127-178-100.sslip.io at 2026-08-17 14:26
HR & Payroll,HR Workspace,Contractor / Security Staff Bill Verification,Assigned institution/campus,hr.hr_workspace.contractor_security_staff_bill_verification,no,,,,not built,0,,"catalogued only. 7 of 46 features in “HR Workspace” are working, so the section exists and this is a gap within it.",https://temperp.187-127-178-100.sslip.io at 2026-08-17 14:26
HR & Payroll,HR Workspace,Staff Service Book Digitalization,Assigned institution/campus,hr.hr_workspace.staff_service_book_digitalization,no,,,,not built,0,,"catalogued only. 7 of 46 features in “HR Workspace” are working, so the section exists and this is a gap within it.",https://temperp.187-127-178-100.sslip.io at 2026-08-17 14:26
HR & Payroll,HR Workspace,Teacher Relieving No-Deduction Clearance,Assigned institution/campus,hr.hr_workspace.teacher_relieving_no_deduction_clearance,no,,,,not built,0,,"catalogued only. 7 of 46 features in “HR Workspace” are working, so the section exists and this is a gap within it.",https://temperp.187-127-178-100.sslip.io at 2026-08-17 14:26
Parent / Guardian,Parent Mobile App,Multi-Language App Interface Toggle,Specific student,parent.parent_mobile_app.multi_language_app_interface_toggle,no,,,,not built,0,,"catalogued only. 5 of 35 features in “Parent Mobile App” are working, so the section exists and this is a gap within it.",https://temperp.187-127-178-100.sslip.io at 2026-08-17 14:26
Parent / Guardian,Parent Mobile App,Child Absence Reporting Button,Specific student,parent.parent_mobile_app.child_absence_reporting_button,no,,,,not built,0,,"catalogued only. 5 of 35 features in “Parent Mobile App” are working, so the section exists and this is a gap within it.",https://temperp.187-127-178-100.sslip.io at 2026-08-17 14:26
Parent / Guardian,Parent Mobile App,Digital Fee Receipt PDF Download,Specific student,parent.parent_mobile_app.digital_fee_receipt_pdf_download,no,,,,not built,0,,"catalogued only. 5 of 35 features in “Parent Mobile App” are working, so the section exists and this is a gap within it.",https://temperp.187-127-178-100.sslip.io at 2026-08-17 14:26
Parent / Guardian,Parent Mobile App,School Transport Driver Call Button,Specific student,parent.parent_mobile_app.school_transport_driver_call_button,no,,,,not built,0,,"catalogued only. 5 of 35 features in “Parent Mobile App” are working, so the section exists and this is a gap within it.",https://temperp.187-127-178-100.sslip.io at 2026-08-17 14:26
Parent / Guardian,Parent Mobile App,PTM Appointment Reminder Alert,Specific student,parent.parent_mobile_app.ptm_appointment_reminder_alert,no,,,,not built,0,,"catalogued only. 5 of 35 features in “Parent Mobile App” are working, so the section exists and this is a gap within it.",https://temperp.187-127-178-100.sslip.io at 2026-08-17 14:26
Student,Student Portal,Classmate Homework Help Forum,Specific student,student.student_portal.classmate_homework_help_forum,no,,,,not built,0,,"catalogued only. 2 of 33 features in “Student Portal” are working, so the section exists and this is a gap within it.",https://temperp.187-127-178-100.sslip.io at 2026-08-17 14:26
Student,Student Portal,Digital Hall Ticket Download,Specific student,student.student_portal.digital_hall_ticket_download,no,,,,not built,0,,"catalogued only. 2 of 33 features in “Student Portal” are working, so the section exists and this is a gap within it.",https://temperp.187-127-178-100.sslip.io at 2026-08-17 14:26
Student,Student Portal,Target Grade Calculator,Specific student,student.student_portal.target_grade_calculator,no,,,,not built,0,,"catalogued only. 2 of 33 features in “Student Portal” are working, so the section exists and this is a gap within it.",https://temperp.187-127-178-100.sslip.io at 2026-08-17 14:26
Student,Student Portal,Library Book Hold Request,Specific student,student.student_portal.library_book_hold_request,no,,,,not built,0,,"catalogued only. 2 of 33 features in “Student Portal” are working, so the section exists and this is a gap within it.",https://temperp.187-127-178-100.sslip.io at 2026-08-17 14:26
Student,Student Portal,Custom Theme Selection,Specific student,student.student_portal.custom_theme_selection,no,,,,not built,0,,"catalogued only. 2 of 33 features in “Student Portal” are working, so the section exists and this is a gap within it.",https://temperp.187-127-178-100.sslip.io at 2026-08-17 14:26
Parent / Guardian,Parent Mobile App,Parent Bus Proximity Radius Customizer,Specific student,parent.parent_mobile_app.parent_bus_proximity_radius_customizer,no,,,,not built,0,,"catalogued only. 5 of 35 features in “Parent Mobile App” are working, so the section exists and this is a gap within it.",https://temperp.187-127-178-100.sslip.io at 2026-08-17 14:26
Parent / Guardian,Parent Mobile App,Digital Parent ID Card for Campus Entry,Specific student,parent.parent_mobile_app.digital_parent_id_card_for_campus_entry,no,,,,not built,0,,"catalogued only. 5 of 35 features in “Parent Mobile App” are working, so the section exists and this is a gap within it.",https://temperp.187-127-178-100.sslip.io at 2026-08-17 14:26
Student,Student Portal,Digital Hall Ticket Verification QR,Specific student,student.student_portal.digital_hall_ticket_verification_qr,no,,,,not built,0,,"catalogued only. 2 of 33 features in “Student Portal” are working, so the section exists and this is a gap within it.",https://temperp.187-127-178-100.sslip.io at 2026-08-17 14:26
Parent / Guardian,Parent Mobile App,Parent App Biometric Lock (Face ID / Fingerprint),Specific student,parent.parent_mobile_app.parent_app_biometric_lock_face_id_fingerprint,no,,,,not built,0,,"catalogued only. 5 of 35 features in “Parent Mobile App” are working, so the section exists and this is a gap within it.",https://temperp.187-127-178-100.sslip.io at 2026-08-17 14:26
Parent / Guardian,Parent Mobile App,Real-time School Bus Live Video Feed Access,Specific student,parent.parent_mobile_app.real_time_school_bus_live_video_feed_access,no,,,,not built,0,,"catalogued only. 5 of 35 features in “Parent Mobile App” are working, so the section exists and this is a gap within it.",https://temperp.187-127-178-100.sslip.io at 2026-08-17 14:26
Parent / Guardian,Parent Mobile App,Child Daily Cafeteria Purchase Timeline,Specific student,parent.parent_mobile_app.child_daily_cafeteria_purchase_timeline,no,,,,not built,0,,"catalogued only. 5 of 35 features in “Parent Mobile App” are working, so the section exists and this is a gap within it.",https://temperp.187-127-178-100.sslip.io at 2026-08-17 14:26
Parent / Guardian,Parent Mobile App,Parent Delegation for Emergency Pickup,Specific student,parent.parent_mobile_app.parent_delegation_for_emergency_pickup,no,,,,not built,0,,"catalogued only. 5 of 35 features in “Parent Mobile App” are working, so the section exists and this is a gap within it.",https://temperp.187-127-178-100.sslip.io at 2026-08-17 14:26
Parent / Guardian,Parent Mobile App,Parent App Dark Mode & High Contrast Accessibility,Specific student,parent.parent_mobile_app.parent_app_dark_mode_high_contrast_accessibility,no,,,,not built,0,,"catalogued only. 5 of 35 features in “Parent Mobile App” are working, so the section exists and this is a gap within it.",https://temperp.187-127-178-100.sslip.io at 2026-08-17 14:26
Student,Student Portal,Classroom Note-Sharing Repository,Specific student,student.student_portal.classroom_note_sharing_repository,no,,,,not built,0,,"catalogued only. 2 of 33 features in “Student Portal” are working, so the section exists and this is a gap within it.",https://temperp.187-127-178-100.sslip.io at 2026-08-17 14:26
Student,Student Portal,Personal Academic Goal Setting Widget,Specific student,student.student_portal.personal_academic_goal_setting_widget,no,,,,not built,0,,"catalogued only. 2 of 33 features in “Student Portal” are working, so the section exists and this is a gap within it.",https://temperp.187-127-178-100.sslip.io at 2026-08-17 14:26
Student,Student Portal,Gamified Learning Streak Counter,Specific student,student.student_portal.gamified_learning_streak_counter,no,,,,not built,0,,"catalogued only. 2 of 33 features in “Student Portal” are working, so the section exists and this is a gap within it.",https://temperp.187-127-178-100.sslip.io at 2026-08-17 14:26
Student,Student Portal,Virtual Classroom Hand-Raise Telemetry,Specific student,student.student_portal.virtual_classroom_hand_raise_telemetry,no,,,,not built,0,,"catalogued only. 2 of 33 features in “Student Portal” are working, so the section exists and this is a gap within it.",https://temperp.187-127-178-100.sslip.io at 2026-08-17 14:26
Student,Student Portal,Digital Locker Combination & Access Log,Specific student,student.student_portal.digital_locker_combination_access_log,no,,,,not built,0,,"catalogued only. 2 of 33 features in “Student Portal” are working, so the section exists and this is a gap within it.",https://temperp.187-127-178-100.sslip.io at 2026-08-17 14:26
Parent / Guardian,Parent Mobile App,Parent App Live Bus Tracking Refresh Rate Customizer,Specific student,parent.parent_mobile_app.parent_app_live_bus_tracking_refresh_rate_customizer,no,,,,not built,0,,"catalogued only. 5 of 35 features in “Parent Mobile App” are working, so the section exists and this is a gap within it.",https://temperp.187-127-178-100.sslip.io at 2026-08-17 14:26
Student,Student Portal,Gamified Learning Badge Showcase,Specific student,student.student_portal.gamified_learning_badge_showcase,no,,,,not built,0,,"catalogued only. 2 of 33 features in “Student Portal” are working, so the section exists and this is a gap within it.",https://temperp.187-127-178-100.sslip.io at 2026-08-17 14:26
Student,Student Portal,Digital Student ID Card NFC Tap Pass,Specific student,student.student_portal.digital_student_id_card_nfc_tap_pass,no,,,,not built,0,,"catalogued only. 2 of 33 features in “Student Portal” are working, so the section exists and this is a gap within it.",https://temperp.187-127-178-100.sslip.io at 2026-08-17 14:26
Student,Student Portal,Student Club Event Ticketing & QR Check-In,Specific student,student.student_portal.student_club_event_ticketing_qr_check_in,no,,,,not built,0,,"catalogued only. 2 of 33 features in “Student Portal” are working, so the section exists and this is a gap within it.",https://temperp.187-127-178-100.sslip.io at 2026-08-17 14:26
Student,Student Portal,Lost & Found Photo Board with Claim Verification,Specific student,student.student_portal.lost_found_photo_board_with_claim_verification,no,,,,not built,0,,"catalogued only. 2 of 33 features in “Student Portal” are working, so the section exists and this is a gap within it.",https://temperp.187-127-178-100.sslip.io at 2026-08-17 14:26
Super Admin,Platform Setup,UDISE+ Data Sync,All institutions / all campuses,super_admin.platform_setup.udise_data_sync,yes,compliance/UDISE,POST /api/v1/compliance/apaar GET /api/v1/compliance/udise,super_admin@vivencia.test,pass,1,finance hod hr institution_admin seller_admin,"/api/v1/compliance/udise 200, 110 rows",https://temperp.187-127-178-100.sslip.io at 2026-08-17 14:26
Super Admin,Platform Setup,APAAR ID Provisioning,All institutions / all campuses,super_admin.platform_setup.apaar_id_provisioning,yes,compliance/UDISE,POST /api/v1/compliance/apaar GET /api/v1/compliance/udise,super_admin@vivencia.test,pass,1,finance hod hr institution_admin seller_admin,"/api/v1/compliance/udise 200, 110 rows",https://temperp.187-127-178-100.sslip.io at 2026-08-17 14:26
Super Admin,Platform Setup,DigiLocker Issuer Integration,All institutions / all campuses,super_admin.platform_setup.digilocker_issuer_integration,no,,,,not built,0,,"catalogued only. 7 of 29 features in “Platform Setup” are working, so the section exists and this is a gap within it.",https://temperp.187-127-178-100.sslip.io at 2026-08-17 14:26
Super Admin,Platform Setup,Board Affiliation & Disclosure,All institutions / all campuses,super_admin.platform_setup.board_affiliation_disclosure,no,,,,not built,0,,"catalogued only. 7 of 29 features in “Platform Setup” are working, so the section exists and this is a gap within it.",https://temperp.187-127-178-100.sslip.io at 2026-08-17 14:26
Institution Admin / Principal,Compliance,UDISE+ Return Preparation,Assigned institution/campus,institution_admin.compliance.udise_return_preparation,yes,compliance/UDISE,POST /api/v1/compliance/apaar GET /api/v1/compliance/udise,institution_admin@vivencia.test,pass,1,finance hod hr seller_admin super_admin,"/api/v1/compliance/udise 200, 110 rows",https://temperp.187-127-178-100.sslip.io at 2026-08-17 14:26
Institution Admin / Principal,Compliance,APAAR ID Register,Assigned institution/campus,institution_admin.compliance.apaar_id_register,yes,compliance/UDISE,POST /api/v1/compliance/apaar GET /api/v1/compliance/udise,institution_admin@vivencia.test,pass,1,finance hod hr seller_admin super_admin,"/api/v1/compliance/udise 200, 110 rows",https://temperp.187-127-178-100.sslip.io at 2026-08-17 14:26
Institution Admin / Principal,Compliance,RTE 25% Reservation Register,Assigned institution/campus,institution_admin.compliance.rte_25_reservation_register,no,,,,not built,0,,"catalogued only. 4 of 11 features in “Compliance” are working, so the section exists and this is a gap within it.",https://temperp.187-127-178-100.sslip.io at 2026-08-17 14:26
Institution Admin / Principal,Compliance,Board Exam LOC Submission,Assigned institution/campus,institution_admin.compliance.board_exam_loc_submission,no,,,,not built,0,,"catalogued only. 4 of 11 features in “Compliance” are working, so the section exists and this is a gap within it.",https://temperp.187-127-178-100.sslip.io at 2026-08-17 14:26
Institution Admin / Principal,Compliance,PARAKH & NEP Credit Framework,Assigned institution/campus,institution_admin.compliance.parakh_nep_credit_framework,yes,exams/HolisticCard,GET /api/v1/hpc/card POST /api/v1/hpc/observations GET /api/v1/portal/students GET /api/v1/session GET /api/v1/students,institution_admin@vivencia.test,pass,4,admissions faculty finance hod hr operations parent seller_admin student super_admin,"/api/v1/hpc/card 200; /api/v1/portal/students 200, no rows; /api/v1/session 200; /api/v1/students 200, 50 rows",https://temperp.187-127-178-100.sslip.io at 2026-08-17 14:26
Institution Admin / Principal,Compliance,Statutory Registers,Assigned institution/campus,institution_admin.compliance.statutory_registers,yes,compliance/UDISE,POST /api/v1/compliance/apaar GET /api/v1/compliance/udise,institution_admin@vivencia.test,pass,1,finance hod hr seller_admin super_admin,"/api/v1/compliance/udise 200, 110 rows",https://temperp.187-127-178-100.sslip.io at 2026-08-17 14:26
Accounts & Finance,Fee Workspace,GST Compliant Receipt Numbering,Assigned institution/campus,finance.fee_workspace.gst_compliant_receipt_numbering,no,,,,not built,0,,"catalogued only. 6 of 26 features in “Fee Workspace” are working, so the section exists and this is a gap within it.",https://temperp.187-127-178-100.sslip.io at 2026-08-17 14:26
Accounts & Finance,Fee Workspace,Fee Structure Versioning,Assigned institution/campus,finance.fee_workspace.fee_structure_versioning,no,,,,not built,0,,"catalogued only. 6 of 26 features in “Fee Workspace” are working, so the section exists and this is a gap within it.",https://temperp.187-127-178-100.sslip.io at 2026-08-17 14:26
Accounts & Finance,Fee Workspace,NSP Scholarship Reconciliation,Assigned institution/campus,finance.fee_workspace.nsp_scholarship_reconciliation,no,,,,not built,0,,"catalogued only. 6 of 26 features in “Fee Workspace” are working, so the section exists and this is a gap within it.",https://temperp.187-127-178-100.sslip.io at 2026-08-17 14:26
Admissions & Front Office,Admissions Workspace,Aadhaar & APAAR Capture at Admission,Assigned institution/campus,admissions.admissions_workspace.aadhaar_apaar_capture_at_admission,no,,,,not built,0,,"catalogued only. 9 of 41 features in “Admissions Workspace” are working, so the section exists and this is a gap within it.",https://temperp.187-127-178-100.sslip.io at 2026-08-17 14:26
Admissions & Front Office,Admissions Workspace,Transfer Certificate Intake,Assigned institution/campus,admissions.admissions_workspace.transfer_certificate_intake,no,,,,not built,0,,"catalogued only. 9 of 41 features in “Admissions Workspace” are working, so the section exists and this is a gap within it.",https://temperp.187-127-178-100.sslip.io at 2026-08-17 14:26
Faculty / Teacher,Teaching Workspace,PARAKH Holistic Assessment Entry,Assigned classes/subjects,faculty.teaching_workspace.parakh_holistic_assessment_entry,yes,exams/HolisticCard,GET /api/v1/hpc/card POST /api/v1/hpc/observations GET /api/v1/portal/students GET /api/v1/session GET /api/v1/students,faculty@vivencia.test,pass,4,admissions finance hod hr institution_admin operations parent seller_admin student super_admin,"/api/v1/hpc/card 200; /api/v1/portal/students 200, no rows; /api/v1/session 200; /api/v1/students 200, 38 rows",https://temperp.187-127-178-100.sslip.io at 2026-08-17 14:26
Faculty / Teacher,Teaching Workspace,Absence Alert to Guardian,Assigned classes/subjects,faculty.teaching_workspace.absence_alert_to_guardian,no,,,,not built,0,,"catalogued only. 15 of 51 features in “Teaching Workspace” are working, so the section exists and this is a gap within it.",https://temperp.187-127-178-100.sslip.io at 2026-08-17 14:26
Parent / Guardian,Parent Mobile App,DigiLocker Document Pull,Specific student,parent.parent_mobile_app.digilocker_document_pull,no,,,,not built,0,,"catalogued only. 5 of 35 features in “Parent Mobile App” are working, so the section exists and this is a gap within it.",https://temperp.187-127-178-100.sslip.io at 2026-08-17 14:26
Student,Student Portal,APAAR ID & Academic Bank of Credits,Specific student,student.student_portal.apaar_id_academic_bank_of_credits,no,,,,not built,0,,"catalogued only. 2 of 33 features in “Student Portal” are working, so the section exists and this is a gap within it.",https://temperp.187-127-178-100.sslip.io at 2026-08-17 14:26
Operations Staff,Inventory & Stores,NCERT Textbook Indent,Assigned campus,operations.inventory_stores.ncert_textbook_indent,no,,,,not built,0,,"catalogued only. 2 of 4 features in “Inventory & Stores” are working, so the section exists and this is a gap within it.",https://temperp.187-127-178-100.sslip.io at 2026-08-17 14:26
Super Admin,Platform Setup,State Board Configuration,All institutions / all campuses,super_admin.platform_setup.state_board_configuration,no,,,,not built,0,,"catalogued only. 7 of 29 features in “Platform Setup” are working, so the section exists and this is a gap within it.",https://temperp.187-127-178-100.sslip.io at 2026-08-17 14:26
Super Admin,Platform Setup,School Management Type,All institutions / all campuses,super_admin.platform_setup.school_management_type,no,,,,not built,0,,"catalogued only. 7 of 29 features in “Platform Setup” are working, so the section exists and this is a gap within it.",https://temperp.187-127-178-100.sslip.io at 2026-08-17 14:26
Super Admin,Platform Setup,District & Mandal Master,All institutions / all campuses,super_admin.platform_setup.district_mandal_master,no,,,,not built,0,,"catalogued only. 7 of 29 features in “Platform Setup” are working, so the section exists and this is a gap within it.",https://temperp.187-127-178-100.sslip.io at 2026-08-17 14:26
Super Admin,Platform Setup,Child Info Portal Sync,All institutions / all campuses,super_admin.platform_setup.child_info_portal_sync,no,,,,not built,0,,"catalogued only. 7 of 29 features in “Platform Setup” are working, so the section exists and this is a gap within it.",https://temperp.187-127-178-100.sslip.io at 2026-08-17 14:26
Super Admin,Platform Setup,Academic Calendar Model,All institutions / all campuses,super_admin.platform_setup.academic_calendar_model,no,,,,not built,0,,"catalogued only. 7 of 29 features in “Platform Setup” are working, so the section exists and this is a gap within it.",https://temperp.187-127-178-100.sslip.io at 2026-08-17 14:26
Institution Admin / Principal,Compliance,Child Info Reconciliation,Assigned institution/campus,institution_admin.compliance.child_info_reconciliation,no,,,,not built,0,,"catalogued only. 4 of 11 features in “Compliance” are working, so the section exists and this is a gap within it.",https://temperp.187-127-178-100.sslip.io at 2026-08-17 14:26
Institution Admin / Principal,Compliance,Mid-Day Meal Register,Assigned institution/campus,institution_admin.compliance.mid_day_meal_register,no,,,,not built,0,,"catalogued only. 4 of 11 features in “Compliance” are working, so the section exists and this is a gap within it.",https://temperp.187-127-178-100.sslip.io at 2026-08-17 14:26
Institution Admin / Principal,Compliance,MDM Utilisation Report,Assigned institution/campus,institution_admin.compliance.mdm_utilisation_report,no,,,,not built,0,,"catalogued only. 4 of 11 features in “Compliance” are working, so the section exists and this is a gap within it.",https://temperp.187-127-178-100.sslip.io at 2026-08-17 14:26
Institution Admin / Principal,Compliance,Working Days & Instructional Hours,Assigned institution/campus,institution_admin.compliance.working_days_instructional_hours,no,,,,not built,0,,"catalogued only. 4 of 11 features in “Compliance” are working, so the section exists and this is a gap within it.",https://temperp.187-127-178-100.sslip.io at 2026-08-17 14:26
Institution Admin / Principal,Compliance,Fee Regulatory Committee Filing,Assigned institution/campus,institution_admin.compliance.fee_regulatory_committee_filing,no,,,,not built,0,,"catalogued only. 4 of 11 features in “Compliance” are working, so the section exists and this is a gap within it.",https://temperp.187-127-178-100.sslip.io at 2026-08-17 14:26
Institution Admin / Principal,Examinations,SSC Board Registration,Assigned institution/campus,institution_admin.examinations.ssc_board_registration,no,,,,not built,0,,catalogued only. Nothing in “Examinations” is built yet.,https://temperp.187-127-178-100.sslip.io at 2026-08-17 14:26
Institution Admin / Principal,Examinations,Intermediate Board Registration,Assigned institution/campus,institution_admin.examinations.intermediate_board_registration,no,,,,not built,0,,catalogued only. Nothing in “Examinations” is built yet.,https://temperp.187-127-178-100.sslip.io at 2026-08-17 14:26
Institution Admin / Principal,Examinations,Hall Ticket Issue,Assigned institution/campus,institution_admin.examinations.hall_ticket_issue,no,,,,not built,0,,catalogued only. Nothing in “Examinations” is built yet.,https://temperp.187-127-178-100.sslip.io at 2026-08-17 14:26
Institution Admin / Principal,Examinations,Board Result Import,Assigned institution/campus,institution_admin.examinations.board_result_import,no,,,,not built,0,,catalogued only. Nothing in “Examinations” is built yet.,https://temperp.187-127-178-100.sslip.io at 2026-08-17 14:26
Faculty / Teacher,Teaching Workspace,CCE Formative Assessment Entry,Assigned classes/subjects,faculty.teaching_workspace.cce_formative_assessment_entry,no,,,,not built,0,,"catalogued only. 15 of 51 features in “Teaching Workspace” are working, so the section exists and this is a gap within it.",https://temperp.187-127-178-100.sslip.io at 2026-08-17 14:26
Faculty / Teacher,Teaching Workspace,CCE Summative Assessment Entry,Assigned classes/subjects,faculty.teaching_workspace.cce_summative_assessment_entry,no,,,,not built,0,,"catalogued only. 15 of 51 features in “Teaching Workspace” are working, so the section exists and this is a gap within it.",https://temperp.187-127-178-100.sslip.io at 2026-08-17 14:26
Faculty / Teacher,Teaching Workspace,Telugu Medium Marks Entry,Assigned classes/subjects,faculty.teaching_workspace.telugu_medium_marks_entry,no,,,,not built,0,,"catalogued only. 15 of 51 features in “Teaching Workspace” are working, so the section exists and this is a gap within it.",https://temperp.187-127-178-100.sslip.io at 2026-08-17 14:26
Faculty / Teacher,Teaching Workspace,Language Subject Allocation,Assigned classes/subjects,faculty.teaching_workspace.language_subject_allocation,no,,,,not built,0,,"catalogued only. 15 of 51 features in “Teaching Workspace” are working, so the section exists and this is a gap within it.",https://temperp.187-127-178-100.sslip.io at 2026-08-17 14:26
Faculty / Teacher,Teaching Workspace,CWSN Support Plan,Assigned classes/subjects,faculty.teaching_workspace.cwsn_support_plan,no,,,,not built,0,,"catalogued only. 15 of 51 features in “Teaching Workspace” are working, so the section exists and this is a gap within it.",https://temperp.187-127-178-100.sslip.io at 2026-08-17 14:26
Admissions & Front Office,Admissions Workspace,Medium of Instruction Selection,Assigned institution/campus,admissions.admissions_workspace.medium_of_instruction_selection,no,,,,not built,0,,"catalogued only. 9 of 41 features in “Admissions Workspace” are working, so the section exists and this is a gap within it.",https://temperp.187-127-178-100.sslip.io at 2026-08-17 14:26
Admissions & Front Office,Admissions Workspace,Child Info ID Capture,Assigned institution/campus,admissions.admissions_workspace.child_info_id_capture,no,,,,not built,0,,"catalogued only. 9 of 41 features in “Admissions Workspace” are working, so the section exists and this is a gap within it.",https://temperp.187-127-178-100.sslip.io at 2026-08-17 14:26
Admissions & Front Office,Admissions Workspace,RTE Online Lottery Import,Assigned institution/campus,admissions.admissions_workspace.rte_online_lottery_import,no,,,,not built,0,,"catalogued only. 9 of 41 features in “Admissions Workspace” are working, so the section exists and this is a gap within it.",https://temperp.187-127-178-100.sslip.io at 2026-08-17 14:26
Accounts & Finance,Fee Workspace,Student Bank Account Register,Assigned institution/campus,finance.fee_workspace.student_bank_account_register,no,,,,not built,0,,"catalogued only. 6 of 26 features in “Fee Workspace” are working, so the section exists and this is a gap within it.",https://temperp.187-127-178-100.sslip.io at 2026-08-17 14:26
Accounts & Finance,Fee Workspace,Government Reimbursement Claims,Assigned institution/campus,finance.fee_workspace.government_reimbursement_claims,no,,,,not built,0,,"catalogued only. 6 of 26 features in “Fee Workspace” are working, so the section exists and this is a gap within it.",https://temperp.187-127-178-100.sslip.io at 2026-08-17 14:26
Accounts & Finance,Finance Workspace,Grant-in-Aid Accounting,Assigned institution/campus,finance.finance_workspace.grant_in_aid_accounting,no,,,,not built,0,,catalogued only. Nothing in “Finance Workspace” is built yet.,https://temperp.187-127-178-100.sslip.io at 2026-08-17 14:26
Operations Staff,Transport Management,Route Distance Fee Slabs,Assigned campus,operations.transport_management.route_distance_fee_slabs,no,,,,not built,0,,"catalogued only. 1 of 15 features in “Transport Management” are working, so the section exists and this is a gap within it.",https://temperp.187-127-178-100.sslip.io at 2026-08-17 14:26
Operations Staff,Infirmary,School Health Programme Camps,Assigned campus,operations.infirmary.school_health_programme_camps,no,,,,not built,0,,catalogued only. Nothing in “Infirmary” is built yet.,https://temperp.187-127-178-100.sslip.io at 2026-08-17 14:26
HR & Payroll,HR Workspace,Teacher Transfer & Deputation,Assigned institution/campus,hr.hr_workspace.teacher_transfer_deputation,no,,,,not built,0,,"catalogued only. 7 of 46 features in “HR Workspace” are working, so the section exists and this is a gap within it.",https://temperp.187-127-178-100.sslip.io at 2026-08-17 14:26
HR & Payroll,HR Workspace,Teacher Qualification Register,Assigned institution/campus,hr.hr_workspace.teacher_qualification_register,no,,,,not built,0,,"catalogued only. 7 of 46 features in “HR Workspace” are working, so the section exists and this is a gap within it.",https://temperp.187-127-178-100.sslip.io at 2026-08-17 14:26
Parent / Guardian,Parent Mobile App,Telugu Language Interface,Specific student,parent.parent_mobile_app.telugu_language_interface,no,,,,not built,0,,"catalogued only. 5 of 35 features in “Parent Mobile App” are working, so the section exists and this is a gap within it.",https://temperp.187-127-178-100.sslip.io at 2026-08-17 14:26
Student,Student Portal,Board Hall Ticket Download,Specific student,student.student_portal.board_hall_ticket_download,no,,,,not built,0,,"catalogued only. 2 of 33 features in “Student Portal” are working, so the section exists and this is a gap within it.",https://temperp.187-127-178-100.sslip.io at 2026-08-17 14:26
Accounts & Finance,Finance Workspace,General Ledger & Trial Balance,Assigned institution/campus finance scope,finance.finance_workspace.general_ledger_trial_balance,no,,,,not built,0,,catalogued only. Nothing in “Finance Workspace” is built yet.,https://temperp.187-127-178-100.sslip.io at 2026-08-17 14:26
Accounts & Finance,Finance Workspace,Fixed Asset Register & Depreciation,Assigned institution/campus finance scope,finance.finance_workspace.fixed_asset_register_depreciation,no,,,,not built,0,,catalogued only. Nothing in “Finance Workspace” is built yet.,https://temperp.187-127-178-100.sslip.io at 2026-08-17 14:26
HR & Payroll,Payroll Workspace,Form 12BB & Investment Declarations,Assigned institution/campus employees,hr.payroll_workspace.form_12bb_investment_declarations,no,,,,not built,0,,catalogued only. Nothing in “Payroll Workspace” is built yet.,https://temperp.187-127-178-100.sslip.io at 2026-08-17 14:26
Operations Staff,Transport Management,AIS-140 Telematics & VAHAN Compliance,Assigned campus,operations.transport_management.ais_140_telematics_vahan_compliance,no,,,,not built,0,,"catalogued only. 1 of 15 features in “Transport Management” are working, so the section exists and this is a gap within it.",https://temperp.187-127-178-100.sslip.io at 2026-08-17 14:26
Faculty / Teacher,Teaching Workspace,Offline Attendance & Diary Capture,Assigned classes/subjects,faculty.teaching_workspace.offline_attendance_diary_capture,no,,,,not built,0,,"catalogued only. 15 of 51 features in “Teaching Workspace” are working, so the section exists and this is a gap within it.",https://temperp.187-127-178-100.sslip.io at 2026-08-17 14:26
Seller Admin,Customers,Tenant Directory,All institutions / all campuses,seller_admin.customers.tenant_directory,yes,seller/Tenants,GET /api/v1/seller/plans GET/POST /api/v1/seller/tenants POST /api/v1/seller/tenants/:param/reset-admin PUT /api/v1/seller/tenants/:param/subscription,seller_admin@vivencia.test,pass,2,super_admin,"/api/v1/seller/plans 200, 3 rows; /api/v1/seller/tenants 200, 1 rows",https://temperp.187-127-178-100.sslip.io at 2026-08-17 14:26
Seller Admin,Customers,Provision New School,All institutions / all campuses,seller_admin.customers.provision_new_school,yes,seller/Tenants,GET /api/v1/seller/plans GET/POST /api/v1/seller/tenants POST /api/v1/seller/tenants/:param/reset-admin PUT /api/v1/seller/tenants/:param/subscription,seller_admin@vivencia.test,pass,2,super_admin,"/api/v1/seller/plans 200, 3 rows; /api/v1/seller/tenants 200, 1 rows",https://temperp.187-127-178-100.sslip.io at 2026-08-17 14:26
Seller Admin,Customers,Suspend & Reactivate,All institutions / all campuses,seller_admin.customers.suspend_reactivate,yes,seller/Tenants,GET /api/v1/seller/plans GET/POST /api/v1/seller/tenants POST /api/v1/seller/tenants/:param/reset-admin PUT /api/v1/seller/tenants/:param/subscription,seller_admin@vivencia.test,pass,2,super_admin,"/api/v1/seller/plans 200, 3 rows; /api/v1/seller/tenants 200, 1 rows",https://temperp.187-127-178-100.sslip.io at 2026-08-17 14:26
Seller Admin,Customers,Onboarding Progress,All institutions / all campuses,seller_admin.customers.onboarding_progress,yes,seller/Tenants,GET /api/v1/seller/plans GET/POST /api/v1/seller/tenants POST /api/v1/seller/tenants/:param/reset-admin PUT /api/v1/seller/tenants/:param/subscription,seller_admin@vivencia.test,pass,2,super_admin,"/api/v1/seller/plans 200, 3 rows; /api/v1/seller/tenants 200, 1 rows",https://temperp.187-127-178-100.sslip.io at 2026-08-17 14:26
Seller Admin,Subscriptions & Billing,Plans & Pricing,All institutions / all campuses,seller_admin.subscriptions_billing.plans_pricing,yes,seller/Tenants,GET /api/v1/seller/plans GET/POST /api/v1/seller/tenants POST /api/v1/seller/tenants/:param/reset-admin PUT /api/v1/seller/tenants/:param/subscription,seller_admin@vivencia.test,pass,2,super_admin,"/api/v1/seller/plans 200, 3 rows; /api/v1/seller/tenants 200, 1 rows",https://temperp.187-127-178-100.sslip.io at 2026-08-17 14:26
Seller Admin,Subscriptions & Billing,Subscription Ledger,All institutions / all campuses,seller_admin.subscriptions_billing.subscription_ledger,yes,seller/Tenants,GET /api/v1/seller/plans GET/POST /api/v1/seller/tenants POST /api/v1/seller/tenants/:param/reset-admin PUT /api/v1/seller/tenants/:param/subscription,seller_admin@vivencia.test,pass,2,super_admin,"/api/v1/seller/plans 200, 3 rows; /api/v1/seller/tenants 200, 1 rows",https://temperp.187-127-178-100.sslip.io at 2026-08-17 14:26
Seller Admin,Subscriptions & Billing,Seat Overage & Renewals,All institutions / all campuses,seller_admin.subscriptions_billing.seat_overage_renewals,yes,seller/Tenants,GET /api/v1/seller/plans GET/POST /api/v1/seller/tenants POST /api/v1/seller/tenants/:param/reset-admin PUT /api/v1/seller/tenants/:param/subscription,seller_admin@vivencia.test,pass,2,super_admin,"/api/v1/seller/plans 200, 3 rows; /api/v1/seller/tenants 200, 1 rows",https://temperp.187-127-178-100.sslip.io at 2026-08-17 14:26
Seller Admin,Entitlements,Module Entitlement Matrix,All institutions / all campuses,seller_admin.entitlements.module_entitlement_matrix,no,,,,not built,0,,catalogued only. Nothing in “Entitlements” is built yet.,https://temperp.187-127-178-100.sslip.io at 2026-08-17 14:26
Seller Admin,Usage & Health,Adoption Metrics,All institutions / all campuses,seller_admin.usage_health.adoption_metrics,no,,,,not built,0,,catalogued only. Nothing in “Usage & Health” is built yet.,https://temperp.187-127-178-100.sslip.io at 2026-08-17 14:26
Seller Admin,Usage & Health,Instance Health,All institutions / all campuses,seller_admin.usage_health.instance_health,no,,,,not built,0,,catalogued only. Nothing in “Usage & Health” is built yet.,https://temperp.187-127-178-100.sslip.io at 2026-08-17 14:26
Seller Admin,Support,Support Tickets,All institutions / all campuses,seller_admin.support.support_tickets,no,,,,not built,0,,catalogued only. Nothing in “Support” is built yet.,https://temperp.187-127-178-100.sslip.io at 2026-08-17 14:26
Seller Admin,Support,Impersonation & Audit,All institutions / all campuses,seller_admin.support.impersonation_audit,no,,,,not built,0,,catalogued only. Nothing in “Support” is built yet.,https://temperp.187-127-178-100.sslip.io at 2026-08-17 14:26
