Year Phase,Typical Months,Role,Role Key,Workspace,Section,Feature,Feature Key,Data Scope,Tier,Built,Screen,When Used,Depends On,Feeds Into,Acts Before (role),Hands Off To (role),Approved By,Notifies,Handoff Chain,Also Held By,What The User Does
00 Vendor,Continuous,Seller Admin,seller_admin,Customers,Customers,Onboarding Progress,seller_admin.customers.onboarding_progress,platform,core,yes,Tenants,"The vendor's own back office, outside any one school's year",A provisioned tenant,"What the school is entitled to use, and what it is billed",Seller Admin,Institution Admin,Seller Admin,None,Vendor acts -> the school sees the result in what it may use,,"How far each new school has got through setup, so the account manager can intervene before a stalled rollout becomes a cancellation."
00 Vendor,Continuous,Seller Admin,seller_admin,Customers,Customers,Provision New School,seller_admin.customers.provision_new_school,platform,core,yes,Tenants,"The vendor's own back office, outside any one school's year",A provisioned tenant,"What the school is entitled to use, and what it is billed",Seller Admin,Institution Admin,Seller Admin,None,Vendor acts -> the school sees the result in what it may use,,"Create a tenant, its first campus and its first administrator in one step, and send the welcome credentials."
00 Vendor,Continuous,Seller Admin,seller_admin,Customers,Customers,Suspend & Reactivate,seller_admin.customers.suspend_reactivate,platform,core,yes,Tenants,"The vendor's own back office, outside any one school's year",A provisioned tenant,"What the school is entitled to use, and what it is billed",Seller Admin,Institution Admin,Seller Admin,None,Vendor acts -> the school sees the result in what it may use,,"Suspend a tenant for non-payment or at end of contract, blocking sign-in while preserving the data, and reactivate on settlement."
00 Vendor,Continuous,Seller Admin,seller_admin,Customers,Customers,Tenant Directory,seller_admin.customers.tenant_directory,platform,core,yes,Tenants,"The vendor's own back office, outside any one school's year",A provisioned tenant,"What the school is entitled to use, and what it is billed",Seller Admin,Institution Admin,Seller Admin,New school's admin,Vendor provisions -> credentials sent -> principal sets the school up,,"Every school on the installation with its plan, student headcount, status and date joined; open one to act inside it for support."
00 Vendor,Continuous,Seller Admin,seller_admin,Entitlements,Entitlements,Module Entitlement Matrix,seller_admin.entitlements.module_entitlement_matrix,platform,core,yes,Entitlements,"The vendor's own back office, outside any one school's year",A provisioned tenant,"What the school is entitled to use, and what it is billed",Seller Admin,Institution Admin,Seller Admin,None,Vendor acts -> the school sees the result in what it may use,,Which modules each plan and each school may use; switching one off hides it from that school's navigation.
00 Vendor,Continuous,Seller Admin,seller_admin,Subscriptions & Billing,Subscriptions & Billing,Plans & Pricing,seller_admin.subscriptions_billing.plans_pricing,platform,core,yes,Tenants,"The vendor's own back office, outside any one school's year",A provisioned tenant,"What the school is entitled to use, and what it is billed",Seller Admin,Institution Admin,Seller Admin,None,Plan chosen -> entitlement set -> decides which modules the school sees,,"Define plans with a student cap, included modules and an annual or per-student price."
00 Vendor,Continuous,Seller Admin,seller_admin,Subscriptions & Billing,Subscriptions & Billing,Seat Overage & Renewals,seller_admin.subscriptions_billing.seat_overage_renewals,platform,core,yes,Tenants,"The vendor's own back office, outside any one school's year",A provisioned tenant,"What the school is entitled to use, and what it is billed",Seller Admin,Institution Admin,Seller Admin,None,Plan chosen -> entitlement set -> decides which modules the school sees,,"Schools past their student cap or inside the renewal window, with the revenue at risk."
00 Vendor,Continuous,Seller Admin,seller_admin,Subscriptions & Billing,Subscriptions & Billing,Subscription Ledger,seller_admin.subscriptions_billing.subscription_ledger,platform,core,yes,Tenants,"The vendor's own back office, outside any one school's year",A provisioned tenant,"What the school is entitled to use, and what it is billed",Seller Admin,Institution Admin,Seller Admin,None,Plan chosen -> entitlement set -> decides which modules the school sees,,"Each school's plan, term dates, renewal date and invoice history."
00 Vendor,Continuous,Seller Admin,seller_admin,Usage & Health,Usage & Health,Adoption Metrics,seller_admin.usage_health.adoption_metrics,platform,core,yes,Adoption,"The vendor's own back office, outside any one school's year",A provisioned tenant,"What the school is entitled to use, and what it is billed",Seller Admin,Institution Admin,Seller Admin,None,Vendor acts -> the school sees the result in what it may use,,"Sign-ins, active users and transactions per school per week — the leading indicator of renewal."
00 Vendor,Continuous,Seller Admin,seller_admin,Usage & Health,Usage & Health,Instance Health,seller_admin.usage_health.instance_health,platform,core,yes,InstanceHealth,"The vendor's own back office, outside any one school's year",A provisioned tenant,"What the school is entitled to use, and what it is billed",Seller Admin,Institution Admin,Seller Admin,None,Vendor acts -> the school sees the result in what it may use,,"Error rates, queue depth and slow endpoints per tenant, so the vendor sees a problem before the school reports it."
00 Vendor,Continuous,Super Admin,super_admin,Access & Security,Access & Security,Login & session audit,super_admin.access_security.login_session_audit,platform,core,yes,SessionAudit,"The vendor's own back office, outside any one school's year",A provisioned tenant,"What the school is entitled to use, and what it is billed",Seller Admin,Institution Admin,Seller Admin,None,Vendor acts -> the school sees the result in what it may use,,"View login history, active sessions and suspicious access."
00 Vendor,Continuous,Super Admin,super_admin,Access & Security,Access & Security,Roles & permissions,super_admin.access_security.roles_permissions,platform,core,yes,RolesPermissions,"The vendor's own back office, outside any one school's year",A provisioned tenant,"What the school is entitled to use, and what it is billed",Seller Admin,Institution Admin,Seller Admin,None,Vendor acts -> the school sees the result in what it may use,,"Assign roles and define data scope such as institution, campus, department, class or self."
00 Vendor,Continuous,Super Admin,super_admin,Access & Security,Access & Security,SSO / MFA,super_admin.access_security.sso_mfa,platform,core,yes,SsoMfa,"The vendor's own back office, outside any one school's year",A provisioned tenant,"What the school is entitled to use, and what it is billed",Seller Admin,Institution Admin,Seller Admin,None,Vendor acts -> the school sees the result in what it may use,,Configure single sign-on and multi-factor authentication when required.
00 Vendor,Continuous,Super Admin,super_admin,Access & Security,Access & Security,User directory,super_admin.access_security.user_directory,institution,core,yes,Users,"The vendor's own back office, outside any one school's year",A provisioned tenant,"What the school is entitled to use, and what it is billed",Seller Admin,Institution Admin,Seller Admin,None,Vendor acts -> the school sees the result in what it may use,,"Create, search, suspend and reset accounts across the school."
00 Vendor,Continuous,Super Admin,super_admin,Access & Security,Access & Security,Users,super_admin.access_security.users,platform,core,yes,Users,"The vendor's own back office, outside any one school's year",A provisioned tenant,"What the school is entitled to use, and what it is billed",Seller Admin,Institution Admin,Seller Admin,None,Vendor acts -> the school sees the result in what it may use,,"Create, activate, suspend and search users."
00 Vendor,Continuous,Super Admin,super_admin,Platform Configuration,Platform Configuration,Audit log,super_admin.platform_configuration.audit_log,platform,core,yes,AuditLog,"The vendor's own back office, outside any one school's year",A provisioned tenant,"What the school is entitled to use, and what it is billed",Seller Admin,Institution Admin,Seller Admin,None,Vendor acts -> the school sees the result in what it may use,,Search critical configuration and data-change history.
00 Vendor,Continuous,Super Admin,super_admin,Platform Configuration,Platform Configuration,Data operations,super_admin.platform_configuration.data_operations,platform,core,yes,ImportStudents,"The vendor's own back office, outside any one school's year",A provisioned tenant,"What the school is entitled to use, and what it is billed",Seller Admin,Institution Admin,Seller Admin,None,Vendor acts -> the school sees the result in what it may use,,"Controlled import/export, archival, retention and backup/restore administration."
00 Vendor,Continuous,Super Admin,super_admin,Platform Configuration,Platform Configuration,Import & export,super_admin.platform_configuration.import_export,institution,core,yes,Exports,"The vendor's own back office, outside any one school's year",A provisioned tenant,"What the school is entitled to use, and what it is billed",Seller Admin,Institution Admin,Seller Admin,None,Vendor acts -> the school sees the result in what it may use,,"Bulk import of students, staff and opening balances, with validation reports."
00 Vendor,Continuous,Super Admin,super_admin,Platform Configuration,Platform Configuration,Integrations,super_admin.platform_configuration.integrations,platform,core,yes,Integrations,"The vendor's own back office, outside any one school's year",A provisioned tenant,"What the school is entitled to use, and what it is billed",Seller Admin,Institution Admin,Seller Admin,None,Vendor acts -> the school sees the result in what it may use,,"Configure payment gateway, email/SMS/WhatsApp, biometric devices, Google/Microsoft and other connectors."
00 Vendor,Continuous,Super Admin,super_admin,Platform Configuration,Platform Configuration,Module configuration,super_admin.platform_configuration.module_configuration,platform,core,yes,ModuleConfiguration,"The vendor's own back office, outside any one school's year",A provisioned tenant,"What the school is entitled to use, and what it is billed",Seller Admin,Institution Admin,Seller Admin,None,Vendor acts -> the school sees the result in what it may use,,Enable/disable modules by institution so users only see what their institution uses.
00 Vendor,Continuous,Super Admin,super_admin,Platform Configuration,Platform Configuration,Numbering & templates,super_admin.platform_configuration.numbering_templates,platform,core,yes,Numbering,"The vendor's own back office, outside any one school's year",A provisioned tenant,"What the school is entitled to use, and what it is billed",Seller Admin,Institution Admin,Seller Admin,None,Vendor acts -> the school sees the result in what it may use,,"Configure receipt, admission, student ID and certificate numbering/templates."
01 Admissions,Nov-Aug,Admissions & Front Office,admissions,Admissions,Admissions,Aadhaar & APAAR Capture at Admission,admissions.admissions.aadhaar_apaar_capture_at_admission,institution,advanced,yes,Funnel,Heaviest Nov-Mar for the coming year; again in Aug for mid-year transfers,Year setup: classes and sections have to exist to admit into,"Enrolment, which is what fee invoicing and the attendance register key off",Admissions & Front Office,Accounts (invoices) and Faculty (teaches),Institution Admin,None,Enquiry -> application -> admitted -> enrolled -> invoiced -> on a register,,"Capture Aadhaar consent, APAAR ID and prior-school UDISE code during the admission form."
01 Admissions,Nov-Aug,Admissions & Front Office,admissions,Admissions,Admissions,Admission Fee Collection,admissions.admissions.admission_fee_collection,institution,core,yes,Funnel,Heaviest Nov-Mar for the coming year; again in Aug for mid-year transfers,Year setup: classes and sections have to exist to admit into,"Enrolment, which is what fee invoicing and the attendance register key off",Admissions & Front Office,Accounts (invoices) and Faculty (teaches),Institution Admin,None,Enquiry -> application -> admitted -> enrolled -> invoiced -> on a register,,"Collect prospectus and application form fees via cash, POS, or integrated payment gateway."
01 Admissions,Nov-Aug,Admissions & Front Office,admissions,Admissions,Admissions,Admission Waitlist Management,admissions.admissions.admission_waitlist_management,institution,advanced,yes,Funnel,Heaviest Nov-Mar for the coming year; again in Aug for mid-year transfers,Year setup: classes and sections have to exist to admit into,"Enrolment, which is what fee invoicing and the attendance register key off",Admissions & Front Office,Accounts (invoices) and Faculty (teaches),Institution Admin,None,Enquiry -> application -> admitted -> enrolled -> invoiced -> on a register,,"Maintain real-time waitlists per class, auto-promoting candidates as seats open up."
01 Admissions,Nov-Aug,Admissions & Front Office,admissions,Admissions,Admissions,Alumni Child Quota Allocation,admissions.admissions.alumni_child_quota_allocation,institution,core,yes,Funnel,Heaviest Nov-Mar for the coming year; again in Aug for mid-year transfers,Year setup: classes and sections have to exist to admit into,"Enrolment, which is what fee invoicing and the attendance register key off",Admissions & Front Office,Accounts (invoices) and Faculty (teaches),Institution Admin,None,Enquiry -> application -> admitted -> enrolled -> invoiced -> on a register,,Identify children of alumni applicants and apply institutional alumni quota benefits.
01 Admissions,Nov-Aug,Admissions & Front Office,admissions,Admissions,Admissions,Child Info ID Capture,admissions.admissions.child_info_id_capture,institution,core,yes,Applications,Heaviest Nov-Mar for the coming year; again in Aug for mid-year transfers,Year setup: classes and sections have to exist to admit into,"Enrolment, which is what fee invoicing and the attendance register key off",Admissions & Front Office,Accounts (invoices) and Faculty (teaches),Institution Admin,None,Enquiry -> application -> admitted -> enrolled -> invoiced -> on a register,,Record the Telangana Child Info ID at admission and verify it against the state register.
01 Admissions,Nov-Aug,Admissions & Front Office,admissions,Admissions,Admissions,Enrollment handoff,admissions.admissions.enrollment_handoff,institution,core,yes,Pipeline,Heaviest Nov-Mar for the coming year; again in Aug for mid-year transfers,Year setup: classes and sections have to exist to admit into,"Enrolment, which is what fee invoicing and the attendance register key off",Admissions & Front Office,Accounts (invoices) and Faculty (teaches),Institution Admin,None,Enquiry -> application -> admitted -> enrolled -> invoiced -> on a register,,Convert admitted applicant to student/enrollment without duplicate data entry.
01 Admissions,Nov-Aug,Admissions & Front Office,admissions,Admissions,Admissions,Medium of Instruction Selection,admissions.admissions.medium_of_instruction_selection,institution,core,yes,Applications,Heaviest Nov-Mar for the coming year; again in Aug for mid-year transfers,Year setup: classes and sections have to exist to admit into,"Enrolment, which is what fee invoicing and the attendance register key off",Admissions & Front Office,Accounts (invoices) and Faculty (teaches),Institution Admin,None,Enquiry -> application -> admitted -> enrolled -> invoiced -> on a register,,Capture the medium the applicant is admitted into and the language combination chosen.
01 Admissions,Nov-Aug,Admissions & Front Office,admissions,Admissions,Admissions,Merit List Generation,admissions.admissions.merit_list_generation,institution,advanced,yes,Pipeline,Heaviest Nov-Mar for the coming year; again in Aug for mid-year transfers,Year setup: classes and sections have to exist to admit into,"Enrolment, which is what fee invoicing and the attendance register key off",Admissions & Front Office,Accounts (invoices) and Faculty (teaches),Institution Admin,None,Enquiry -> application -> admitted -> enrolled -> invoiced -> on a register,,"Calculate weighted scores based on prior marks, entrance exam, and interview to publish merit lists."
01 Admissions,Nov-Aug,Admissions & Front Office,admissions,Admissions,Admissions,Offers / admission decisions,admissions.admissions.offers_admission_decisions,institution,core,yes,Pipeline,Heaviest Nov-Mar for the coming year; again in Aug for mid-year transfers,Year setup: classes and sections have to exist to admit into,"Enrolment, which is what fee invoicing and the attendance register key off",Admissions & Front Office,Accounts (invoices) and Faculty (teaches),Institution Admin,None,Enquiry -> application -> admitted -> enrolled -> invoiced -> on a register,,Issue offers/admission decisions based on configured workflow.
01 Admissions,Nov-Aug,Admissions & Front Office,admissions,Admissions,Admissions,Provisional Offer Letters,admissions.admissions.provisional_offer_letters,institution,core,yes,Applications,Heaviest Nov-Mar for the coming year; again in Aug for mid-year transfers,Year setup: classes and sections have to exist to admit into,"Enrolment, which is what fee invoicing and the attendance register key off",Admissions & Front Office,Accounts (invoices) and Faculty (teaches),Institution Admin,None,Enquiry -> application -> admitted -> enrolled -> invoiced -> on a register,,Generate and email/SMS provisional admission offer letters with payment deadline links.
01 Admissions,Nov-Aug,Admissions & Front Office,admissions,Admissions,Admissions,RTE (Right to Education) Quota Tracking,admissions.admissions.rte_right_to_education_quota_tracking,institution,advanced,yes,Pipeline,Heaviest Nov-Mar for the coming year; again in Aug for mid-year transfers,Year setup: classes and sections have to exist to admit into,"Enrolment, which is what fee invoicing and the attendance register key off",Admissions & Front Office,Accounts (invoices) and Faculty (teaches),Institution Admin,None,Enquiry -> application -> admitted -> enrolled -> invoiced -> on a register,,"Manage government RTE quota applications, lottery selection results, and document verification."
01 Admissions,Nov-Aug,Admissions & Front Office,admissions,Admissions,Admissions,RTE Online Lottery Import,admissions.admissions.rte_online_lottery_import,institution,advanced,yes,Funnel,Heaviest Nov-Mar for the coming year; again in Aug for mid-year transfers,Year setup: classes and sections have to exist to admit into,"Enrolment, which is what fee invoicing and the attendance register key off",Admissions & Front Office,Accounts (invoices) and Faculty (teaches),Institution Admin,None,Enquiry -> application -> admitted -> enrolled -> invoiced -> on a register,,Import the state RTE 25% lottery allotment list and convert allotted candidates into applications.
01 Admissions,Nov-Aug,Admissions & Front Office,admissions,Admissions,Admissions,Seat Allocation Management,admissions.admissions.seat_allocation_management,institution,advanced,yes,Pipeline,Heaviest Nov-Mar for the coming year; again in Aug for mid-year transfers,Year setup: classes and sections have to exist to admit into,"Enrolment, which is what fee invoicing and the attendance register key off",Admissions & Front Office,Accounts (invoices) and Faculty (teaches),Institution Admin,None,Enquiry -> application -> admitted -> enrolled -> invoiced -> on a register,,"Manage class/section seat quotas (General, RTE, Management, Sports, Sibling) and availability."
01 Admissions,Nov-Aug,Admissions & Front Office,admissions,Admissions,Admissions,Sibling Priority Auto-Matching,admissions.admissions.sibling_priority_auto_matching,institution,core,yes,Funnel,Heaviest Nov-Mar for the coming year; again in Aug for mid-year transfers,Year setup: classes and sections have to exist to admit into,"Enrolment, which is what fee invoicing and the attendance register key off",Admissions & Front Office,Accounts (invoices) and Faculty (teaches),Institution Admin,None,Enquiry -> application -> admitted -> enrolled -> invoiced -> on a register,,Auto-detect existing enrolled siblings during inquiry to apply sibling priority quota.
01 Admissions,Nov-Aug,Admissions & Front Office,admissions,Admissions,Applications,Applicant Medical Fitness Declaration,admissions.applications.applicant_medical_fitness_declaration,institution,advanced,yes,Funnel,Heaviest Nov-Mar for the coming year; again in Aug for mid-year transfers,Year setup: classes and sections have to exist to admit into,"Enrolment, which is what fee invoicing and the attendance register key off",Admissions & Front Office,Accounts (invoices) and Faculty (teaches),Institution Admin,None,Enquiry -> application -> admitted -> enrolled -> invoiced -> on a register,,"Collect applicant medical history, vaccination certificates, and physical fitness approvals."
01 Admissions,Nov-Aug,Admissions & Front Office,admissions,Admissions,Applications,Applicant documents,admissions.applications.applicant_documents,institution,core,yes,Applications,Heaviest Nov-Mar for the coming year; again in Aug for mid-year transfers,Year setup: classes and sections have to exist to admit into,"Enrolment, which is what fee invoicing and the attendance register key off",Admissions & Front Office,Accounts (invoices) and Faculty (teaches),Institution Admin,None,Enquiry -> application -> admitted -> enrolled -> invoiced -> on a register,,Collect and verify required admission documents.
01 Admissions,Nov-Aug,Admissions & Front Office,admissions,Admissions,Applications,Applications,admissions.applications.applications,institution,core,yes,Applications,Heaviest Nov-Mar for the coming year; again in Aug for mid-year transfers,Year setup: classes and sections have to exist to admit into,"Enrolment, which is what fee invoicing and the attendance register key off",Admissions & Front Office,Accounts (invoices) and Faculty (teaches),Institution Admin,None,Enquiry -> application -> admitted -> enrolled -> invoiced -> on a register,,Create/review applications and track status.
01 Admissions,Nov-Aug,Admissions & Front Office,admissions,Admissions,Applications,Entrance Exam Scheduling,admissions.applications.entrance_exam_scheduling,institution,core,yes,Applications,Heaviest Nov-Mar for the coming year; again in Aug for mid-year transfers,Year setup: classes and sections have to exist to admit into,"Enrolment, which is what fee invoicing and the attendance register key off",Admissions & Front Office,Accounts (invoices) and Faculty (teaches),Institution Admin,None,Enquiry -> application -> admitted -> enrolled -> invoiced -> on a register,,"Schedule entrance exam dates, assign exam halls, generate admit cards, and log candidate marks."
01 Admissions,Nov-Aug,Admissions & Front Office,admissions,Admissions,Applications,Foreign / NRI Student Visa Documentation,admissions.applications.foreign_nri_student_visa_documentation,institution,advanced,yes,Funnel,Heaviest Nov-Mar for the coming year; again in Aug for mid-year transfers,Year setup: classes and sections have to exist to admit into,"Enrolment, which is what fee invoicing and the attendance register key off",Admissions & Front Office,Accounts (invoices) and Faculty (teaches),Institution Admin,None,Enquiry -> application -> admitted -> enrolled -> invoiced -> on a register,,"Track passport details, student visa status, and embassy NOCs for international applicants."
01 Admissions,Nov-Aug,Admissions & Front Office,admissions,Admissions,Applications,Interview & Interaction Scheduler,admissions.applications.interview_interaction_scheduler,institution,core,yes,Applications,Heaviest Nov-Mar for the coming year; again in Aug for mid-year transfers,Year setup: classes and sections have to exist to admit into,"Enrolment, which is what fee invoicing and the attendance register key off",Admissions & Front Office,Accounts (invoices) and Faculty (teaches),Institution Admin,None,Enquiry -> application -> admitted -> enrolled -> invoiced -> on a register,,Book interview slots for parents/students with principal/management and record scores.
01 Admissions,Nov-Aug,Admissions & Front Office,admissions,Admissions,Applications,Online Application Form Builder,admissions.applications.online_application_form_builder,institution,core,yes,FormBuilder,Heaviest Nov-Mar for the coming year; again in Aug for mid-year transfers,Year setup: classes and sections have to exist to admit into,"Enrolment, which is what fee invoicing and the attendance register key off",Admissions & Front Office,Accounts (invoices) and Faculty (teaches),Institution Admin,None,Enquiry -> application -> admitted -> enrolled -> invoiced -> on a register,,Configure custom digital admission application forms with file upload rules and field validation.
01 Admissions,Nov-Aug,Admissions & Front Office,admissions,Admissions,Enquiries,24/7 Admission Chatbot,admissions.enquiries.24_7_admission_chatbot,institution,optional,no,,Heaviest Nov-Mar for the coming year; again in Aug for mid-year transfers,Year setup: classes and sections have to exist to admit into,"Enrolment, which is what fee invoicing and the attendance register key off",Admissions & Front Office,Accounts (invoices) and Faculty (teaches),Institution Admin,None,Enquiry -> application -> admitted -> enrolled -> invoiced -> on a register,,"Configure web widget chatbot to answer tuition queries, syllabus details, and capture leads."
01 Admissions,Nov-Aug,Admissions & Front Office,admissions,Admissions,Enquiries,AI Voice Agent Integration,admissions.enquiries.ai_voice_agent_integration,institution,optional,no,,Heaviest Nov-Mar for the coming year; again in Aug for mid-year transfers,Year setup: classes and sections have to exist to admit into,"Enrolment, which is what fee invoicing and the attendance register key off",Admissions & Front Office,Accounts (invoices) and Faculty (teaches),Institution Admin,None,Enquiry -> application -> admitted -> enrolled -> invoiced -> on a register,,Automate outbound AI voice agent calls to confirm entrance exam attendance or follow up.
01 Admissions,Nov-Aug,Admissions & Front Office,admissions,Admissions,Enquiries,Admissions Open Day Scheduler,admissions.enquiries.admissions_open_day_scheduler,institution,core,yes,Funnel,Heaviest Nov-Mar for the coming year; again in Aug for mid-year transfers,Year setup: classes and sections have to exist to admit into,"Enrolment, which is what fee invoicing and the attendance register key off",Admissions & Front Office,Accounts (invoices) and Faculty (teaches),Institution Admin,None,Enquiry -> application -> admitted -> enrolled -> invoiced -> on a register,,"Organize school open house events, manage online slot booking, and check in attending parents."
01 Admissions,Nov-Aug,Admissions & Front Office,admissions,Admissions,Enquiries,Counselor Activity & Follow-ups,admissions.enquiries.counselor_activity_follow_ups,institution,core,yes,Enquiries,Heaviest Nov-Mar for the coming year; again in Aug for mid-year transfers,Year setup: classes and sections have to exist to admit into,"Enrolment, which is what fee invoicing and the attendance register key off",Admissions & Front Office,Accounts (invoices) and Faculty (teaches),Institution Admin,None,Enquiry -> application -> admitted -> enrolled -> invoiced -> on a register,,"Log call notes, schedule follow-up reminders, and log candidate visit outcomes."
01 Admissions,Nov-Aug,Admissions & Front Office,admissions,Admissions,Enquiries,Counselor Lead Assignment,admissions.enquiries.counselor_lead_assignment,institution,core,yes,Funnel,Heaviest Nov-Mar for the coming year; again in Aug for mid-year transfers,Year setup: classes and sections have to exist to admit into,"Enrolment, which is what fee invoicing and the attendance register key off",Admissions & Front Office,Accounts (invoices) and Faculty (teaches),Institution Admin,None,Enquiry -> application -> admitted -> enrolled -> invoiced -> on a register,,Automatically or manually route incoming admission inquiries to specific admission counselors.
01 Admissions,Nov-Aug,Admissions & Front Office,admissions,Admissions,Enquiries,Enquiries / leads,admissions.enquiries.enquiries_leads,institution,core,yes,Enquiries,Heaviest Nov-Mar for the coming year; again in Aug for mid-year transfers,Year setup: classes and sections have to exist to admit into,"Enrolment, which is what fee invoicing and the attendance register key off",Admissions & Front Office,Accounts (invoices) and Faculty (teaches),Institution Admin,None,Enquiry -> application -> admitted -> enrolled -> invoiced -> on a register,,Capture prospective student enquiries and source/campaign.
01 Admissions,Nov-Aug,Admissions & Front Office,admissions,Admissions,Enquiries,Lead Source Tracking,admissions.enquiries.lead_source_tracking,institution,core,yes,Funnel,Heaviest Nov-Mar for the coming year; again in Aug for mid-year transfers,Year setup: classes and sections have to exist to admit into,"Enrolment, which is what fee invoicing and the attendance register key off",Admissions & Front Office,Accounts (invoices) and Faculty (teaches),Institution Admin,None,Enquiry -> application -> admitted -> enrolled -> invoiced -> on a register,,"Tag leads with marketing channels (Google Ads, Facebook, Newspaper, Referral, Walk-in)."
01 Admissions,Nov-Aug,Admissions & Front Office,admissions,Admissions,Enquiries,Multi-Touch Campaign Sequences,admissions.enquiries.multi_touch_campaign_sequences,institution,advanced,yes,CampaignSequences,Heaviest Nov-Mar for the coming year; again in Aug for mid-year transfers,Year setup: classes and sections have to exist to admit into,"Enrolment, which is what fee invoicing and the attendance register key off",Admissions & Front Office,Accounts (invoices) and Faculty (teaches),Institution Admin,None,Enquiry -> application -> admitted -> enrolled -> invoiced -> on a register,,"Trigger automated follow-up SMS, WhatsApp messages, and email drip sequences to leads."
01 Admissions,Nov-Aug,Admissions & Front Office,admissions,Admissions,Enquiries,Prospectus & Kit Sales Log,admissions.enquiries.prospectus_kit_sales_log,institution,core,yes,Funnel,Heaviest Nov-Mar for the coming year; again in Aug for mid-year transfers,Year setup: classes and sections have to exist to admit into,"Enrolment, which is what fee invoicing and the attendance register key off",Admissions & Front Office,Accounts (invoices) and Faculty (teaches),Institution Admin,None,Enquiry -> application -> admitted -> enrolled -> invoiced -> on a register,,"Track inventory, unit sales, and receipt generation for physical school prospectuses."
01 Admissions,Nov-Aug,Admissions & Front Office,admissions,Admissions,Enquiries,UTM Tracking & Digital Campaign attribution,admissions.enquiries.utm_tracking_digital_campaign_attribution,institution,advanced,yes,Funnel,Heaviest Nov-Mar for the coming year; again in Aug for mid-year transfers,Year setup: classes and sections have to exist to admit into,"Enrolment, which is what fee invoicing and the attendance register key off",Admissions & Front Office,Accounts (invoices) and Faculty (teaches),Institution Admin,None,Enquiry -> application -> admitted -> enrolled -> invoiced -> on a register,,"Attribute web inquiries to specific Facebook, Google Ads, or email UTM campaign tags."
01 Admissions,Nov-Aug,Institution Admin / Principal,institution_admin,Students,Admissions,Admissions overview,institution_admin.admissions.admissions_overview,institution,core,yes,Pipeline,Heaviest Nov-Mar for the coming year; again in Aug for mid-year transfers,Year setup: classes and sections have to exist to admit into,"Enrolment, which is what fee invoicing and the attendance register key off",Admissions & Front Office,Accounts (invoices) and Faculty (teaches),Institution Admin,None,Enquiry -> application -> admitted -> enrolled -> invoiced -> on a register,,"Monitor enquiries/applications, admitted students and enrollment conversion."
01 Admissions,Nov-Aug,Institution Admin / Principal,institution_admin,Students,Admissions,RTE 25% Reservation Register,institution_admin.admissions.rte_25_reservation_register,institution,advanced,yes,Funnel,Heaviest Nov-Mar for the coming year; again in Aug for mid-year transfers,Year setup: classes and sections have to exist to admit into,"Enrolment, which is what fee invoicing and the attendance register key off",Admissions & Front Office,Accounts (invoices) and Faculty (teaches),Institution Admin,None,Enquiry -> application -> admitted -> enrolled -> invoiced -> on a register,,"Maintain the audit-ready RTE quota register with lottery results, verification and reimbursement claims."
02 Year setup,Feb-Apr,Faculty / Teacher,faculty,My Classes,My Classes,My classes,faculty.my_classes.my_classes,assigned_classes,core,yes,TodaysClasses,"Classes, sections, subjects and the calendar, built before the year opens","Last year's structure, or nothing at all on a new tenant","Everything. Admissions, timetable, fees and exams all key off classes and subjects",Institution Admin,Every other role,Institution Admin,None,Principal builds the year -> everybody else works inside it,,"Class roster, subject resources and relevant student academic information."
02 Year setup,Feb-Apr,Faculty / Teacher,faculty,My Classes,My Classes,My students,faculty.my_classes.my_students,assigned_classes,core,yes,Students,"Classes, sections, subjects and the calendar, built before the year opens","Last year's structure, or nothing at all on a new tenant","Everything. Admissions, timetable, fees and exams all key off classes and subjects",Institution Admin,Every other role,Institution Admin,None,Principal builds the year -> everybody else works inside it,,"Every child in the class with attendance, marks and guardian contact in one place."
02 Year setup,Feb-Apr,Faculty / Teacher,faculty,My Classes,My Classes,Student Behavior & Demerits,faculty.my_classes.student_behavior_demerits,assigned_classes,core,yes,MyClasses,"Classes, sections, subjects and the calendar, built before the year opens","Last year's structure, or nothing at all on a new tenant","Everything. Admissions, timetable, fees and exams all key off classes and subjects",Faculty,Parent,,Parent (student_remark),Faculty records conduct -> guardians alerted -> Parent reads,,"Award positive behavior badges (Kindness, Curiosity) or log disciplinary demerit points."
02 Year setup,Feb-Apr,Faculty / Teacher,faculty,My Classes,My Classes,Student details,faculty.my_classes.student_details,assigned_classes,core,yes,StudentProfile,"Classes, sections, subjects and the calendar, built before the year opens","Last year's structure, or nothing at all on a new tenant","Everything. Admissions, timetable, fees and exams all key off classes and subjects",Institution Admin,Every other role,Institution Admin,None,Principal builds the year -> everybody else works inside it,,"One child's full record: profile, guardians, attendance, marks and remarks."
02 Year setup,Feb-Apr,Faculty / Teacher,faculty,My Classes,My Classes,Student progress,faculty.my_classes.student_progress,assigned_classes,core,yes,MyClasses,"Classes, sections, subjects and the calendar, built before the year opens","Last year's structure, or nothing at all on a new tenant","Everything. Admissions, timetable, fees and exams all key off classes and subjects",Institution Admin,Every other role,Institution Admin,None,Principal builds the year -> everybody else works inside it,,View attendance and academic progress for students taught/mentored by the faculty member.
02 Year setup,Feb-Apr,HOD / Department Head,hod,Academics,Academics,Faculty allocation,hod.academics.faculty_allocation,department,core,yes,FacultyAllocation,"Classes, sections, subjects and the calendar, built before the year opens","Last year's structure, or nothing at all on a new tenant","Everything. Admissions, timetable, fees and exams all key off classes and subjects",HOD / Institution Admin,Faculty,,None,"Allocation decides who teaches what, which is what sets every teacher's data scope",Institution Admin / Principal,"Which teacher teaches which subject to which section, across the department, with each teacher's total periods shown so the load can be seen while it is being set."
02 Year setup,Feb-Apr,HOD / Department Head,hod,Academics,Academics,Language subject allocation,hod.academics.language_subject_allocation,department,core,yes,LanguageAllocation,"Classes, sections, subjects and the calendar, built before the year opens","Last year's structure, or nothing at all on a new tenant","Everything. Admissions, timetable, fees and exams all key off classes and subjects",Institution Admin / HOD,Faculty and Student,,None,L1 and L2 chosen per student -> decides section grouping and the report card subjects,Institution Admin / Principal,"Which language each student takes as L1 and as L2, set for one student or for a whole list at once. Sits here and with the principal because it decides section grouping, not lesson content."
02 Year setup,Feb-Apr,Institution Admin / Principal,institution_admin,Academics,Academics,Academic calendar,institution_admin.academics.academic_calendar,institution,core,yes,AcademicCalendar,"Classes, sections, subjects and the calendar, built before the year opens","Last year's structure, or nothing at all on a new tenant","Everything. Admissions, timetable, fees and exams all key off classes and subjects",Institution Admin,Every other role,Institution Admin,None,Principal builds the year -> everybody else works inside it,,"Manage holidays, teaching days, exams, PTMs and institutional events."
02 Year setup,Feb-Apr,Institution Admin / Principal,institution_admin,Academics,Academics,Academic structure,institution_admin.academics.academic_structure,institution,core,yes,Wizard,"Classes, sections, subjects and the calendar, built before the year opens","Last year's structure, or nothing at all on a new tenant","Everything. Admissions, timetable, fees and exams all key off classes and subjects",Institution Admin,Every other role,Institution Admin,None,Principal builds the year -> everybody else works inside it,,"Programs/classes, departments, subjects/courses, batches/sections, years/terms and rooms."
02 Year setup,Feb-Apr,Institution Admin / Principal,institution_admin,Academics,Academics,Attendance corrections,institution_admin.academics.attendance_corrections,institution,core,yes,Corrections,"Classes, sections, subjects and the calendar, built before the year opens","Last year's structure, or nothing at all on a new tenant","Everything. Admissions, timetable, fees and exams all key off classes and subjects",Faculty (marks the register),"Parent, HR, Compliance",,Parent on absence (absence_alert),Faculty marks -> parent alerted if absent -> report card line and statutory return,,Review correction requests according to workflow.
02 Year setup,Feb-Apr,Institution Admin / Principal,institution_admin,Academics,Academics,Attendance monitoring,institution_admin.academics.attendance_monitoring,institution,core,yes,AttendanceMonitoring,"Classes, sections, subjects and the calendar, built before the year opens","Last year's structure, or nothing at all on a new tenant","Everything. Admissions, timetable, fees and exams all key off classes and subjects",Faculty (marks the register),"Parent, HR, Compliance",,Parent on absence (absence_alert),Faculty marks -> parent alerted if absent -> report card line and statutory return,,"Institution/class/department attendance, absent list, shortage list and trends."
02 Year setup,Feb-Apr,Institution Admin / Principal,institution_admin,Academics,Academics,Classes & sections,institution_admin.academics.classes_sections,institution,core,yes,Wizard,"Classes, sections, subjects and the calendar, built before the year opens","Last year's structure, or nothing at all on a new tenant","Everything. Admissions, timetable, fees and exams all key off classes and subjects",Institution Admin,Every other role,Institution Admin,None,Principal builds the year -> everybody else works inside it,,"The academic structure: classes, sections, subjects and which teacher takes what."
02 Year setup,Feb-Apr,Institution Admin / Principal,institution_admin,Academics,Academics,Exams & marks monitoring,institution_admin.academics.exams_marks_monitoring,department,core,yes,ExamMonitoring,"Classes, sections, subjects and the calendar, built before the year opens","Last year's structure, or nothing at all on a new tenant","Everything. Admissions, timetable, fees and exams all key off classes and subjects",Institution Admin,Every other role,Institution Admin,None,Principal builds the year -> everybody else works inside it,,"Track marks-entry completion, review/approve internal marks where workflow requires, results and backlogs."
02 Year setup,Feb-Apr,Institution Admin / Principal,institution_admin,Academics,Academics,Faculty allocation,institution_admin.academics.faculty_allocation,institution,core,yes,FacultyAllocation,"Classes, sections, subjects and the calendar, built before the year opens","Last year's structure, or nothing at all on a new tenant","Everything. Admissions, timetable, fees and exams all key off classes and subjects",HOD / Institution Admin,Faculty,,None,"Allocation decides who teaches what, which is what sets every teacher's data scope",HOD / Department Head,Assign faculty to subject/class and review unassigned subjects.
02 Year setup,Feb-Apr,Institution Admin / Principal,institution_admin,Academics,Academics,Language subject allocation,institution_admin.academics.language_subject_allocation,institution,core,yes,LanguageAllocation,"Classes, sections, subjects and the calendar, built before the year opens","Last year's structure, or nothing at all on a new tenant","Everything. Admissions, timetable, fees and exams all key off classes and subjects",Institution Admin / HOD,Faculty and Student,,None,L1 and L2 chosen per student -> decides section grouping and the report card subjects,HOD / Department Head,"Which language each student takes as L1 and as L2, for one student or for a whole class at once. A teacher was choosing this; it decides how sections are grouped, so it belongs to whoever groups them."
02 Year setup,Feb-Apr,Institution Admin / Principal,institution_admin,Academics,Academics,Lesson Plan Approval Queue,institution_admin.academics.lesson_plan_approval_queue,institution,core,yes,Syllabus,"Classes, sections, subjects and the calendar, built before the year opens","Last year's structure, or nothing at all on a new tenant","Everything. Admissions, timetable, fees and exams all key off classes and subjects",Faculty (writes it),HOD (reviews it),HOD / Principal,None,Faculty writes -> HOD approves or returns -> Faculty marks it taught -> coverage moves,,"Review, comment, approve, or reject daily/weekly lesson plans submitted by faculty."
02 Year setup,Feb-Apr,Institution Admin / Principal,institution_admin,Academics,Academics,OBE / outcomes,institution_admin.academics.obe_outcomes,department,core,yes,Outcomes,"Classes, sections, subjects and the calendar, built before the year opens","Last year's structure, or nothing at all on a new tenant","Everything. Admissions, timetable, fees and exams all key off classes and subjects",Institution Admin,Every other role,Institution Admin,None,Principal builds the year -> everybody else works inside it,,"CO/PO mapping, attainment and gap analysis when enabled for higher education."
02 Year setup,Feb-Apr,Institution Admin / Principal,institution_admin,Academics,Academics,Subject & Chapter Planner,institution_admin.academics.subject_chapter_planner,institution,core,yes,Syllabus,"Classes, sections, subjects and the calendar, built before the year opens","Last year's structure, or nothing at all on a new tenant","Everything. Admissions, timetable, fees and exams all key off classes and subjects",Institution Admin,Every other role,Institution Admin,None,Principal builds the year -> everybody else works inside it,,"Define master subject structures, chapters, learning outcomes, and target completion dates."
02 Year setup,Feb-Apr,Institution Admin / Principal,institution_admin,Academics,Academics,Syllabus Coverage Tracking,institution_admin.academics.syllabus_coverage_tracking,institution,core,yes,Syllabus,"Classes, sections, subjects and the calendar, built before the year opens","Last year's structure, or nothing at all on a new tenant","Everything. Admissions, timetable, fees and exams all key off classes and subjects",Faculty (marks lessons taught),HOD / Principal,,None,Faculty teaches -> coverage percentage -> HOD sees who is behind,,Monitor real-time percentage completion of syllabus against academic calendar deadlines.
02 Year setup,Feb-Apr,Institution Admin / Principal,institution_admin,Academics,Academics,Syllabus progress,institution_admin.academics.syllabus_progress,institution,core,yes,Syllabus,"Classes, sections, subjects and the calendar, built before the year opens","Last year's structure, or nothing at all on a new tenant","Everything. Admissions, timetable, fees and exams all key off classes and subjects",Faculty (marks lessons taught),HOD / Principal,,None,Faculty teaches -> coverage percentage -> HOD sees who is behind,,Chapter-level coverage per subject and section against the plan.
02 Year setup,Feb-Apr,Institution Admin / Principal,institution_admin,Academics,Academics,Teacher allocation,institution_admin.academics.teacher_allocation,institution,core,yes,StaffWorkload,"Classes, sections, subjects and the calendar, built before the year opens","Last year's structure, or nothing at all on a new tenant","Everything. Admissions, timetable, fees and exams all key off classes and subjects",Institution Admin,Every other role,Institution Admin,None,Principal builds the year -> everybody else works inside it,,"Who teaches which subject in which section, and the workload that adds up to."
02 Year setup,Feb-Apr,Institution Admin / Principal,institution_admin,Students,Students,Alumni Program Oversight,institution_admin.students.alumni_program_oversight,institution,core,yes,Alumni,"Classes, sections, subjects and the calendar, built before the year opens","Last year's structure, or nothing at all on a new tenant","Everything. Admissions, timetable, fees and exams all key off classes and subjects",Institution Admin,Every other role,Institution Admin,None,Principal builds the year -> everybody else works inside it,,"Track annual graduating batch directory, alumni events, and alumni contribution funds."
02 Year setup,Feb-Apr,Institution Admin / Principal,institution_admin,Students,Students,Certificates & Document Templates,institution_admin.students.certificates_document_templates,institution,core,yes,CertificateTemplates,"Classes, sections, subjects and the calendar, built before the year opens","Last year's structure, or nothing at all on a new tenant","Everything. Admissions, timetable, fees and exams all key off classes and subjects",Institution Admin / Front Office,Parent (receives it),Institution Admin,None,Dues cleared -> TC generated from a snapshot -> issued to the family,,"Design and configure print templates for Transfer Certificates (TC), Bonafide, and Conduct cards."
02 Year setup,Feb-Apr,Institution Admin / Principal,institution_admin,Students,Students,Certificates & documents,institution_admin.students.certificates_documents,institution,core,yes,Certificates,"Classes, sections, subjects and the calendar, built before the year opens","Last year's structure, or nothing at all on a new tenant","Everything. Admissions, timetable, fees and exams all key off classes and subjects",Institution Admin / Front Office,Parent (receives it),Institution Admin,None,Dues cleared -> TC generated from a snapshot -> issued to the family,,"Approve/issue bonafide, transfer/leaving and other configured certificates."
02 Year setup,Feb-Apr,Institution Admin / Principal,institution_admin,Students,Students,Department students,institution_admin.students.department_students,department,core,yes,DepartmentStudents,"Classes, sections, subjects and the calendar, built before the year opens","Last year's structure, or nothing at all on a new tenant","Everything. Admissions, timetable, fees and exams all key off classes and subjects",Institution Admin,Every other role,Institution Admin,None,Principal builds the year -> everybody else works inside it,,"Search students in the department; view attendance, results, CGPA/backlogs and advisor."
02 Year setup,Feb-Apr,Institution Admin / Principal,institution_admin,Students,Students,Disciplinary Incident Log,institution_admin.students.disciplinary_incident_log,institution,core,yes,DisciplineLog,"Classes, sections, subjects and the calendar, built before the year opens","Last year's structure, or nothing at all on a new tenant","Everything. Admissions, timetable, fees and exams all key off classes and subjects",Institution Admin,Every other role,Institution Admin,None,Principal builds the year -> everybody else works inside it,,"Record student disciplinary actions, counseling notes, parent meeting logs, and suspensions."
02 Year setup,Feb-Apr,Institution Admin / Principal,institution_admin,Students,Students,Enrollment lifecycle,institution_admin.students.enrollment_lifecycle,institution,core,yes,Certificates,"Classes, sections, subjects and the calendar, built before the year opens","Last year's structure, or nothing at all on a new tenant","Everything. Admissions, timetable, fees and exams all key off classes and subjects",Institution Admin,Every other role,Institution Admin,None,Principal builds the year -> everybody else works inside it,,"Enroll, promote/roll over, transfer, withdraw and graduate students."
02 Year setup,Feb-Apr,Institution Admin / Principal,institution_admin,Students,Students,Student Council Management,institution_admin.students.student_council_management,institution,optional,yes,StudentCouncil,"Classes, sections, subjects and the calendar, built before the year opens","Last year's structure, or nothing at all on a new tenant","Everything. Admissions, timetable, fees and exams all key off classes and subjects",Institution Admin,Every other role,Institution Admin,None,Principal builds the year -> everybody else works inside it,,"Define student council positions, log elected candidates, and track student leadership duties."
02 Year setup,Feb-Apr,Institution Admin / Principal,institution_admin,Students,Students,Student directory,institution_admin.students.student_directory,institution,core,yes,StudentProfile,"Classes, sections, subjects and the calendar, built before the year opens","Last year's structure, or nothing at all on a new tenant","Everything. Admissions, timetable, fees and exams all key off classes and subjects",Institution Admin,Every other role,Institution Admin,None,Principal builds the year -> everybody else works inside it,,"Every student, their section, guardians and academic history."
02 Year setup,Feb-Apr,Institution Admin / Principal,institution_admin,Students,Students,Student directory & Student 360,institution_admin.students.student_directory_student_360,institution,core,yes,StudentProfile,"Classes, sections, subjects and the calendar, built before the year opens","Last year's structure, or nothing at all on a new tenant","Everything. Admissions, timetable, fees and exams all key off classes and subjects",Institution Admin,Every other role,Institution Admin,None,Principal builds the year -> everybody else works inside it,,"Search students and view enrollment, guardian, attendance, academic, fee-summary, documents and status based on permission."
02 Year setup,Feb-Apr,Parent / Guardian,parent,Profile,Profile,Digital Parent ID Card for Campus Entry,parent.profile.digital_parent_id_card_for_campus_entry,children,optional,yes,ParentIDCard,"Classes, sections, subjects and the calendar, built before the year opens","Last year's structure, or nothing at all on a new tenant","Everything. Admissions, timetable, fees and exams all key off classes and subjects",Institution Admin,Every other role,Institution Admin,None,Principal builds the year -> everybody else works inside it,,Display dynamic encrypted QR code parent ID on mobile app screen for entry at school gates.
02 Year setup,Feb-Apr,Student,student,School,Campus Life,Digital Hall of Fame,student.campus_life.digital_hall_of_fame,self,optional,no,,"Classes, sections, subjects and the calendar, built before the year opens","Last year's structure, or nothing at all on a new tenant","Everything. Admissions, timetable, fees and exams all key off classes and subjects",Institution Admin,Every other role,Institution Admin,None,Principal builds the year -> everybody else works inside it,,"Showcase historic trophies, school record holders, and national rankers across academic/sports."
02 Year setup,Feb-Apr,Student,student,School,Campus Life,Digital Locker Combination & Access Log,student.campus_life.digital_locker_combination_access_log,self,optional,yes,Locker,"Classes, sections, subjects and the calendar, built before the year opens","Last year's structure, or nothing at all on a new tenant","Everything. Admissions, timetable, fees and exams all key off classes and subjects",Institution Admin,Every other role,Institution Admin,None,Principal builds the year -> everybody else works inside it,,Manage assigned physical hallway locker numbers and view digital access keycode history.
02 Year setup,Feb-Apr,Student,student,School,Campus Life,Lost & Found Item Board,student.campus_life.lost_found_item_board,self,optional,yes,LostFound,"Classes, sections, subjects and the calendar, built before the year opens","Last year's structure, or nothing at all on a new tenant","Everything. Admissions, timetable, fees and exams all key off classes and subjects",Institution Admin,Every other role,Institution Admin,None,Principal builds the year -> everybody else works inside it,,Post missing items or report found items with photos on the digital lost-and-found board.
02 Year setup,Feb-Apr,Student,student,School,Campus Life,Lost & Found Photo Board with Claim Verification,student.campus_life.lost_found_photo_board_with_claim_verification,self,optional,yes,LostFoundClaims,"Classes, sections, subjects and the calendar, built before the year opens","Last year's structure, or nothing at all on a new tenant","Everything. Admissions, timetable, fees and exams all key off classes and subjects",Institution Admin,Every other role,Institution Admin,None,Principal builds the year -> everybody else works inside it,,View photos of lost items found on campus and submit digital claim proof to reclaim items.
02 Year setup,Feb-Apr,Student,student,School,Campus Life,Student Club Event Ticketing & QR Check-In,student.campus_life.student_club_event_ticketing_qr_check_in,self,optional,yes,ClubEvents,"Classes, sections, subjects and the calendar, built before the year opens","Last year's structure, or nothing at all on a new tenant","Everything. Admissions, timetable, fees and exams all key off classes and subjects",Institution Admin,Every other role,Institution Admin,None,Principal builds the year -> everybody else works inside it,,"Register for campus drama, music, or science events and generate QR-coded admission tickets."
02 Year setup,Feb-Apr,Student,student,School,Campus Life,Student Wall & Peer Recognition,student.campus_life.student_wall_peer_recognition,self,optional,yes,StudentWall,"Classes, sections, subjects and the calendar, built before the year opens","Last year's structure, or nothing at all on a new tenant","Everything. Admissions, timetable, fees and exams all key off classes and subjects",Institution Admin,Every other role,Institution Admin,None,Principal builds the year -> everybody else works inside it,,"View school news, student council announcements, badge achievements, and art features."
02 Year setup,Feb-Apr,Student,student,School,Notices & Calendar,Calendar,student.notices_calendar.calendar,self,core,yes,Calendar,"Classes, sections, subjects and the calendar, built before the year opens","Last year's structure, or nothing at all on a new tenant","Everything. Admissions, timetable, fees and exams all key off classes and subjects",Institution Admin,Every other role,Institution Admin,None,Principal builds the year -> everybody else works inside it,,"Academic calendar, holidays, events and deadlines."
02 Year setup,Feb-Apr,Student,student,School,Notices & Calendar,Library Book Hold Request,student.notices_calendar.library_book_hold_request,self,core,yes,LibraryHolds,"Classes, sections, subjects and the calendar, built before the year opens","Last year's structure, or nothing at all on a new tenant","Everything. Admissions, timetable, fees and exams all key off classes and subjects",Institution Admin,Every other role,Institution Admin,None,Principal builds the year -> everybody else works inside it,,Reserve available library books online for pickup at the start of the next school day.
02 Year setup,Feb-Apr,Super Admin,super_admin,Platform Setup,Campuses & Academic Year,Academic Calendar Model,super_admin.campuses_academic_year.academic_calendar_model,platform,core,yes,CalendarModel,"Classes, sections, subjects and the calendar, built before the year opens","Last year's structure, or nothing at all on a new tenant","Everything. Admissions, timetable, fees and exams all key off classes and subjects",Institution Admin,Every other role,Institution Admin,None,Principal builds the year -> everybody else works inside it,,Configure the June-April school year separately from the April-March financial year used for receipts.
02 Year setup,Feb-Apr,Super Admin,super_admin,Platform Setup,Campuses & Academic Year,Franchise Management,super_admin.campuses_academic_year.franchise_management,platform,core,yes,Franchises,"Classes, sections, subjects and the calendar, built before the year opens","Last year's structure, or nothing at all on a new tenant","Everything. Admissions, timetable, fees and exams all key off classes and subjects",Institution Admin,Every other role,Institution Admin,None,Principal builds the year -> everybody else works inside it,,"Centralized administrative oversight, asset sharing, and brand compliance for franchise chains."
02 Year setup,Feb-Apr,Super Admin,super_admin,Platform Setup,Campuses & Academic Year,White-Label Branding,super_admin.campuses_academic_year.white_label_branding,platform,core,yes,WhiteLabel,"Classes, sections, subjects and the calendar, built before the year opens","Last year's structure, or nothing at all on a new tenant","Everything. Admissions, timetable, fees and exams all key off classes and subjects",Institution Admin,Every other role,Institution Admin,None,Principal builds the year -> everybody else works inside it,,"Configure custom logos, domain names, color themes, login portal banners, and email header templates."
02 Year setup,Feb-Apr,Super Admin,super_admin,Institution Setup,Institution Setup,Academic year defaults,super_admin.institution_setup.academic_year_defaults,platform,core,yes,Wizard,"Classes, sections, subjects and the calendar, built before the year opens","Last year's structure, or nothing at all on a new tenant","Everything. Admissions, timetable, fees and exams all key off classes and subjects",Institution Admin,Every other role,Institution Admin,None,Principal builds the year -> everybody else works inside it,,Set active academic year/term defaults per campus; actual academic structure remains with institution admins.
02 Year setup,Feb-Apr,Super Admin,super_admin,Institution Setup,Institution Setup,Branding,super_admin.institution_setup.branding,platform,core,yes,Branding,"Classes, sections, subjects and the calendar, built before the year opens","Last year's structure, or nothing at all on a new tenant","Everything. Admissions, timetable, fees and exams all key off classes and subjects",Institution Admin,Every other role,Institution Admin,None,Principal builds the year -> everybody else works inside it,,"Logo, institution name, colors and portal identity per tenant/campus."
02 Year setup,Feb-Apr,Super Admin,super_admin,Institution Setup,Institution Setup,Institutions & campuses,super_admin.institution_setup.institutions_campuses,platform,core,yes,Wizard,"Classes, sections, subjects and the calendar, built before the year opens","Last year's structure, or nothing at all on a new tenant","Everything. Admissions, timetable, fees and exams all key off classes and subjects",Institution Admin,Every other role,Institution Admin,None,Principal builds the year -> everybody else works inside it,,"Create/edit institution and campuses; address, timezone, academic model, contact details and status."
02 Year setup,Feb-Apr,Super Admin,super_admin,Institution Setup,Institution Setup,School settings,super_admin.institution_setup.school_settings,institution,core,yes,Wizard,"Classes, sections, subjects and the calendar, built before the year opens","Last year's structure, or nothing at all on a new tenant","Everything. Admissions, timetable, fees and exams all key off classes and subjects",Institution Admin,Every other role,Institution Admin,None,Principal builds the year -> everybody else works inside it,,"Institution profile, campuses, academic year and numbering."
03 Staffing,Feb-Apr,Faculty / Teacher,faculty,My Work,My Profile,Leave & self service,faculty.my_profile.leave_self_service,assigned_classes,core,yes,Leave,"Appointments and allocation before April; payroll monthly, appraisal in Feb",Year setup: departments and subjects,"Timetable allocation, payroll, leave approval and cover",Faculty / staff member (applies),HOD and HR (decide),HOD / HR,The applicant on decision,Staff applies -> HOD and HR see it -> approved -> cover requested -> payroll balance updated,,"Apply for leave, view approval status, attendance and personal documents."
03 Staffing,Feb-Apr,Faculty / Teacher,faculty,My Work,My Profile,Student leave requests,faculty.my_profile.student_leave_requests,assigned_classes,core,yes,Approvals,"Appointments and allocation before April; payroll monthly, appraisal in Feb",Year setup: departments and subjects,"Timetable allocation, payroll, leave approval and cover",Parent,Class teacher,Class teacher,Class teacher,Parent applies -> class teacher decides -> attendance reflects it,,"Leave a parent has applied for on behalf of a child in your class: who, which days, and why, with approve or decline. Separate from your own leave, which is an employment matter and goes to HR and your head of department."
03 Staffing,Feb-Apr,HOD / Department Head,hod,Staff,Staff,Leave approvals,hod.staff.leave_approvals,department,core,yes,Leave,"Appointments and allocation before April; payroll monthly, appraisal in Feb",Year setup: departments and subjects,"Timetable allocation, payroll, leave approval and cover",Faculty / staff member (applies),HOD and HR (decide),HOD / HR,The applicant on decision,Staff applies -> HOD and HR see it -> approved -> cover requested -> payroll balance updated,,"Leave requested by the department's staff, with the periods it would leave uncovered shown next to it."
03 Staffing,Feb-Apr,HOD / Department Head,hod,Staff,Staff,Teacher remarks,hod.staff.teacher_remarks,department,core,yes,StaffRemarks,"Appointments and allocation before April; payroll monthly, appraisal in Feb",Year setup: departments and subjects,"Timetable allocation, payroll, leave approval and cover",HOD / Principal / Parent (writes it),Faculty (reads it),,The teacher it is about (staff_remark),"HOD, Principal or Parent writes -> teacher alerted -> teacher reads it on their own screen",Parent / Guardian,"Write a remark about a teacher in the department, and read the remarks others have written about them. The teacher sees it on their own screen."
03 Staffing,Feb-Apr,HR & Payroll,hr,People,Hiring & Growth,Annual Performance Appraisal (KPI),hr.hiring_growth.annual_performance_appraisal_kpi,institution,core,yes,Appraisal,"Appointments and allocation before April; payroll monthly, appraisal in Feb",Year setup: departments and subjects,"Timetable allocation, payroll, leave approval and cover",HR & Payroll,HOD and Institution Admin,Institution Admin,None,HR appoints -> issues the login -> HOD allocates the work,,"Set staff KPIs, collect peer/principal ratings, and process annual increment percentages."
03 Staffing,Feb-Apr,HR & Payroll,hr,People,Hiring & Growth,Recruitment,hr.hiring_growth.recruitment,institution,core,yes,Recruitment,"Appointments and allocation before April; payroll monthly, appraisal in Feb",Year setup: departments and subjects,"Timetable allocation, payroll, leave approval and cover",HR & Payroll,HOD and Institution Admin,Institution Admin,None,HR appoints -> issues the login -> HOD allocates the work,,"Openings, candidates, interviews and offers when ATS is enabled."
03 Staffing,Feb-Apr,HR & Payroll,hr,People,Hiring & Growth,Staff Training & Workshop Logs,hr.hiring_growth.staff_training_workshop_logs,institution,core,yes,Training,"Appointments and allocation before April; payroll monthly, appraisal in Feb",Year setup: departments and subjects,"Timetable allocation, payroll, leave approval and cover",HR & Payroll,HOD and Institution Admin,Institution Admin,None,HR appoints -> issues the login -> HOD allocates the work,,"Log mandatory teacher professional development hours, workshops attended, and certs."
03 Staffing,Feb-Apr,HR & Payroll,hr,Attendance & Leave,Leave,Half-Day Leave Deduction Calculation,hr.leave.half_day_leave_deduction_calculation,institution,core,yes,LeavePolicy,"Appointments and allocation before April; payroll monthly, appraisal in Feb",Year setup: departments and subjects,"Timetable allocation, payroll, leave approval and cover",Faculty / staff member (applies),HOD and HR (decide),HOD / HR,The applicant on decision,Staff applies -> HOD and HR see it -> approved -> cover requested -> payroll balance updated,,Auto-calculate half-day salary deductions when staff check out earlier than prescribed shift hours.
03 Staffing,Feb-Apr,HR & Payroll,hr,Attendance & Leave,Leave,Late Arrival & Loss of Pay (LOP),hr.leave.late_arrival_loss_of_pay_lop,institution,core,yes,LeavePolicy,"Appointments and allocation before April; payroll monthly, appraisal in Feb",Year setup: departments and subjects,"Timetable allocation, payroll, leave approval and cover",Faculty / staff member (applies),HOD and HR (decide),HOD / HR,The applicant on decision,Staff applies -> HOD and HR see it -> approved -> cover requested -> payroll balance updated,,Configure auto-deduction rules for late arrivals or unexcused absences leading to LOP.
03 Staffing,Feb-Apr,HR & Payroll,hr,Attendance & Leave,Leave,Leave,hr.leave.leave,institution,core,yes,Leave,"Appointments and allocation before April; payroll monthly, appraisal in Feb",Year setup: departments and subjects,"Timetable allocation, payroll, leave approval and cover",Faculty / staff member (applies),HOD and HR (decide),HOD / HR,The applicant on decision,Staff applies -> HOD and HR see it -> approved -> cover requested -> payroll balance updated,,"Leave balances, requests, approvals and holiday calendar."
03 Staffing,Feb-Apr,HR & Payroll,hr,Attendance & Leave,Leave,Leave Policy Configuration,hr.leave.leave_policy_configuration,institution,core,yes,LeavePolicy,"Appointments and allocation before April; payroll monthly, appraisal in Feb",Year setup: departments and subjects,"Timetable allocation, payroll, leave approval and cover",Faculty / staff member (applies),HOD and HR (decide),HOD / HR,The applicant on decision,Staff applies -> HOD and HR see it -> approved -> cover requested -> payroll balance updated,,"Define Casual Leave, Sick Leave, Earned Leave, Maternity Leave rules and carry-forward limits."
03 Staffing,Feb-Apr,HR & Payroll,hr,Payroll,Payroll,Direct Bank Payroll Transfer File,hr.payroll.direct_bank_payroll_transfer_file,institution,core,yes,Statutory,"Appointments and allocation before April; payroll monthly, appraisal in Feb",Year setup: departments and subjects,"Timetable allocation, payroll, leave approval and cover",HR & Payroll (runs it),Accounts & Finance (pays it),Institution Admin,None,Attendance and leave -> loss of pay -> payroll run -> approved -> bank export,,Export bank-specific bulk salary transfer text/excel files for instant bank disbursement.
03 Staffing,Feb-Apr,HR & Payroll,hr,Payroll,Payroll,Employee CTC Breakup Calculator,hr.payroll.employee_ctc_breakup_calculator,institution,core,yes,Statutory,"Appointments and allocation before April; payroll monthly, appraisal in Feb",Year setup: departments and subjects,"Timetable allocation, payroll, leave approval and cover",HR & Payroll (runs it),Accounts & Finance (pays it),Institution Admin,None,Attendance and leave -> loss of pay -> payroll run -> approved -> bank export,,Model complete Gross vs. Net vs. CTC salary packages including employer PF and ESI matches.
03 Staffing,Feb-Apr,HR & Payroll,hr,Payroll,Payroll,Overtime (OT) Rate Setup,hr.payroll.overtime_ot_rate_setup,institution,core,yes,Statutory,"Appointments and allocation before April; payroll monthly, appraisal in Feb",Year setup: departments and subjects,"Timetable allocation, payroll, leave approval and cover",HR & Payroll (runs it),Accounts & Finance (pays it),Institution Admin,None,Attendance and leave -> loss of pay -> payroll run -> approved -> bank export,,Define hourly overtime rates for non-teaching staff working during weekend school events.
03 Staffing,Feb-Apr,HR & Payroll,hr,Payroll,Payroll,PF Encashment & Loan Deduction,hr.payroll.pf_encashment_loan_deduction,institution,advanced,yes,Statutory,"Appointments and allocation before April; payroll monthly, appraisal in Feb",Year setup: departments and subjects,"Timetable allocation, payroll, leave approval and cover",HR & Payroll (runs it),Accounts & Finance (pays it),Institution Admin,None,Attendance and leave -> loss of pay -> payroll run -> approved -> bank export,,Process Provident Fund loan deductions and track remaining loan payback balances in payslips.
03 Staffing,Feb-Apr,HR & Payroll,hr,Payroll,Payroll,Payroll,hr.payroll.payroll,institution,core,yes,Payroll,"Appointments and allocation before April; payroll monthly, appraisal in Feb",Year setup: departments and subjects,"Timetable allocation, payroll, leave approval and cover",HR & Payroll (runs it),Accounts & Finance (pays it),Institution Admin,None,Attendance and leave -> loss of pay -> payroll run -> approved -> bank export,,"Salary structures, payroll runs, payslips, deductions and reimbursements when payroll is enabled."
03 Staffing,Feb-Apr,HR & Payroll,hr,Payroll,Payroll,Payslip Generation & Email Dispatch,hr.payroll.payslip_generation_email_dispatch,institution,core,yes,Payroll,"Appointments and allocation before April; payroll monthly, appraisal in Feb",Year setup: departments and subjects,"Timetable allocation, payroll, leave approval and cover",HR & Payroll (runs it),Accounts & Finance (pays it),Institution Admin,None,Attendance and leave -> loss of pay -> payroll run -> approved -> bank export,,"Generate PDF payslips, publish to employee portals, and dispatch password-protected PDFs."
03 Staffing,Feb-Apr,HR & Payroll,hr,Payroll,Payroll,Salary Structure Builder,hr.payroll.salary_structure_builder,institution,core,yes,Payroll,"Appointments and allocation before April; payroll monthly, appraisal in Feb",Year setup: departments and subjects,"Timetable allocation, payroll, leave approval and cover",HR & Payroll (runs it),Accounts & Finance (pays it),Institution Admin,None,Attendance and leave -> loss of pay -> payroll run -> approved -> bank export,,"Define Basic Pay, HRA, DA, Special Allowances, PF, ESI, Professional Tax, and Income Tax."
03 Staffing,Feb-Apr,HR & Payroll,hr,Payroll,Payroll,Staff Loan & Advance Management,hr.payroll.staff_loan_advance_management,institution,advanced,yes,Statutory,"Appointments and allocation before April; payroll monthly, appraisal in Feb",Year setup: departments and subjects,"Timetable allocation, payroll, leave approval and cover",HR & Payroll (runs it),Accounts & Finance (pays it),Institution Admin,None,Attendance and leave -> loss of pay -> payroll run -> approved -> bank export,,Process employee salary advance requests and set auto-deduction installments in monthly payroll.
03 Staffing,Feb-Apr,HR & Payroll,hr,Payroll,Payroll,Substitute Workload Allowance,hr.payroll.substitute_workload_allowance,institution,core,yes,Statutory,"Appointments and allocation before April; payroll monthly, appraisal in Feb",Year setup: departments and subjects,"Timetable allocation, payroll, leave approval and cover",HR & Payroll (runs it),Accounts & Finance (pays it),Institution Admin,None,Attendance and leave -> loss of pay -> payroll run -> approved -> bank export,,Track additional proxy classes taken by teachers and compute extra substitution pay.
03 Staffing,Feb-Apr,HR & Payroll,hr,Employees,Records,Employee Document Expiry Alerts,hr.records.employee_document_expiry_alerts,institution,core,yes,Employees,"Appointments and allocation before April; payroll monthly, appraisal in Feb",Year setup: departments and subjects,"Timetable allocation, payroll, leave approval and cover",HR & Payroll (appoints),HOD and Institution Admin,Institution Admin,None,HR appoints -> HR issues the login -> HOD allocates the timetable,,"Receive alerts for upcoming visa, teaching license, or contract renewal expiration dates."
03 Staffing,Feb-Apr,HR & Payroll,hr,Employees,Records,Employee documents,hr.records.employee_documents,institution,core,yes,Employees,"Appointments and allocation before April; payroll monthly, appraisal in Feb",Year setup: departments and subjects,"Timetable allocation, payroll, leave approval and cover",HR & Payroll (appoints),HOD and Institution Admin,Institution Admin,None,HR appoints -> HR issues the login -> HOD allocates the timetable,,"Contracts, IDs and configured employment documents."
03 Staffing,Feb-Apr,HR & Payroll,hr,Employees,Records,Employee master,hr.records.employee_master,institution,core,yes,Employees,"Appointments and allocation before April; payroll monthly, appraisal in Feb",Year setup: departments and subjects,"Timetable allocation, payroll, leave approval and cover",HR & Payroll (appoints),HOD and Institution Admin,Institution Admin,None,HR appoints -> HR issues the login -> HOD allocates the timetable,,"Employee/faculty profiles, department, designation, documents and employment status."
03 Staffing,Feb-Apr,HR & Payroll,hr,Employees,Records,Staff ID Card Printing,hr.records.staff_id_card_printing,institution,core,yes,Employees,"Appointments and allocation before April; payroll monthly, appraisal in Feb",Year setup: departments and subjects,"Timetable allocation, payroll, leave approval and cover",HR & Payroll,HOD and Institution Admin,Institution Admin,None,HR appoints -> issues the login -> HOD allocates the work,,"Design and bulk-print plastic ID cards with barcodes, RFID chips, and staff photos."
03 Staffing,Feb-Apr,HR & Payroll,hr,Employees,Records,Staff Service Book Digitalization,hr.records.staff_service_book_digitalization,institution,advanced,yes,ServiceRecords,"Appointments and allocation before April; payroll monthly, appraisal in Feb",Year setup: departments and subjects,"Timetable allocation, payroll, leave approval and cover",HR & Payroll,HOD and Institution Admin,Institution Admin,None,HR appoints -> issues the login -> HOD allocates the work,,"Maintain complete service book history including promotion orders, transfers, and disciplinary actions."
03 Staffing,Feb-Apr,HR & Payroll,hr,Employees,Verification,Staff Criminal Background Verification,hr.verification.staff_criminal_background_verification,institution,advanced,yes,ServiceRecords,"Appointments and allocation before April; payroll monthly, appraisal in Feb",Year setup: departments and subjects,"Timetable allocation, payroll, leave approval and cover",HR & Payroll,HOD and Institution Admin,Institution Admin,None,HR appoints -> issues the login -> HOD allocates the work,,Upload and verify third-party police verification certificates for all teaching and non-teaching staff.
03 Staffing,Feb-Apr,Institution Admin / Principal,institution_admin,Staff,Department,Department academics,institution_admin.department.department_academics,department,core,yes,DepartmentAcademics,"Appointments and allocation before April; payroll monthly, appraisal in Feb",Year setup: departments and subjects,"Timetable allocation, payroll, leave approval and cover",HR & Payroll,HOD and Institution Admin,Institution Admin,None,HR appoints -> issues the login -> HOD allocates the work,,"Programs, courses/subjects, batches/sections and department academic calendar."
03 Staffing,Feb-Apr,Institution Admin / Principal,institution_admin,Staff,Directory & Workload,Faculty allocation & workload,institution_admin.directory_workload.faculty_allocation_workload,department,core,yes,Department,"Appointments and allocation before April; payroll monthly, appraisal in Feb",Year setup: departments and subjects,"Timetable allocation, payroll, leave approval and cover",HOD / Institution Admin,Faculty,,None,"Allocation decides who teaches what, which is what sets every teacher's data scope",,Allocate subjects/classes and balance teaching load; identify overload and gaps.
03 Staffing,Feb-Apr,Institution Admin / Principal,institution_admin,Staff,Directory & Workload,Faculty directory,institution_admin.directory_workload.faculty_directory,department,core,yes,Department,"Appointments and allocation before April; payroll monthly, appraisal in Feb",Year setup: departments and subjects,"Timetable allocation, payroll, leave approval and cover",HR & Payroll,HOD and Institution Admin,Institution Admin,None,HR appoints -> issues the login -> HOD allocates the work,,"Department faculty with assigned subjects, timetable, attendance and workload."
03 Staffing,Feb-Apr,Institution Admin / Principal,institution_admin,Staff,Directory & Workload,Faculty directory & workload,institution_admin.directory_workload.faculty_directory_workload,institution,core,yes,StaffWorkload,"Appointments and allocation before April; payroll monthly, appraisal in Feb",Year setup: departments and subjects,"Timetable allocation, payroll, leave approval and cover",HR & Payroll,HOD and Institution Admin,Institution Admin,None,HR appoints -> issues the login -> HOD allocates the work,,"Teaching staff, their allocations and how loaded each one is."
03 Staffing,Feb-Apr,Institution Admin / Principal,institution_admin,Staff,Directory & Workload,Staff Allocation & Workload,institution_admin.directory_workload.staff_allocation_workload,institution,core,yes,StaffWorkload,"Appointments and allocation before April; payroll monthly, appraisal in Feb",Year setup: departments and subjects,"Timetable allocation, payroll, leave approval and cover",HR & Payroll,HOD and Institution Admin,Institution Admin,None,HR appoints -> issues the login -> HOD allocates the work,,"View teacher period allocations, weekly teaching load, and balance faculty workloads."
03 Staffing,Feb-Apr,Parent / Guardian,parent,Requests,Leave & Absence,Apply Student Leave,parent.leave_absence.apply_student_leave,children,core,yes,LeaveRequests,"Appointments and allocation before April; payroll monthly, appraisal in Feb",Year setup: departments and subjects,"Timetable allocation, payroll, leave approval and cover",Parent (applies),Class teacher (decides),Class teacher,Class teacher and HR,Parent applies -> class teacher approves -> register and HR return updated,,Submit digital student leave applications with reason and medical certificate attachments.
03 Staffing,Feb-Apr,Parent / Guardian,parent,Requests,Leave & Absence,Requests,parent.leave_absence.requests,children,core,yes,LeaveRequests,"Appointments and allocation before April; payroll monthly, appraisal in Feb",Year setup: departments and subjects,"Timetable allocation, payroll, leave approval and cover",Faculty / staff member (applies),HOD and HR (decide),HOD / HR,The applicant on decision,Staff applies -> HOD and HR see it -> approved -> cover requested -> payroll balance updated,Student,Submit leave/permission/certificate/help requests on behalf of child where allowed.
04 Timetable,Mar-Apr,Faculty / Teacher,faculty,Teaching,Timetable,My timetable,faculty.timetable.my_timetable,assigned_classes,core,yes,Timetable,"Drafted Jan-Mar against vacant posts, published in April, amended all year","Staffing and year setup: teachers, subjects, sections, periods","Daily attendance, every teacher's data scope, substitution, exam invigilation",HOD / Institution Admin (builds it),Faculty and Student,,None,HOD builds -> published -> defines each teacher's scope -> Faculty and Student read it,,"Daily/weekly teaching schedule, rooms/labs and substitutions."
04 Timetable,Mar-Apr,Faculty / Teacher,faculty,Teaching,Timetable,Substitution Request Submission,faculty.timetable.substitution_request_submission,assigned_classes,core,yes,SubstitutionRequest,"Drafted Jan-Mar against vacant posts, published in April, amended all year","Staffing and year setup: teachers, subjects, sections, periods","Daily attendance, every teacher's data scope, substitution, exam invigilation",Faculty (asks for cover),HOD (assigns it),HOD,The teacher given the period,Faculty requests -> HOD sees who is free -> HOD assigns -> covering teacher alerted,,Request advance leave and propose peer faculty substitution for approval.
04 Timetable,Mar-Apr,HOD / Department Head,hod,Timetable,Timetable,Class timetable,hod.timetable.class_timetable,department,core,yes,MasterTimetable,"Drafted Jan-Mar against vacant posts, published in April, amended all year","Staffing and year setup: teachers, subjects, sections, periods","Daily attendance, every teacher's data scope, substitution, exam invigilation",HOD / Institution Admin (builds it),Faculty and Student,,None,HOD builds -> published -> defines each teacher's scope -> Faculty and Student read it,,"Build and change the timetable for any class or section in the department: pick the class, drop a subject and a teacher into a period, and publish. This is the head of department's own copy of the whole-school grid, narrowed to the classes they are responsible for."
04 Timetable,Mar-Apr,HOD / Department Head,hod,Timetable,Timetable,Department timetable,hod.timetable.department_timetable,department,core,yes,DepartmentTimetable,"Drafted Jan-Mar against vacant posts, published in April, amended all year","Staffing and year setup: teachers, subjects, sections, periods","Daily attendance, every teacher's data scope, substitution, exam invigilation",HOD / Institution Admin (builds it),Faculty and Student,,None,HOD builds -> published -> defines each teacher's scope -> Faculty and Student read it,Institution Admin / Principal,"The department's grid by class, by faculty and by room, read together so a gap in one is explained by the other two."
04 Timetable,Mar-Apr,HOD / Department Head,hod,Timetable,Timetable,Staff timetable,hod.timetable.staff_timetable,department,core,yes,DepartmentTimetable,"Drafted Jan-Mar against vacant posts, published in April, amended all year","Staffing and year setup: teachers, subjects, sections, periods","Daily attendance, every teacher's data scope, substitution, exam invigilation",HOD / Institution Admin (builds it),Faculty and Student,,None,HOD builds -> published -> defines each teacher's scope -> Faculty and Student read it,,"Every teacher in the department, period by period, with their free periods visible. Assign a teacher to a period, move them off one, and see the clash before it is saved rather than after."
04 Timetable,Mar-Apr,HOD / Department Head,hod,Timetable,Timetable,Substitution requests,hod.timetable.substitution_requests,department,core,yes,SubstitutionBoard,"Drafted Jan-Mar against vacant posts, published in April, amended all year","Staffing and year setup: teachers, subjects, sections, periods","Daily attendance, every teacher's data scope, substitution, exam invigilation",Faculty (asks for cover),HOD (assigns it),HOD,The teacher given the period,Faculty requests -> HOD sees who is free -> HOD assigns -> covering teacher alerted,,"Cover requests from the department's teachers: who is away, which period, which class, and why. Assign it to a teacher who is free at that hour and they are told immediately."
04 Timetable,Mar-Apr,Institution Admin / Principal,institution_admin,Academics,Academics,Faculty Substitution Engine,institution_admin.academics.faculty_substitution_engine,institution,core,yes,SubstitutionBoard,"Drafted Jan-Mar against vacant posts, published in April, amended all year","Staffing and year setup: teachers, subjects, sections, periods","Daily attendance, every teacher's data scope, substitution, exam invigilation",Faculty (asks for cover),HOD (assigns it),HOD,The teacher given the period,Faculty requests -> HOD sees who is free -> HOD assigns -> covering teacher alerted,,View absent teachers and assign available proxy teachers based on free periods and expertise.
04 Timetable,Mar-Apr,Institution Admin / Principal,institution_admin,Academics,Academics,Master Timetable Generation,institution_admin.academics.master_timetable_generation,institution,core,yes,MasterTimetable,"Drafted Jan-Mar against vacant posts, published in April, amended all year","Staffing and year setup: teachers, subjects, sections, periods","Daily attendance, every teacher's data scope, substitution, exam invigilation",HOD / Institution Admin (builds it),Faculty and Student,,None,HOD builds -> published -> defines each teacher's scope -> Faculty and Student read it,,Auto-generate clash-free class/faculty timetables with room and subject constraints.
04 Timetable,Mar-Apr,Institution Admin / Principal,institution_admin,Academics,Academics,Timetable,institution_admin.academics.timetable,institution,core,yes,Timetable,"Drafted Jan-Mar against vacant posts, published in April, amended all year","Staffing and year setup: teachers, subjects, sections, periods","Daily attendance, every teacher's data scope, substitution, exam invigilation",HOD / Institution Admin (builds it),Faculty and Student,,None,HOD builds -> published -> defines each teacher's scope -> Faculty and Student read it,Student,"View/manage class, faculty and room timetable; resolve conflicts and substitutions."
04 Timetable,Mar-Apr,Institution Admin / Principal,institution_admin,Staff,Department,Department timetable,institution_admin.department.department_timetable,department,core,yes,DepartmentTimetable,"Drafted Jan-Mar against vacant posts, published in April, amended all year","Staffing and year setup: teachers, subjects, sections, periods","Daily attendance, every teacher's data scope, substitution, exam invigilation",HOD / Institution Admin (builds it),Faculty and Student,,None,HOD builds -> published -> defines each teacher's scope -> Faculty and Student read it,HOD / Department Head,View class/faculty/room timetable and manage department substitutions within permission.
04 Timetable,Mar-Apr,Student,student,Academics,Timetable,Timetable,student.timetable.timetable,self,core,yes,Timetable,"Drafted Jan-Mar against vacant posts, published in April, amended all year","Staffing and year setup: teachers, subjects, sections, periods","Daily attendance, every teacher's data scope, substitution, exam invigilation",HOD / Institution Admin (builds it),Faculty and Student,,None,HOD builds -> published -> defines each teacher's scope -> Faculty and Student read it,Institution Admin / Principal,Daily/weekly class timetable and exam timetable.
04 Timetable,Mar-Apr,Super Admin,super_admin,AI & Automation,AI & Automation,Automated Timetable Optimizer,super_admin.ai_automation.automated_timetable_optimizer,platform,core,yes,TimetableOptimizer,"Drafted Jan-Mar against vacant posts, published in April, amended all year","Staffing and year setup: teachers, subjects, sections, periods","Daily attendance, every teacher's data scope, substitution, exam invigilation",HOD / Institution Admin (builds it),Faculty and Student,,None,HOD builds -> published -> defines each teacher's scope -> Faculty and Student read it,,"Genetic algorithms solving complex multi-variable faculty, room, and elective timetable constraints."
05 Fees,Apr-Mar,Accounts & Finance,finance,Accounting,Assets & Budget,Budgeting & Variance Analysis,finance.assets_budget.budgeting_variance_analysis,institution,advanced,yes,Budgets,Invoices raised in April and per term; collection and arrears chased monthly,"Enrolment, and the fee structure published for the year","Collection reports, arrears chasing, the TC dues gate, statutory returns",Accounts & Finance,Parent,Institution Admin,Parent on dues (fee),Structure -> invoice -> parent pays -> receipt -> arrears,,Set annual departmental budgets and track real-time actual spend versus allocated budget.
05 Fees,Apr-Mar,Accounts & Finance,finance,Accounting,Assets & Budget,Fixed Asset Register & Depreciation,finance.assets_budget.fixed_asset_register_depreciation,institution,advanced,yes,FixedAssets,Invoices raised in April and per term; collection and arrears chased monthly,"Enrolment, and the fee structure published for the year","Collection reports, arrears chasing, the TC dues gate, statutory returns",Accounts & Finance,Parent,Institution Admin,Parent on dues (fee),Structure -> invoice -> parent pays -> receipt -> arrears,,"Track capital assets with purchase value, useful life and location; compute straight-line or WDV depreciation and post the annual charge."
05 Fees,Apr-Mar,Accounts & Finance,finance,Fees,Collections,Cashless Campus Wallet,finance.collections.cashless_campus_wallet,campus,core,no,,Invoices raised in April and per term; collection and arrears chased monthly,"Enrolment, and the fee structure published for the year","Collection reports, arrears chasing, the TC dues gate, statutory returns",Accounts & Finance,Parent,Institution Admin,Parent on dues (fee),Structure -> invoice -> parent pays -> receipt -> arrears,,Manage student smart card balances for cashless purchases in school canteen and store.
05 Fees,Apr-Mar,Accounts & Finance,finance,Fees,Collections,Collect payment,finance.collections.collect_payment,institution,core,yes,FeeCounter,Invoices raised in April and per term; collection and arrears chased monthly,"Enrolment, and the fee structure published for the year","Collection reports, arrears chasing, the TC dues gate, statutory returns",Parent (pays),Accounts & Finance,,Parent (receipt),Parent pays -> receipt issued -> ledger and arrears updated,,Record cash/bank/online/manual payments with controls and receipt generation.
05 Fees,Apr-Mar,Accounts & Finance,finance,Fees,Collections,GST Compliant Receipt Numbering,finance.collections.gst_compliant_receipt_numbering,institution,advanced,yes,ReceiptSeries,Invoices raised in April and per term; collection and arrears chased monthly,"Enrolment, and the fee structure published for the year","Collection reports, arrears chasing, the TC dues gate, statutory returns",Accounts & Finance,Parent,Institution Admin,Parent on dues (fee),Structure -> invoice -> parent pays -> receipt -> arrears,,"Configure gapless receipt series, GST treatment per fee head and financial-year reset rules."
05 Fees,Apr-Mar,Accounts & Finance,finance,Fees,Collections,Online payments,finance.collections.online_payments,institution,core,yes,Payments,Invoices raised in April and per term; collection and arrears chased monthly,"Enrolment, and the fee structure published for the year","Collection reports, arrears chasing, the TC dues gate, statutory returns",Parent (pays),Accounts & Finance,,Parent (receipt),Parent pays -> receipt issued -> ledger and arrears updated,,Track gateway payments and payment status.
05 Fees,Apr-Mar,Accounts & Finance,finance,Fees,Collections,POS Canteen Terminal Integration,finance.collections.pos_canteen_terminal_integration,campus,core,yes,CanteenTerminal,Invoices raised in April and per term; collection and arrears chased monthly,"Enrolment, and the fee structure published for the year","Collection reports, arrears chasing, the TC dues gate, statutory returns",Accounts & Finance,Parent,Institution Admin,Parent on dues (fee),Structure -> invoice -> parent pays -> receipt -> arrears,,"Manage daily canteen meal purchases, card swipes, diet restrictions, and wallet debits."
05 Fees,Apr-Mar,Accounts & Finance,finance,Fees,Collections,Partial & advance payments,finance.collections.partial_advance_payments,institution,core,yes,FeeCounter,Invoices raised in April and per term; collection and arrears chased monthly,"Enrolment, and the fee structure published for the year","Collection reports, arrears chasing, the TC dues gate, statutory returns",Parent (pays),Accounts & Finance,,Parent (receipt),Parent pays -> receipt issued -> ledger and arrears updated,,"Handle permitted partial collection, advances and credit application."
05 Fees,Apr-Mar,Accounts & Finance,finance,Fees,Collections,Receipts,finance.collections.receipts,institution,core,yes,FeeCounter,Invoices raised in April and per term; collection and arrears chased monthly,"Enrolment, and the fee structure published for the year","Collection reports, arrears chasing, the TC dues gate, statutory returns",Accounts & Finance,Parent,Institution Admin,Parent on dues (fee),Structure -> invoice -> parent pays -> receipt -> arrears,,"Generate, reprint and verify fee receipts."
05 Fees,Apr-Mar,Accounts & Finance,finance,Fees,Collections,School Store & Merchandise Sales,finance.collections.school_store_merchandise_sales,campus,core,yes,SchoolStore,Invoices raised in April and per term; collection and arrears chased monthly,"Enrolment, and the fee structure published for the year","Collection reports, arrears chasing, the TC dues gate, statutory returns",Accounts & Finance,Parent,Institution Admin,Parent on dues (fee),Structure -> invoice -> parent pays -> receipt -> arrears,,"Sell uniforms, stationery, books, and track stock debits against student billing."
05 Fees,Apr-Mar,Accounts & Finance,finance,Fees,Concessions & Refunds,Discounts / scholarships,finance.concessions_refunds.discounts_scholarships,institution,core,yes,Concessions,Invoices raised in April and per term; collection and arrears chased monthly,"Enrolment, and the fee structure published for the year","Collection reports, arrears chasing, the TC dues gate, statutory returns",Accounts & Finance,Parent,Institution Admin,Parent on dues (fee),Structure -> invoice -> parent pays -> receipt -> arrears,,"Apply approved concessions, scholarships and sibling discounts with audit trail."
05 Fees,Apr-Mar,Accounts & Finance,finance,Fees,Concessions & Refunds,Government Reimbursement Claims,finance.concessions_refunds.government_reimbursement_claims,institution,advanced,yes,GovernmentClaims,Invoices raised in April and per term; collection and arrears chased monthly,"Enrolment, and the fee structure published for the year","Collection reports, arrears chasing, the TC dues gate, statutory returns",Accounts & Finance,Parent,Institution Admin,Parent on dues (fee),Structure -> invoice -> parent pays -> receipt -> arrears,,"Raise and track RTE and fee-reimbursement claims against the state, with sanction and receipt status."
05 Fees,Apr-Mar,Accounts & Finance,finance,Fees,Concessions & Refunds,Grant-in-Aid Accounting,finance.concessions_refunds.grant_in_aid_accounting,institution,advanced,yes,GrantInAid,Invoices raised in April and per term; collection and arrears chased monthly,"Enrolment, and the fee structure published for the year","Collection reports, arrears chasing, the TC dues gate, statutory returns",Accounts & Finance,Parent,Institution Admin,Parent on dues (fee),Structure -> invoice -> parent pays -> receipt -> arrears,,"Track government grant-in-aid receipts, utilisation certificates and unspent balances."
05 Fees,Apr-Mar,Accounts & Finance,finance,Fees,Concessions & Refunds,Multi-Level Concession Approvals,finance.concessions_refunds.multi_level_concession_approvals,institution,core,yes,Concessions,Invoices raised in April and per term; collection and arrears chased monthly,"Enrolment, and the fee structure published for the year","Collection reports, arrears chasing, the TC dues gate, statutory returns",Accounts & Finance,Parent,Institution Admin,Parent on dues (fee),Structure -> invoice -> parent pays -> receipt -> arrears,,Route high-value fee concession requests to Principal/Management for digital sign-off.
05 Fees,Apr-Mar,Accounts & Finance,finance,Fees,Concessions & Refunds,NSP Scholarship Reconciliation,finance.concessions_refunds.nsp_scholarship_reconciliation,institution,advanced,yes,ScholarshipReconciliation,Invoices raised in April and per term; collection and arrears chased monthly,"Enrolment, and the fee structure published for the year","Collection reports, arrears chasing, the TC dues gate, statutory returns",Accounts & Finance,Parent,Institution Admin,Parent on dues (fee),Structure -> invoice -> parent pays -> receipt -> arrears,,Track National Scholarship Portal and state scholarship disbursements against student ledgers.
05 Fees,Apr-Mar,Accounts & Finance,finance,Fees,Concessions & Refunds,Refunds,finance.concessions_refunds.refunds,institution,core,yes,Concessions,Invoices raised in April and per term; collection and arrears chased monthly,"Enrolment, and the fee structure published for the year","Collection reports, arrears chasing, the TC dues gate, statutory returns",Accounts & Finance,Parent,Institution Admin,Parent on dues (fee),Structure -> invoice -> parent pays -> receipt -> arrears,,Create and process approved refunds.
05 Fees,Apr-Mar,Accounts & Finance,finance,Fees,Concessions & Refunds,Student Loan Assistance Portal,finance.concessions_refunds.student_loan_assistance_portal,institution,advanced,yes,LoanAssistance,Invoices raised in April and per term; collection and arrears chased monthly,"Enrolment, and the fee structure published for the year","Collection reports, arrears chasing, the TC dues gate, statutory returns",Accounts & Finance,Parent,Institution Admin,Parent on dues (fee),Structure -> invoice -> parent pays -> receipt -> arrears,,Initiate and track third-party NBFC/Bank education loan application workflows.
05 Fees,Apr-Mar,Accounts & Finance,finance,Fees,Fee Structure,Class-Wise Fee Structure Configuration,finance.fee_structure.class_wise_fee_structure_configuration,institution,core,yes,Wizard,Invoices raised in April and per term; collection and arrears chased monthly,"Enrolment, and the fee structure published for the year","Collection reports, arrears chasing, the TC dues gate, statutory returns",Accounts & Finance (raises),Parent (pays),Institution Admin approves the structure,Parent on dues (fee),Structure approved -> invoices raised -> parent pays -> receipt -> arrears chased,,"Map fee components, installment amounts, and due dates per class, section, or quota."
05 Fees,Apr-Mar,Accounts & Finance,finance,Fees,Fee Structure,Demand / invoice generation,finance.fee_structure.demand_invoice_generation,institution,core,yes,DemandGeneration,Invoices raised in April and per term; collection and arrears chased monthly,"Enrolment, and the fee structure published for the year","Collection reports, arrears chasing, the TC dues gate, statutory returns",Accounts & Finance (raises),Parent (pays),Institution Admin approves the structure,Parent on dues (fee),Structure approved -> invoices raised -> parent pays -> receipt -> arrears chased,,Generate student fee demands/invoices for applicable periods.
05 Fees,Apr-Mar,Accounts & Finance,finance,Fees,Fee Structure,Fee Head & Group Setup,finance.fee_structure.fee_head_group_setup,institution,core,yes,Wizard,Invoices raised in April and per term; collection and arrears chased monthly,"Enrolment, and the fee structure published for the year","Collection reports, arrears chasing, the TC dues gate, statutory returns",Accounts & Finance (raises),Parent (pays),Institution Admin approves the structure,Parent on dues (fee),Structure approved -> invoices raised -> parent pays -> receipt -> arrears chased,,"Define fee heads (Tuition, Transport, Admission, Lab, Sports) and frequency schedules."
05 Fees,Apr-Mar,Accounts & Finance,finance,Fees,Fee Structure,Fee Structure Versioning,finance.fee_structure.fee_structure_versioning,institution,advanced,yes,FeeStructureVersions,Invoices raised in April and per term; collection and arrears chased monthly,"Enrolment, and the fee structure published for the year","Collection reports, arrears chasing, the TC dues gate, statutory returns",Accounts & Finance (raises),Parent (pays),Institution Admin approves the structure,Parent on dues (fee),Structure approved -> invoices raised -> parent pays -> receipt -> arrears chased,,Version fee structures across academic years with mid-year revision and pro-rata recalculation.
05 Fees,Apr-Mar,Accounts & Finance,finance,Accounting,Ledgers,Chart of Accounts Setup,finance.ledgers.chart_of_accounts_setup,institution,advanced,yes,ChartOfAccounts,Invoices raised in April and per term; collection and arrears chased monthly,"Enrolment, and the fee structure published for the year","Collection reports, arrears chasing, the TC dues gate, statutory returns",Accounts & Finance,Parent,Institution Admin,Parent on dues (fee),Structure -> invoice -> parent pays -> receipt -> arrears,,"Define primary ledgers, income heads, expense heads, and asset/liability structure."
05 Fees,Apr-Mar,Accounts & Finance,finance,Accounting,Ledgers,Expenses / accounting,finance.ledgers.expenses_accounting,institution,core,yes,Expenses,Invoices raised in April and per term; collection and arrears chased monthly,"Enrolment, and the fee structure published for the year","Collection reports, arrears chasing, the TC dues gate, statutory returns",Accounts & Finance,Parent,Institution Admin,Parent on dues (fee),Structure -> invoice -> parent pays -> receipt -> arrears,,Basic institutional expense/account views if accounting is part of the ERP; otherwise integrate with finance system.
05 Fees,Apr-Mar,Accounts & Finance,finance,Accounting,Ledgers,Financial Year Closing,finance.ledgers.financial_year_closing,institution,advanced,yes,YearClosing,Invoices raised in April and per term; collection and arrears chased monthly,"Enrolment, and the fee structure published for the year","Collection reports, arrears chasing, the TC dues gate, statutory returns",Accounts & Finance,Parent,Institution Admin,Parent on dues (fee),Structure -> invoice -> parent pays -> receipt -> arrears,,"Execute year-end financial closing, carry forward balances, and lock prior accounting periods."
05 Fees,Apr-Mar,Accounts & Finance,finance,Accounting,Ledgers,General Ledger & Trial Balance,finance.ledgers.general_ledger_trial_balance,institution,advanced,yes,GeneralLedger,Invoices raised in April and per term; collection and arrears chased monthly,"Enrolment, and the fee structure published for the year","Collection reports, arrears chasing, the TC dues gate, statutory returns",Accounts & Finance,Parent,Institution Admin,Parent on dues (fee),Structure -> invoice -> parent pays -> receipt -> arrears,,"Post and review double-entry vouchers, run a trial balance, income and expenditure statement and balance sheet for the year; the books an auditor asks for."
05 Fees,Apr-Mar,Accounts & Finance,finance,Accounting,Payables,Petty Cash Voucher Management,finance.payables.petty_cash_voucher_management,institution,advanced,yes,PettyCash,Invoices raised in April and per term; collection and arrears chased monthly,"Enrolment, and the fee structure published for the year","Collection reports, arrears chasing, the TC dues gate, statutory returns",Accounts & Finance,Parent,Institution Admin,Parent on dues (fee),Structure -> invoice -> parent pays -> receipt -> arrears,,"Log daily cash expenses, upload paper receipts, and enforce petty cash limit approvals."
05 Fees,Apr-Mar,Accounts & Finance,finance,Accounting,Payables,Vendor Management & Accounts Payable,finance.payables.vendor_management_accounts_payable,institution,core,yes,Payables,Invoices raised in April and per term; collection and arrears chased monthly,"Enrolment, and the fee structure published for the year","Collection reports, arrears chasing, the TC dues gate, statutory returns",Accounts & Finance,Parent,Institution Admin,Parent on dues (fee),Structure -> invoice -> parent pays -> receipt -> arrears,,"Maintain vendor directory, log purchase bills, track due dates, and issue payment vouchers."
05 Fees,Apr-Mar,Accounts & Finance,finance,Fees,Reconciliation,Bank Reconciliation Statement (BRS),finance.reconciliation.bank_reconciliation_statement_brs,institution,advanced,yes,BankReconciliation,Invoices raised in April and per term; collection and arrears chased monthly,"Enrolment, and the fee structure published for the year","Collection reports, arrears chasing, the TC dues gate, statutory returns",Accounts & Finance,Parent,Institution Admin,Parent on dues (fee),Structure -> invoice -> parent pays -> receipt -> arrears,,Reconcile internal cashbook entries against official bank statement passbooks.
05 Fees,Apr-Mar,Accounts & Finance,finance,Fees,Reconciliation,Connected Banking Payouts,finance.reconciliation.connected_banking_payouts,institution,core,yes,BankingPayouts,Invoices raised in April and per term; collection and arrears chased monthly,"Enrolment, and the fee structure published for the year","Collection reports, arrears chasing, the TC dues gate, statutory returns",Accounts & Finance,Parent,Institution Admin,Parent on dues (fee),Structure -> invoice -> parent pays -> receipt -> arrears,,Execute direct vendor payments and staff refund transfers directly from ERP via API.
05 Fees,Apr-Mar,Accounts & Finance,finance,Fees,Reconciliation,Payment Gateway Reconciliation,finance.reconciliation.payment_gateway_reconciliation,institution,advanced,yes,Payments,Invoices raised in April and per term; collection and arrears chased monthly,"Enrolment, and the fee structure published for the year","Collection reports, arrears chasing, the TC dues gate, statutory returns",Parent (pays),Accounts & Finance,,Parent (receipt),Parent pays -> receipt issued -> ledger and arrears updated,,"Upload gateway settlement reports to auto-reconcile pending, failed, or processing payments."
05 Fees,Apr-Mar,Accounts & Finance,finance,Fees,Reconciliation,Reconciliation,finance.reconciliation.reconciliation,institution,advanced,yes,Payments,Invoices raised in April and per term; collection and arrears chased monthly,"Enrolment, and the fee structure published for the year","Collection reports, arrears chasing, the TC dues gate, statutory returns",Accounts & Finance,Parent,Institution Admin,Parent on dues (fee),Structure -> invoice -> parent pays -> receipt -> arrears,,Reconcile payment gateway/bank collections and identify mismatches.
05 Fees,Apr-Mar,Accounts & Finance,finance,Fees,Reconciliation,Student Bank Account Register,finance.reconciliation.student_bank_account_register,institution,core,yes,StudentBankAccounts,Invoices raised in April and per term; collection and arrears chased monthly,"Enrolment, and the fee structure published for the year","Collection reports, arrears chasing, the TC dues gate, statutory returns",Accounts & Finance,Parent,Institution Admin,Parent on dues (fee),Structure -> invoice -> parent pays -> receipt -> arrears,,Maintain student bank account and IFSC details for scholarship and incentive direct benefit transfers.
05 Fees,Apr-Mar,Accounts & Finance,finance,Fees,Student Dues,Automated Fee Reminders,finance.student_dues.automated_fee_reminders,institution,core,yes,FeeReminders,Invoices raised in April and per term; collection and arrears chased monthly,"Enrolment, and the fee structure published for the year","Collection reports, arrears chasing, the TC dues gate, statutory returns",Accounts & Finance (raises),Parent (pays),Institution Admin approves the structure,Parent on dues (fee),Structure approved -> invoices raised -> parent pays -> receipt -> arrears chased,,"Schedule automated WhatsApp, SMS, and app push reminders to parents of defaulter students."
05 Fees,Apr-Mar,Accounts & Finance,finance,Fees,Student Dues,Cheque Bounce Fine Engine,finance.student_dues.cheque_bounce_fine_engine,institution,core,yes,PDCRegister,Invoices raised in April and per term; collection and arrears chased monthly,"Enrolment, and the fee structure published for the year","Collection reports, arrears chasing, the TC dues gate, statutory returns",Accounts & Finance,Parent,Institution Admin,Parent on dues (fee),Structure -> invoice -> parent pays -> receipt -> arrears,,Automatically levy penalty charges to student ledger upon cheque dishonor notice.
05 Fees,Apr-Mar,Accounts & Finance,finance,Fees,Student Dues,Defaulters & reminders,finance.student_dues.defaulters_reminders,institution,core,yes,Defaulters,Invoices raised in April and per term; collection and arrears chased monthly,"Enrolment, and the fee structure published for the year","Collection reports, arrears chasing, the TC dues gate, statutory returns",Accounts & Finance,Parent,Institution Admin,Parent on dues (fee),Structure -> invoice -> parent pays -> receipt -> arrears,,Filter overdue balances and send configured reminders.
05 Fees,Apr-Mar,Accounts & Finance,finance,Fees,Student Dues,Late Fine Rules Engine,finance.student_dues.late_fine_rules_engine,institution,core,yes,LateFineRules,Invoices raised in April and per term; collection and arrears chased monthly,"Enrolment, and the fee structure published for the year","Collection reports, arrears chasing, the TC dues gate, statutory returns",Accounts & Finance,Parent,Institution Admin,Parent on dues (fee),Structure -> invoice -> parent pays -> receipt -> arrears,,"Configure daily, fixed, or percentage-based late fee fines with grace period thresholds."
05 Fees,Apr-Mar,Accounts & Finance,finance,Fees,Student Dues,Post-Dated Cheques (PDC) Registry,finance.student_dues.post_dated_cheques_pdc_registry,institution,core,yes,PDCRegister,Invoices raised in April and per term; collection and arrears chased monthly,"Enrolment, and the fee structure published for the year","Collection reports, arrears chasing, the TC dues gate, statutory returns",Accounts & Finance,Parent,Institution Admin,Parent on dues (fee),Structure -> invoice -> parent pays -> receipt -> arrears,,"Record PDC entries, track clearance dates, handle bank deposit slips, and log bounced cheques."
05 Fees,Apr-Mar,Accounts & Finance,finance,Fees,Student Dues,Student ledger,finance.student_dues.student_ledger,institution,core,yes,FeeCounter,Invoices raised in April and per term; collection and arrears chased monthly,"Enrolment, and the fee structure published for the year","Collection reports, arrears chasing, the TC dues gate, statutory returns",Accounts & Finance,Parent,Institution Admin,Parent on dues (fee),Structure -> invoice -> parent pays -> receipt -> arrears,,"Single account view of charges, payments, credits, refunds and outstanding balance."
05 Fees,Apr-Mar,Institution Admin / Principal,institution_admin,Finance,Fees,Fee Regulatory Committee Filing,institution_admin.fees.fee_regulatory_committee_filing,institution,core,yes,FeeFiling,Invoices raised in April and per term; collection and arrears chased monthly,"Enrolment, and the fee structure published for the year","Collection reports, arrears chasing, the TC dues gate, statutory returns",Accounts & Finance (raises),Parent (pays),Institution Admin approves the structure,Parent on dues (fee),Structure approved -> invoices raised -> parent pays -> receipt -> arrears chased,,Prepare the fee structure justification and supporting accounts required by the state fee regulator.
05 Fees,Apr-Mar,Institution Admin / Principal,institution_admin,Finance,Fees,Fee overview,institution_admin.fees.fee_overview,institution,core,yes,FeeOverview,Invoices raised in April and per term; collection and arrears chased monthly,"Enrolment, and the fee structure published for the year","Collection reports, arrears chasing, the TC dues gate, statutory returns",Accounts & Finance (raises),Parent (pays),Institution Admin approves the structure,Parent on dues (fee),Structure approved -> invoices raised -> parent pays -> receipt -> arrears chased,,"Collection, outstanding, defaulters, discounts/scholarships summary; detailed accounting stays with Finance."
05 Fees,Apr-Mar,Institution Admin / Principal,institution_admin,Reports,Standard,Fee Collection Summaries,institution_admin.standard.fee_collection_summaries,institution,core,yes,CollectionSummaries,Invoices raised in April and per term; collection and arrears chased monthly,"Enrolment, and the fee structure published for the year","Collection reports, arrears chasing, the TC dues gate, statutory returns",Accounts & Finance (raises),Parent (pays),Institution Admin approves the structure,Parent on dues (fee),Structure approved -> invoices raised -> parent pays -> receipt -> arrears chased,,"View real-time fee collection breakdown by class, payment mode, and outstanding aging."
05 Fees,Apr-Mar,Parent / Guardian,parent,Transport,Alerts & Preferences,Real-time School Bus Live Video Feed Access,parent.alerts_preferences.real_time_school_bus_live_video_feed_access,children,optional,no,,Invoices raised in April and per term; collection and arrears chased monthly,"Enrolment, and the fee structure published for the year","Collection reports, arrears chasing, the TC dues gate, statutory returns",Accounts & Finance (raises),Parent (pays),Institution Admin approves the structure,Parent on dues (fee),Structure approved -> invoices raised -> parent pays -> receipt -> arrears chased,,Permit authorized parents to view 15-second live video camera check-ins of child's bus during transit.
05 Fees,Apr-Mar,Parent / Guardian,parent,Fees,Fees,Child Daily Cafeteria Purchase Timeline,parent.fees.child_daily_cafeteria_purchase_timeline,children,optional,yes,Cafeteria,Invoices raised in April and per term; collection and arrears chased monthly,"Enrolment, and the fee structure published for the year","Collection reports, arrears chasing, the TC dues gate, statutory returns",Accounts & Finance (raises),Parent (pays),Institution Admin approves the structure,Parent on dues (fee),Structure approved -> invoices raised -> parent pays -> receipt -> arrears chased,,"View exact timestamped items, prices, and nutritional content bought by child in canteen."
05 Fees,Apr-Mar,Parent / Guardian,parent,Fees,Fees,Digital Fee Receipt PDF Download,parent.fees.digital_fee_receipt_pdf_download,children,core,yes,Receipts,Invoices raised in April and per term; collection and arrears chased monthly,"Enrolment, and the fee structure published for the year","Collection reports, arrears chasing, the TC dues gate, statutory returns",Accounts & Finance (raises),Parent (pays),Institution Admin approves the structure,Parent on dues (fee),Structure approved -> invoices raised -> parent pays -> receipt -> arrears chased,,Download official stamped PDF fee receipts directly to parent smartphone storage.
05 Fees,Apr-Mar,Parent / Guardian,parent,Fees,Fees,Fees & payments,parent.fees.fees_payments,children,core,yes,Fees,Invoices raised in April and per term; collection and arrears chased monthly,"Enrolment, and the fee structure published for the year","Collection reports, arrears chasing, the TC dues gate, statutory returns",Accounts & Finance (raises),Parent (pays),Institution Admin approves the structure,Parent on dues (fee),Structure approved -> invoices raised -> parent pays -> receipt -> arrears chased,,"Dues, installments, online payment, payment history and receipts."
05 Fees,Apr-Mar,Student,student,Fees,Fees,Fees,student.fees.fees,self,core,yes,Fees,Invoices raised in April and per term; collection and arrears chased monthly,"Enrolment, and the fee structure published for the year","Collection reports, arrears chasing, the TC dues gate, statutory returns",Accounts & Finance (raises),Parent (pays),Institution Admin approves the structure,Parent on dues (fee),Structure approved -> invoices raised -> parent pays -> receipt -> arrears chased,,"Current dues, fee history, payment status, online payment and receipts."
05 Fees,Apr-Mar,Super Admin,super_admin,Platform Setup,Payments & Devices,Biometric Device Integration,super_admin.payments_devices.biometric_device_integration,platform,advanced,no,,Invoices raised in April and per term; collection and arrears chased monthly,"Enrolment, and the fee structure published for the year","Collection reports, arrears chasing, the TC dues gate, statutory returns",Parent (pays),Accounts & Finance,,Parent (receipt),Parent pays -> receipt issued -> ledger and arrears updated,,"Connect biometric fingerprint, facial recognition, and RFID hardware machines via IP/Webhooks."
05 Fees,Apr-Mar,Super Admin,super_admin,Platform Setup,Payments & Devices,GPS Hardware Integration,super_admin.payments_devices.gps_hardware_integration,platform,core,yes,TrackerPairing,Invoices raised in April and per term; collection and arrears chased monthly,"Enrolment, and the fee structure published for the year","Collection reports, arrears chasing, the TC dues gate, statutory returns",Parent (pays),Accounts & Finance,,Parent (receipt),Parent pays -> receipt issued -> ledger and arrears updated,,"Configure bus GPS tracker hardware protocols, IMEI mapping, and refresh intervals."
05 Fees,Apr-Mar,Super Admin,super_admin,Platform Setup,Payments & Devices,Meritto / LeadSquared Sync,super_admin.payments_devices.meritto_leadsquared_sync,platform,core,yes,CrmSync,Invoices raised in April and per term; collection and arrears chased monthly,"Enrolment, and the fee structure published for the year","Collection reports, arrears chasing, the TC dues gate, statutory returns",Parent (pays),Accounts & Finance,,Parent (receipt),Parent pays -> receipt issued -> ledger and arrears updated,,"Map lead sources, counselor assignments, and multi-touch lead status sync with external CRMs."
05 Fees,Apr-Mar,Super Admin,super_admin,Platform Setup,Payments & Devices,Payment Gateway Connectors,super_admin.payments_devices.payment_gateway_connectors,platform,core,no,,Invoices raised in April and per term; collection and arrears chased monthly,"Enrolment, and the fee structure published for the year","Collection reports, arrears chasing, the TC dues gate, statutory returns",Parent (pays),Accounts & Finance,,Parent (receipt),Parent pays -> receipt issued -> ledger and arrears updated,,"Manage credentials for Razorpay, Paytm, CCAvenue, BillDesk, Easebuzz, and CCAvenue."
05 Fees,Apr-Mar,Super Admin,super_admin,Platform Setup,Payments & Devices,Tally ERP / Prime Connector,super_admin.payments_devices.tally_erp_prime_connector,platform,advanced,yes,TallyConnector,Invoices raised in April and per term; collection and arrears chased monthly,"Enrolment, and the fee structure published for the year","Collection reports, arrears chasing, the TC dues gate, statutory returns",Parent (pays),Accounts & Finance,,Parent (receipt),Parent pays -> receipt issued -> ledger and arrears updated,,"Configure ledger XML exports, cost-center mapping, and automated batch voucher sync."
05 Fees,Apr-Mar,Super Admin,super_admin,Platform Setup,Payments & Devices,Virtual Classroom Integration,super_admin.payments_devices.virtual_classroom_integration,platform,core,yes,VirtualClassroom,Invoices raised in April and per term; collection and arrears chased monthly,"Enrolment, and the fee structure published for the year","Collection reports, arrears chasing, the TC dues gate, statutory returns",Parent (pays),Accounts & Finance,,Parent (receipt),Parent pays -> receipt issued -> ledger and arrears updated,,"Connect Zoom, Google Meet, and Microsoft Teams tenant accounts for seamless live streaming."
06 Daily attendance,Apr-Mar,Faculty / Teacher,faculty,My Classes,Attendance,Attendance correction,faculty.attendance.attendance_correction,assigned_classes,core,yes,Corrections,Every teaching day,Timetable and enrolment,"The report card attendance line, absence alerts, statutory returns, staff loss of pay",Faculty (marks the register),"Parent, HR, Compliance",,Parent on absence (absence_alert),Faculty marks -> parent alerted if absent -> report card line and statutory return,,Request or process correction within permitted window/workflow.
06 Daily attendance,Apr-Mar,Faculty / Teacher,faculty,My Classes,Attendance,Offline Attendance & Diary Capture,faculty.attendance.offline_attendance_diary_capture,assigned_classes,core,yes,OfflineRegister,Every teaching day,Timetable and enrolment,"The report card attendance line, absence alerts, statutory returns, staff loss of pay",Faculty (marks the register),"Parent, HR, Compliance",,Parent on absence (absence_alert),Faculty marks -> parent alerted if absent -> report card line and statutory return,,"Mark attendance and write diary notes with no network, held on the device and synchronised automatically once a connection returns."
06 Daily attendance,Apr-Mar,Faculty / Teacher,faculty,My Classes,Attendance,Take attendance,faculty.attendance.take_attendance,assigned_classes,core,yes,Attendance,Every teaching day,Timetable and enrolment,"The report card attendance line, absence alerts, statutory returns, staff loss of pay",Faculty (marks the register),"Parent, HR, Compliance",,Parent on absence (absence_alert),Faculty marks -> parent alerted if absent -> report card line and statutory return,,Fast daily or period/subject-wise attendance for assigned students.
06 Daily attendance,Apr-Mar,HR & Payroll,hr,Attendance & Leave,Attendance,Biometric Machine Attendance Sync,hr.attendance.biometric_machine_attendance_sync,institution,advanced,no,,Every teaching day,Timetable and enrolment,"The report card attendance line, absence alerts, statutory returns, staff loss of pay",Faculty (marks the register),"Parent, HR, Compliance",,Parent on absence (absence_alert),Faculty marks -> parent alerted if absent -> report card line and statutory return,,Real-time automated fetch of staff check-in/out logs from biometric hardware.
06 Daily attendance,Apr-Mar,HR & Payroll,hr,Attendance & Leave,Attendance,Biometric Punch In/Out Grace Period,hr.attendance.biometric_punch_in_out_grace_period,institution,advanced,no,,Every teaching day,Timetable and enrolment,"The report card attendance line, absence alerts, statutory returns, staff loss of pay",Faculty (marks the register),"Parent, HR, Compliance",,Parent on absence (absence_alert),Faculty marks -> parent alerted if absent -> report card line and statutory return,,Configure 10-minute grace windows for morning staff check-in before triggering late mark deductions.
06 Daily attendance,Apr-Mar,HR & Payroll,hr,Attendance & Leave,Attendance,Staff Shift & Rostering,hr.attendance.staff_shift_rostering,institution,core,yes,Rostering,Every teaching day,Timetable and enrolment,"The report card attendance line, absence alerts, statutory returns, staff loss of pay",Faculty (marks the register),"Parent, HR, Compliance",,Parent on absence (absence_alert),Faculty marks -> parent alerted if absent -> report card line and statutory return,,"Configure morning, afternoon, or administrative staff shift timings and rotational rosters."
06 Daily attendance,Apr-Mar,HR & Payroll,hr,Attendance & Leave,Attendance,Staff attendance,hr.attendance.staff_attendance,institution,core,yes,StaffAttendance,Every teaching day,Timetable and enrolment,"The report card attendance line, absence alerts, statutory returns, staff loss of pay",Faculty (marks the register),"Parent, HR, Compliance",,Parent on absence (absence_alert),Faculty marks -> parent alerted if absent -> report card line and statutory return,,"Employee attendance, late/early records and attendance reports."
06 Daily attendance,Apr-Mar,HR & Payroll,hr,Employees,Records,Teacher Qualification Register,hr.records.teacher_qualification_register,institution,advanced,yes,ServiceRecords,Every teaching day,Timetable and enrolment,"The report card attendance line, absence alerts, statutory returns, staff loss of pay",Faculty,"Parent, HR, Compliance",,Parent on absence (absence_alert),Register marked -> family alerted -> report card and statutory return,,"Maintain B.Ed, D.El.Ed, TET and subject-competency records required by the board and for inspections."
06 Daily attendance,Apr-Mar,Institution Admin / Principal,institution_admin,Administration,Mid-Day Meal,Mid-Day Meal Register,institution_admin.mid_day_meal.mid_day_meal_register,institution,advanced,yes,MDMRegister,Every teaching day,Timetable and enrolment,"The report card attendance line, absence alerts, statutory returns, staff loss of pay",Faculty,"Parent, HR, Compliance",,Parent on absence (absence_alert),Register marked -> family alerted -> report card and statutory return,,"Record the daily cooked-meal headcount, rice consumption and menu for government and aided schools."
06 Daily attendance,Apr-Mar,Institution Admin / Principal,institution_admin,Reports,Standard,Comprehensive Attendance Report,institution_admin.standard.comprehensive_attendance_report,institution,core,yes,AttendanceMonitoring,Every teaching day,Timetable and enrolment,"The report card attendance line, absence alerts, statutory returns, staff loss of pay",Faculty (marks the register),"Parent, HR, Compliance",,Parent on absence (absence_alert),Faculty marks -> parent alerted if absent -> report card line and statutory return,,"Export daily, monthly, and yearly student and staff attendance trend reports."
06 Daily attendance,Apr-Mar,Parent / Guardian,parent,My Child,Attendance,Attendance,parent.attendance.attendance,children,core,yes,Portal,Every teaching day,Timetable and enrolment,"The report card attendance line, absence alerts, statutory returns, staff loss of pay",Faculty (marks the register),"Parent, HR, Compliance",,Parent on absence (absence_alert),Faculty marks -> parent alerted if absent -> report card line and statutory return,Student,Daily/monthly attendance and absence history for the selected child.
06 Daily attendance,Apr-Mar,Parent / Guardian,parent,My Child,Attendance,Child Absence Reporting Button,parent.attendance.child_absence_reporting_button,children,core,yes,ReportAbsence,Every teaching day,Timetable and enrolment,"The report card attendance line, absence alerts, statutory returns, staff loss of pay",Faculty (marks the register),"Parent, HR, Compliance",,Parent on absence (absence_alert),Faculty marks -> parent alerted if absent -> report card line and statutory return,,Notify class teacher in advance of child's planned absence with 1-click reason selection.
06 Daily attendance,Apr-Mar,Student,student,Academics,Attendance,Attendance,student.attendance.attendance,self,core,yes,Portal,Every teaching day,Timetable and enrolment,"The report card attendance line, absence alerts, statutory returns, staff loss of pay",Faculty (marks the register),"Parent, HR, Compliance",,Parent on absence (absence_alert),Faculty marks -> parent alerted if absent -> report card line and statutory return,Parent / Guardian,"Overall, subject-wise and date-wise attendance; leave/correction request if institution allows."
07 Teaching,Apr-Mar,Faculty / Teacher,faculty,Teaching,Teaching,Assignments & submissions,faculty.teaching.assignments_submissions,assigned_classes,core,yes,Assignments,"Every teaching day; lesson plans weekly, syllabus coverage checked fortnightly","Timetable, which decides which teacher reaches which section and subject","Syllabus coverage, homework submissions, what a parent sees in the portal",Faculty,Student and Parent,,Parent on publish; Faculty on submission,Faculty sets -> Student submits -> Faculty marks and returns feedback,,"Create assignments, review submissions, grade and add feedback."
07 Teaching,Apr-Mar,Faculty / Teacher,faculty,Teaching,Teaching,Homework / classwork,faculty.teaching.homework_classwork,assigned_classes,core,yes,Homework,"Every teaching day; lesson plans weekly, syllabus coverage checked fortnightly","Timetable, which decides which teacher reaches which section and subject","Syllabus coverage, homework submissions, what a parent sees in the portal",Faculty (sets the work),Student and Parent (turn it in),,Parent on publish; Faculty on submission,Faculty sets -> Parent/Student see it -> they submit -> Faculty marks,,"Create homework/classwork with due date, attachments and instructions."
07 Teaching,Apr-Mar,Faculty / Teacher,faculty,Teaching,Teaching,LMS Study Material Upload,faculty.teaching.lms_study_material_upload,assigned_classes,core,yes,LMSUpload,"Every teaching day; lesson plans weekly, syllabus coverage checked fortnightly","Timetable, which decides which teacher reaches which section and subject","Syllabus coverage, homework submissions, what a parent sees in the portal",Faculty,Student and Parent,HOD where a plan is reviewed,Parent on published work (homework),Faculty teaches and sets work -> family sees it -> coverage tracked,,"Upload PDF notes, audio recordings, video links, and presentation slides per subject chapter."
07 Teaching,Apr-Mar,Faculty / Teacher,faculty,Teaching,Teaching,Lesson plans / content,faculty.teaching.lesson_plans_content,assigned_classes,core,yes,Syllabus,"Every teaching day; lesson plans weekly, syllabus coverage checked fortnightly","Timetable, which decides which teacher reaches which section and subject","Syllabus coverage, homework submissions, what a parent sees in the portal",Faculty (writes it),HOD (reviews it),HOD / Principal,None,Faculty writes -> HOD approves or returns -> Faculty marks it taught -> coverage moves,,Plan lessons and attach learning resources when LMS/lesson planning is enabled.
07 Teaching,Apr-Mar,Parent / Guardian,parent,My Child,Academics,AI Child Performance Summary Audio,parent.academics.ai_child_performance_summary_audio,children,optional,no,,"Every teaching day; lesson plans weekly, syllabus coverage checked fortnightly","Timetable, which decides which teacher reaches which section and subject","Syllabus coverage, homework submissions, what a parent sees in the portal",Faculty,Student and Parent,HOD where a plan is reviewed,Parent on published work (homework),Faculty teaches and sets work -> family sees it -> coverage tracked,,Generate a weekly 60-second audio podcast summarizing the child's academic and behavioral week.
07 Teaching,Apr-Mar,Parent / Guardian,parent,My Child,Academics,Child remarks,parent.academics.child_remarks,children,core,yes,ChildRemarks,"Every teaching day; lesson plans weekly, syllabus coverage checked fortnightly","Timetable, which decides which teacher reaches which section and subject","Syllabus coverage, homework submissions, what a parent sees in the portal",Faculty (writes it),Parent (reads it),,"Parent, same day (student_remark)",Faculty writes -> every guardian alerted -> Parent reads it in the portal,,"Everything your child's teachers have written about them — commendations and concerns alike — newest first, with the teacher's name and the day it happened. You are told the same day rather than at the next parents' evening."
07 Teaching,Apr-Mar,Parent / Guardian,parent,My Child,Academics,Homework & academics,parent.academics.homework_academics,children,core,yes,Homework,"Every teaching day; lesson plans weekly, syllabus coverage checked fortnightly","Timetable, which decides which teacher reaches which section and subject","Syllabus coverage, homework submissions, what a parent sees in the portal",Faculty (sets the work),Student and Parent (turn it in),,Parent on publish; Faculty on submission,Faculty sets -> Parent/Student see it -> they submit -> Faculty marks,,"Homework, classwork, subjects and published academic progress."
07 Teaching,Apr-Mar,Parent / Guardian,parent,My Child,Academics,IEP Progress Goal Tracker,parent.academics.iep_progress_goal_tracker,children,advanced,yes,IEPGoals,"Every teaching day; lesson plans weekly, syllabus coverage checked fortnightly","Timetable, which decides which teacher reaches which section and subject","Syllabus coverage, homework submissions, what a parent sees in the portal",Faculty,Student and Parent,HOD where a plan is reviewed,Parent on published work (homework),Faculty teaches and sets work -> family sees it -> coverage tracked,,View real-time progress bars towards child's specific IEP milestones and therapy goals.
07 Teaching,Apr-Mar,Student,student,Academics,Homework,Classmate Homework Help Forum,student.homework.classmate_homework_help_forum,self,optional,yes,HomeworkForum,"Every teaching day; lesson plans weekly, syllabus coverage checked fortnightly","Timetable, which decides which teacher reaches which section and subject","Syllabus coverage, homework submissions, what a parent sees in the portal",Faculty (sets the work),Student and Parent (turn it in),,Parent on publish; Faculty on submission,Faculty sets -> Parent/Student see it -> they submit -> Faculty marks,,Moderated discussion board where students can post homework questions and share study hints.
07 Teaching,Apr-Mar,Student,student,Academics,Homework,Homework & assignments,student.homework.homework_assignments,self,core,yes,Homework,"Every teaching day; lesson plans weekly, syllabus coverage checked fortnightly","Timetable, which decides which teacher reaches which section and subject","Syllabus coverage, homework submissions, what a parent sees in the portal",Faculty (sets the work),Student and Parent (turn it in),,Parent on publish; Faculty on submission,Faculty sets -> Parent/Student see it -> they submit -> Faculty marks,,View due/overdue/submitted work; submit files/text where enabled.
07 Teaching,Apr-Mar,Student,student,Academics,Learning,AI Personal Learning Companion,student.learning.ai_personal_learning_companion,self,core,no,,"Every teaching day; lesson plans weekly, syllabus coverage checked fortnightly","Timetable, which decides which teacher reaches which section and subject","Syllabus coverage, homework submissions, what a parent sees in the portal",Faculty,Student and Parent,HOD where a plan is reviewed,Parent on published work (homework),Faculty teaches and sets work -> family sees it -> coverage tracked,,"24/7 AI tutor answering student doubts, explaining math problems step-by-step, and generating practice quizzes."
07 Teaching,Apr-Mar,Student,student,Academics,Learning,Courses / subjects,student.learning.courses_subjects,self,core,yes,Courses,"Every teaching day; lesson plans weekly, syllabus coverage checked fortnightly","Timetable, which decides which teacher reaches which section and subject","Syllabus coverage, homework submissions, what a parent sees in the portal",Faculty,Student and Parent,HOD where a plan is reviewed,Parent on published work (homework),Faculty teaches and sets work -> family sees it -> coverage tracked,,"Current enrolled courses/subjects, teacher and learning resources."
07 Teaching,Apr-Mar,Student,student,Academics,Learning,E-Learning Resource Hub,student.learning.e_learning_resource_hub,self,core,yes,Resources,"Every teaching day; lesson plans weekly, syllabus coverage checked fortnightly","Timetable, which decides which teacher reaches which section and subject","Syllabus coverage, homework submissions, what a parent sees in the portal",Faculty,Student and Parent,HOD where a plan is reviewed,Parent on published work (homework),Faculty teaches and sets work -> family sees it -> coverage tracked,,"Access teacher-uploaded video lectures, PDF notes, chapter slides, and reference links."
07 Teaching,Apr-Mar,Student,student,Academics,Learning,Gamified Learning Badge Showcase,student.learning.gamified_learning_badge_showcase,self,optional,no,,"Every teaching day; lesson plans weekly, syllabus coverage checked fortnightly","Timetable, which decides which teacher reaches which section and subject","Syllabus coverage, homework submissions, what a parent sees in the portal",Faculty,Student and Parent,HOD where a plan is reviewed,Parent on published work (homework),Faculty teaches and sets work -> family sees it -> coverage tracked,,"Display earned academic, behavioral, and extracurricular digital badges on public student profile."
07 Teaching,Apr-Mar,Student,student,Academics,Learning,Gamified Learning Streak Counter,student.learning.gamified_learning_streak_counter,self,optional,no,,"Every teaching day; lesson plans weekly, syllabus coverage checked fortnightly","Timetable, which decides which teacher reaches which section and subject","Syllabus coverage, homework submissions, what a parent sees in the portal",Faculty,Student and Parent,HOD where a plan is reviewed,Parent on published work (homework),Faculty teaches and sets work -> family sees it -> coverage tracked,,Visual daily login and homework completion streak counter rewarding students with digital badges.
07 Teaching,Apr-Mar,Student,student,Academics,Learning,Global University Guidance Counselor,student.learning.global_university_guidance_counselor,self,optional,yes,Universities,"Every teaching day; lesson plans weekly, syllabus coverage checked fortnightly","Timetable, which decides which teacher reaches which section and subject","Syllabus coverage, homework submissions, what a parent sees in the portal",Faculty,Student and Parent,HOD where a plan is reviewed,Parent on published work (homework),Faculty teaches and sets work -> family sees it -> coverage tracked,,"Track college application deadlines, essay drafts, and request teacher Letters of Recommendation (LOR)."
07 Teaching,Apr-Mar,Student,student,Academics,Learning,Peer Tutoring & Study Groups,student.learning.peer_tutoring_study_groups,self,optional,yes,StudyGroups,"Every teaching day; lesson plans weekly, syllabus coverage checked fortnightly","Timetable, which decides which teacher reaches which section and subject","Syllabus coverage, homework submissions, what a parent sees in the portal",Faculty,Student and Parent,HOD where a plan is reviewed,Parent on published work (homework),Faculty teaches and sets work -> family sees it -> coverage tracked,,Sign up as student tutors or request peer study group assistance in specific subjects.
07 Teaching,Apr-Mar,Student,student,Academics,Learning,Student Portfolio Management,student.learning.student_portfolio_management,self,advanced,yes,Portfolio,"Every teaching day; lesson plans weekly, syllabus coverage checked fortnightly","Timetable, which decides which teacher reaches which section and subject","Syllabus coverage, homework submissions, what a parent sees in the portal",Faculty,Student and Parent,HOD where a plan is reviewed,Parent on published work (homework),Faculty teaches and sets work -> family sees it -> coverage tracked,,"Maintain personal showcase portfolio containing certificates, creative projects, and sports records."
07 Teaching,Apr-Mar,Student,student,Academics,Learning,Virtual Classroom Hand-Raise Telemetry,student.learning.virtual_classroom_hand_raise_telemetry,self,optional,yes,HandRaise,"Every teaching day; lesson plans weekly, syllabus coverage checked fortnightly","Timetable, which decides which teacher reaches which section and subject","Syllabus coverage, homework submissions, what a parent sees in the portal",Faculty,Student and Parent,HOD where a plan is reviewed,Parent on published work (homework),Faculty teaches and sets work -> family sees it -> coverage tracked,,Log student digital hand-raises during live virtual classes to measure real-time engagement.
08 Examinations,"Jul, Oct, Mar",Faculty / Teacher,faculty,Assessments,Assessment Schemes,CCE Formative Assessment Entry,faculty.assessment_schemes.cce_formative_assessment_entry,assigned_classes,advanced,yes,CCEFormative,Unit tests from May; term exams July and October; finals in March,Timetable and the grading scale; marks need exam papers to exist first,"Report cards, publication to families, and promotion at year end",Faculty (subject teachers),"Class teacher, then Parent and Student",Class teacher publishes,Family on publish (report_card),Marks entered -> card compiled -> checked -> published -> family alerted,,"Record FA1 to FA4 formative marks out of 20 covering written work, project, slip test and participation."
08 Examinations,"Jul, Oct, Mar",Faculty / Teacher,faculty,Assessments,Assessment Schemes,CCE Summative Assessment Entry,faculty.assessment_schemes.cce_summative_assessment_entry,assigned_classes,advanced,yes,CCESummative,Unit tests from May; term exams July and October; finals in March,Timetable and the grading scale; marks need exam papers to exist first,"Report cards, publication to families, and promotion at year end",Faculty (subject teachers),"Class teacher, then Parent and Student",Class teacher publishes,Family on publish (report_card),Marks entered -> card compiled -> checked -> published -> family alerted,,Record SA1 to SA3 summative marks out of 80 as per the state board CCE scheme.
08 Examinations,"Jul, Oct, Mar",Faculty / Teacher,faculty,Assessments,Marks & Report Cards,Marks entry,faculty.marks_report_cards.marks_entry,assigned_classes,core,yes,Gradebook,Unit tests from May; term exams July and October; finals in March,Timetable and the grading scale; marks need exam papers to exist first,"Report cards, publication to families, and promotion at year end",Faculty (subject teachers enter marks),Parent and Student (read the published card),Class teacher publishes,Parent and Student on publish (report_card),Subject teachers enter marks -> class teacher checks and publishes -> family alerted,,Enter internal/exam marks for assigned subjects; validate before submission.
08 Examinations,"Jul, Oct, Mar",Faculty / Teacher,faculty,Assessments,Marks & Report Cards,Report cards,faculty.marks_report_cards.report_cards,assigned_classes,core,yes,ReportCards,Unit tests from May; term exams July and October; finals in March,Timetable and the grading scale; marks need exam papers to exist first,"Report cards, publication to families, and promotion at year end",Faculty (subject teachers enter marks),Parent and Student (read the published card),Class teacher publishes,Parent and Student on publish (report_card),Subject teachers enter marks -> class teacher checks and publishes -> family alerted,Institution Admin / Principal,Generate and issue the report card for every child in the class.
08 Examinations,"Jul, Oct, Mar",Faculty / Teacher,faculty,My Work,My Profile,Remarks about me,faculty.my_profile.remarks_about_me,self,core,yes,MyRemarks,Unit tests from May; term exams July and October; finals in March,Timetable and the grading scale; marks need exam papers to exist first,"Report cards, publication to families, and promotion at year end",HOD / Principal / Parent,Faculty (the subject),,The teacher it is about (staff_remark),Somebody writes -> teacher alerted -> teacher reads,,"What your head of department, the principal or a parent has written about you. You are told when one is added."
08 Examinations,"Jul, Oct, Mar",Faculty / Teacher,faculty,Assessments,Question Papers & Online Tests,AI Examcell Paper Generator,faculty.question_papers_online_tests.ai_examcell_paper_generator,assigned_classes,advanced,no,,Unit tests from May; term exams July and October; finals in March,Timetable and the grading scale; marks need exam papers to exist first,"Report cards, publication to families, and promotion at year end",Faculty (subject teachers),"Class teacher, then Parent and Student",Class teacher publishes,Family on publish (report_card),Marks entered -> card compiled -> checked -> published -> family alerted,,"Auto-generate exam papers matching blueprint matrices, mark weightage, and difficulty ratios."
08 Examinations,"Jul, Oct, Mar",Faculty / Teacher,faculty,Assessments,Question Papers & Online Tests,Objective Online Test Creation,faculty.question_papers_online_tests.objective_online_test_creation,assigned_classes,advanced,yes,OnlineTests,Unit tests from May; term exams July and October; finals in March,Timetable and the grading scale; marks need exam papers to exist first,"Report cards, publication to families, and promotion at year end",Faculty (subject teachers),"Class teacher, then Parent and Student",Class teacher publishes,Family on publish (report_card),Marks entered -> card compiled -> checked -> published -> family alerted,,"Create auto-graded MCQ, True/False, and Fill-in-the-blank online tests with timers."
08 Examinations,"Jul, Oct, Mar",Faculty / Teacher,faculty,Assessments,Question Papers & Online Tests,Question Bank Management,faculty.question_papers_online_tests.question_bank_management,assigned_classes,advanced,yes,QuestionBank,Unit tests from May; term exams July and October; finals in March,Timetable and the grading scale; marks need exam papers to exist first,"Report cards, publication to families, and promotion at year end",Faculty (subject teachers),"Class teacher, then Parent and Student",Class teacher publishes,Family on publish (report_card),Marks entered -> card compiled -> checked -> published -> family alerted,,"Create objective/subjective question banks tagged by chapter, difficulty, and Bloom's level."
08 Examinations,"Jul, Oct, Mar",Faculty / Teacher,faculty,Assessments,Question Papers & Online Tests,Ved AI Assessment Assistant,faculty.question_papers_online_tests.ved_ai_assessment_assistant,assigned_classes,advanced,no,,Unit tests from May; term exams July and October; finals in March,Timetable and the grading scale; marks need exam papers to exist first,"Report cards, publication to families, and promotion at year end",Faculty (subject teachers),"Class teacher, then Parent and Student",Class teacher publishes,Family on publish (report_card),Marks entered -> card compiled -> checked -> published -> family alerted,,"Use AI suggestions for creating creative rubric criteria, quiz questions, and essay prompts."
08 Examinations,"Jul, Oct, Mar",Institution Admin / Principal,institution_admin,Staff,Evaluation,360 Evaluation Oversight,institution_admin.evaluation.360_evaluation_oversight,institution,core,yes,EvaluationOversight,Unit tests from May; term exams July and October; finals in March,Timetable and the grading scale; marks need exam papers to exist first,"Report cards, publication to families, and promotion at year end",Faculty (subject teachers),"Class teacher, then Parent and Student",Class teacher publishes,Family on publish (report_card),Marks entered -> card compiled -> checked -> published -> family alerted,,"Monitor teacher peer reviews, principal observations, and parent feedback ratings."
08 Examinations,"Jul, Oct, Mar",Institution Admin / Principal,institution_admin,Academics,Examinations,Baseline Performance Analysis,institution_admin.examinations.baseline_performance_analysis,institution,core,yes,BaselineAnalysis,Unit tests from May; term exams July and October; finals in March,Timetable and the grading scale; marks need exam papers to exist first,"Report cards, publication to families, and promotion at year end",Faculty (subject teachers),"Class teacher, then Parent and Student",Class teacher publishes,Family on publish (report_card),Marks entered -> card compiled -> checked -> published -> family alerted,,Analyze baseline student entry performance against end-of-term academic growth.
08 Examinations,"Jul, Oct, Mar",Institution Admin / Principal,institution_admin,Academics,Examinations,Board Result Import,institution_admin.examinations.board_result_import,institution,core,yes,BoardResultImport,Unit tests from May; term exams July and October; finals in March,Timetable and the grading scale; marks need exam papers to exist first,"Report cards, publication to families, and promotion at year end",Faculty (subject teachers),"Class teacher, then Parent and Student",Class teacher publishes,Family on publish (report_card),Marks entered -> card compiled -> checked -> published -> family alerted,,"Import board results, map them to student records and publish to parents."
08 Examinations,"Jul, Oct, Mar",Institution Admin / Principal,institution_admin,Academics,Examinations,Exams & result status,institution_admin.examinations.exams_result_status,institution,core,yes,ReportCards,Unit tests from May; term exams July and October; finals in March,Timetable and the grading scale; marks need exam papers to exist first,"Report cards, publication to families, and promotion at year end",Faculty (subject teachers),"Class teacher, then Parent and Student",Class teacher publishes,Family on publish (report_card),Marks entered -> card compiled -> checked -> published -> family alerted,,"Exam schedule, marks-entry completion, result publishing status and report cards."
08 Examinations,"Jul, Oct, Mar",Institution Admin / Principal,institution_admin,Academics,Examinations,Exams & results,institution_admin.examinations.exams_results,institution,core,yes,ReportCards,Unit tests from May; term exams July and October; finals in March,Timetable and the grading scale; marks need exam papers to exist first,"Report cards, publication to families, and promotion at year end",Faculty (subject teachers),"Class teacher, then Parent and Student",Class teacher publishes,Family on publish (report_card),Marks entered -> card compiled -> checked -> published -> family alerted,,"Exam schedule, marks entry status and result publication readiness."
08 Examinations,"Jul, Oct, Mar",Institution Admin / Principal,institution_admin,Academics,Examinations,Hall Ticket Issue,institution_admin.examinations.hall_ticket_issue,institution,core,yes,HallTicket,Unit tests from May; term exams July and October; finals in March,Timetable and the grading scale; marks need exam papers to exist first,"Report cards, publication to families, and promotion at year end",Faculty (subject teachers),"Class teacher, then Parent and Student",Class teacher publishes,Family on publish (report_card),Marks entered -> card compiled -> checked -> published -> family alerted,,Issue and reprint board hall tickets against the accepted nominal roll.
08 Examinations,"Jul, Oct, Mar",Institution Admin / Principal,institution_admin,Academics,Examinations,Intermediate Board Registration,institution_admin.examinations.intermediate_board_registration,institution,core,yes,IntermediateRegistration,Unit tests from May; term exams July and October; finals in March,Timetable and the grading scale; marks need exam papers to exist first,"Report cards, publication to families, and promotion at year end",Faculty (subject teachers),"Class teacher, then Parent and Student",Class teacher publishes,Family on publish (report_card),Marks entered -> card compiled -> checked -> published -> family alerted,,Register Class 11 and 12 candidates with TSBIE including group and second language selection.
08 Examinations,"Jul, Oct, Mar",Institution Admin / Principal,institution_admin,Academics,Examinations,Performance overview,institution_admin.examinations.performance_overview,institution,core,yes,PerformanceOverview,Unit tests from May; term exams July and October; finals in March,Timetable and the grading scale; marks need exam papers to exist first,"Report cards, publication to families, and promotion at year end",Faculty (subject teachers),"Class teacher, then Parent and Student",Class teacher publishes,Family on publish (report_card),Marks entered -> card compiled -> checked -> published -> family alerted,,"Pass rate, subject performance, at-risk students and backlog summary."
08 Examinations,"Jul, Oct, Mar",Institution Admin / Principal,institution_admin,Academics,Examinations,Report cards,institution_admin.examinations.report_cards,institution,core,yes,ReportCards,Unit tests from May; term exams July and October; finals in March,Timetable and the grading scale; marks need exam papers to exist first,"Report cards, publication to families, and promotion at year end",Faculty (subject teachers enter marks),Parent and Student (read the published card),Class teacher publishes,Parent and Student on publish (report_card),Subject teachers enter marks -> class teacher checks and publishes -> family alerted,Faculty / Teacher,"Holistic progress cards and the scholastic report, ready to verify and issue."
08 Examinations,"Jul, Oct, Mar",Institution Admin / Principal,institution_admin,Academics,Examinations,SSC Board Registration,institution_admin.examinations.ssc_board_registration,institution,core,yes,SSCRegistration,Unit tests from May; term exams July and October; finals in March,Timetable and the grading scale; marks need exam papers to exist first,"Report cards, publication to families, and promotion at year end",Faculty (subject teachers),"Class teacher, then Parent and Student",Class teacher publishes,Family on publish (report_card),Marks entered -> card compiled -> checked -> published -> family alerted,,"Register Class 10 candidates with BSE Telangana, capture subject combinations and medium, and submit the nominal roll."
08 Examinations,"Jul, Oct, Mar",Institution Admin / Principal,institution_admin,Reports,Standard,Exam & Grade Analytics,institution_admin.standard.exam_grade_analytics,institution,core,yes,ReportCards,Unit tests from May; term exams July and October; finals in March,Timetable and the grading scale; marks need exam papers to exist first,"Report cards, publication to families, and promotion at year end",Faculty (subject teachers),"Class teacher, then Parent and Student",Class teacher publishes,Family on publish (report_card),Marks entered -> card compiled -> checked -> published -> family alerted,,"Analyze grade distribution charts, subject pass percentages, toppers, and low performers."
08 Examinations,"Jul, Oct, Mar",Parent / Guardian,parent,My Child,Academics,Results & report cards,parent.academics.results_report_cards,children,core,yes,Results,Unit tests from May; term exams July and October; finals in March,Timetable and the grading scale; marks need exam papers to exist first,"Report cards, publication to families, and promotion at year end",Faculty (subject teachers enter marks),Parent and Student (read the published card),Class teacher publishes,Parent and Student on publish (report_card),Subject teachers enter marks -> class teacher checks and publishes -> family alerted,,"Exam schedule, marks/grades and downloadable published report cards."
08 Examinations,"Jul, Oct, Mar",Student,student,Academics,Exams & Results,Academic record,student.exams_results.academic_record,self,core,yes,AcademicRecord,Unit tests from May; term exams July and October; finals in March,Timetable and the grading scale; marks need exam papers to exist first,"Report cards, publication to families, and promotion at year end",Faculty (subject teachers),"Class teacher, then Parent and Student",Class teacher publishes,Family on publish (report_card),Marks entered -> card compiled -> checked -> published -> family alerted,,"Current/previous grades, transcript/academic history when published."
08 Examinations,"Jul, Oct, Mar",Student,student,Academics,Exams & Results,Exams & grades,student.exams_results.exams_grades,self,core,yes,Results,Unit tests from May; term exams July and October; finals in March,Timetable and the grading scale; marks need exam papers to exist first,"Report cards, publication to families, and promotion at year end",Faculty (subject teachers),"Class teacher, then Parent and Student",Class teacher publishes,Family on publish (report_card),Marks entered -> card compiled -> checked -> published -> family alerted,,"Exam schedule, marks, grades, published results and report cards."
09 Communication,Apr-Mar,Admissions & Front Office,admissions,Communication,Communication,Applicant communication,admissions.communication.applicant_communication,institution,core,yes,Funnel,"Continuous; peaks around exams, PTM and fee due dates","Enrolment and guardian records, which are the address list","Nothing. Communication is the output, not an input to anything else",Admissions & Front Office,Accounts (invoices) and Faculty (teaches),Institution Admin,None,Enquiry -> application -> admitted -> enrolled -> invoiced -> on a register,,"Send status updates, reminders and admission instructions."
09 Communication,Apr-Mar,Faculty / Teacher,faculty,Communication,Communication,Communication,faculty.communication.communication,assigned_classes,core,yes,Communication,"Continuous; peaks around exams, PTM and fee due dates","Enrolment and guardian records, which are the address list","Nothing. Communication is the output, not an input to anything else",Institution Admin / Faculty,Parent and Student,,Recipients (circular),"Author writes -> addressed -> delivered in-app, and queued for SMS or email",Institution Admin / Principal; Parent / Guardian,"Announcements/messages to assigned classes, students or parents based on policy."
09 Communication,Apr-Mar,Faculty / Teacher,faculty,Communication,Communication,Remarks,faculty.communication.remarks,assigned_classes,core,yes,Remarks,"Continuous; peaks around exams, PTM and fee due dates","Enrolment and guardian records, which are the address list","Nothing. Communication is the output, not an input to anything else",Institution Admin / Faculty,Parent and Student,,Recipients (circular),"Author writes -> addressed -> delivered in-app, and queued for SMS or email",,Add permitted academic/class remarks and observations.
09 Communication,Apr-Mar,Institution Admin / Principal,institution_admin,Communication,Communication,Circulars & announcements,institution_admin.communication.circulars_announcements,institution,core,yes,Circulars,"Continuous; peaks around exams, PTM and fee due dates","Enrolment and guardian records, which are the address list","Nothing. Communication is the output, not an input to anything else",Institution Admin / Faculty (publishes),Parent and Student,,Parent and Student (circular); SMS and email queued,"Author publishes -> addressed to parents, students or both -> alerts and queued messages",,"Notices to sections, parents or the whole school, with read acknowledgement."
09 Communication,Apr-Mar,Institution Admin / Principal,institution_admin,Communication,Communication,Communication,institution_admin.communication.communication,institution,core,yes,Circulars,"Continuous; peaks around exams, PTM and fee due dates","Enrolment and guardian records, which are the address list","Nothing. Communication is the output, not an input to anything else",Institution Admin / Faculty,Parent and Student,,Recipients (circular),"Author writes -> addressed -> delivered in-app, and queued for SMS or email",Faculty / Teacher; Parent / Guardian,"Publish announcements/circulars to targeted students, parents and staff."
09 Communication,Apr-Mar,Institution Admin / Principal,institution_admin,Communication,Communication,Parent Feedback & Grievance Hub,institution_admin.communication.parent_feedback_grievance_hub,institution,core,yes,GrievanceHub,"Continuous; peaks around exams, PTM and fee due dates","Enrolment and guardian records, which are the address list","Nothing. Communication is the output, not an input to anything else",Accounts & Finance (raises),Parent (pays),Institution Admin approves the structure,Parent on dues (fee),Structure approved -> invoices raised -> parent pays -> receipt -> arrears chased,,"Review escalated parent complaints, assign resolution owners, and track resolution SLA."
09 Communication,Apr-Mar,Institution Admin / Principal,institution_admin,Communication,Communication,School Achievements Showcase,institution_admin.communication.school_achievements_showcase,institution,optional,yes,AchievementsShowcase,"Continuous; peaks around exams, PTM and fee due dates","Enrolment and guardian records, which are the address list","Nothing. Communication is the output, not an input to anything else",Institution Admin / Faculty,Parent and Student,,Recipients (circular),"Author writes -> addressed -> delivered in-app, and queued for SMS or email",,"Log awards, sports victories, academic honors, and publish them to parent/student portals."
09 Communication,Apr-Mar,Parent / Guardian,parent,School,Messages,Communication,parent.messages.communication,children,core,yes,Circulars,"Continuous; peaks around exams, PTM and fee due dates","Enrolment and guardian records, which are the address list","Nothing. Communication is the output, not an input to anything else",Institution Admin / Faculty,Parent and Student,,Recipients (circular),"Author writes -> addressed -> delivered in-app, and queued for SMS or email",Faculty / Teacher; Institution Admin / Principal,"Circulars, announcements and permitted teacher/school messages."
09 Communication,Apr-Mar,Parent / Guardian,parent,School,Messages,Direct Teacher Messaging,parent.messages.direct_teacher_messaging,children,core,yes,TeacherMessages,"Continuous; peaks around exams, PTM and fee due dates","Enrolment and guardian records, which are the address list","Nothing. Communication is the output, not an input to anything else",Institution Admin / Faculty,Parent and Student,,Recipients (circular),"Author writes -> addressed -> delivered in-app, and queued for SMS or email",,Send structured query messages directly to class teacher during designated hours.
09 Communication,Apr-Mar,Parent / Guardian,parent,School,Messages,Teacher remarks,parent.messages.teacher_remarks,children,core,yes,StaffRemarks,"Continuous; peaks around exams, PTM and fee due dates","Enrolment and guardian records, which are the address list","Nothing. Communication is the output, not an input to anything else",HOD / Principal / Parent (writes it),Faculty (reads it),,The teacher it is about (staff_remark),"HOD, Principal or Parent writes -> teacher alerted -> teacher reads it on their own screen",HOD / Department Head,Write a remark about one of your child's teachers. It reaches the head of department and the teacher.
09 Communication,Apr-Mar,Parent / Guardian,parent,School,School Life,Calendar & PTM,parent.school_life.calendar_ptm,children,core,yes,Calendar,"Continuous; peaks around exams, PTM and fee due dates","Enrolment and guardian records, which are the address list","Nothing. Communication is the output, not an input to anything else",Institution Admin / Faculty,Parent and Student,,Recipients (circular),"Author writes -> addressed -> delivered in-app, and queued for SMS or email",,"Exams, holidays, events, parent-teacher meetings and booking where enabled."
09 Communication,Apr-Mar,Parent / Guardian,parent,School,School Life,Live Event Seating Pass,parent.school_life.live_event_seating_pass,children,optional,yes,EventPasses,"Continuous; peaks around exams, PTM and fee due dates","Enrolment and guardian records, which are the address list","Nothing. Communication is the output, not an input to anything else",Institution Admin / Faculty,Parent and Student,,Recipients (circular),"Author writes -> addressed -> delivered in-app, and queued for SMS or email",,Download barcoded digital entry passes with pre-allocated row/seat numbers for school events.
09 Communication,Apr-Mar,Parent / Guardian,parent,School,School Life,PTM Appointment Reminder Alert,parent.school_life.ptm_appointment_reminder_alert,children,core,yes,PTMReminders,"Continuous; peaks around exams, PTM and fee due dates","Enrolment and guardian records, which are the address list","Nothing. Communication is the output, not an input to anything else",Institution Admin / Faculty,Parent and Student,,Recipients (circular),"Author writes -> addressed -> delivered in-app, and queued for SMS or email",,Receive push notification reminders 15 minutes before scheduled virtual or physical PTM slot.
09 Communication,Apr-Mar,Parent / Guardian,parent,School,School Life,Parent-Teacher Meeting Booking,parent.school_life.parent_teacher_meeting_booking,children,core,yes,PTM,"Continuous; peaks around exams, PTM and fee due dates","Enrolment and guardian records, which are the address list","Nothing. Communication is the output, not an input to anything else",Institution Admin / Faculty,Parent and Student,,Recipients (circular),"Author writes -> addressed -> delivered in-app, and queued for SMS or email",,Select available PTM time slots to meet subject teachers without queueing.
09 Communication,Apr-Mar,Parent / Guardian,parent,School,School Life,School Photo & Video Gallery,parent.school_life.school_photo_video_gallery,children,core,yes,Gallery,"Continuous; peaks around exams, PTM and fee due dates","Enrolment and guardian records, which are the address list","Nothing. Communication is the output, not an input to anything else",Institution Admin / Faculty,Parent and Student,,Recipients (circular),"Author writes -> addressed -> delivered in-app, and queued for SMS or email",,"View high-resolution photos and videos from school sports day, annual day, and events."
09 Communication,Apr-Mar,Super Admin,super_admin,Platform Setup,Messaging,Automated Trigger Rules,super_admin.messaging.automated_trigger_rules,platform,core,yes,TriggerRules,"Continuous; peaks around exams, PTM and fee due dates","Enrolment and guardian records, which are the address list","Nothing. Communication is the output, not an input to anything else",Institution Admin / Faculty,Parent and Student,,Recipients (circular),"Author writes -> addressed -> delivered in-app, and queued for SMS or email",,"Set trigger conditions for instant automated notifications on absence, fee due, or bus delay."
09 Communication,Apr-Mar,Super Admin,super_admin,Platform Setup,Messaging,Email Server (SMTP) Integration,super_admin.messaging.email_server_smtp_integration,platform,core,yes,EmailServer,"Continuous; peaks around exams, PTM and fee due dates","Enrolment and guardian records, which are the address list","Nothing. Communication is the output, not an input to anything else",Institution Admin / Faculty,Parent and Student,,Recipients (circular),"Author writes -> addressed -> delivered in-app, and queued for SMS or email",,"Configure SMTP credentials, send grid settings, DKIM/SPF verification, and email dispatch logs."
09 Communication,Apr-Mar,Super Admin,super_admin,Platform Setup,Messaging,SMS Gateway Integration,super_admin.messaging.sms_gateway_integration,platform,core,yes,SmsGateway,"Continuous; peaks around exams, PTM and fee due dates","Enrolment and guardian records, which are the address list","Nothing. Communication is the output, not an input to anything else",Institution Admin / Faculty,Parent and Student,,Recipients (circular),"Author writes -> addressed -> delivered in-app, and queued for SMS or email",,"Configure gateway API credentials, sender IDs, DLTI templates, and SMS delivery logs."
09 Communication,Apr-Mar,Super Admin,super_admin,Platform Setup,Messaging,WhatsApp API Integration,super_admin.messaging.whatsapp_api_integration,platform,core,yes,WhatsAppApi,"Continuous; peaks around exams, PTM and fee due dates","Enrolment and guardian records, which are the address list","Nothing. Communication is the output, not an input to anything else",Institution Admin / Faculty,Parent and Student,,Recipients (circular),"Author writes -> addressed -> delivered in-app, and queued for SMS or email",,"Connect WhatsApp Business API, manage template approvals, automated triggers, and delivery logs."
10 Operations,Apr-Mar,Admissions & Front Office,admissions,Front Desk,Gate Security,Emergency Gate Lockout,admissions.gate_security.emergency_gate_lockout,institution,optional,yes,FrontDesk,Continuous; procurement concentrated Dec-Feb for the coming year,"Year setup and enrolment: who is on the route, in the hostel, holding the book","Transport and hostel fee heads, inventory issue, health records",Admissions & Front Office,Accounts (invoices) and Faculty (teaches),Institution Admin,None,Enquiry -> application -> admitted -> enrolled -> invoiced -> on a register,,Trigger gate security alerts for unapproved exits or blacklisted visitors.
10 Operations,Apr-Mar,Admissions & Front Office,admissions,Front Desk,Gate Security,Gate RFID Entry Management,admissions.gate_security.gate_rfid_entry_management,institution,optional,no,,Continuous; procurement concentrated Dec-Feb for the coming year,"Year setup and enrolment: who is on the route, in the hostel, holding the book","Transport and hostel fee heads, inventory issue, health records",Admissions & Front Office,Accounts (invoices) and Faculty (teaches),Institution Admin,None,Enquiry -> application -> admitted -> enrolled -> invoiced -> on a register,,Monitor real-time student/staff gate scans for late arrivals or early departures.
10 Operations,Apr-Mar,Admissions & Front Office,admissions,Front Desk,Office Log,Front Office Calls Register,admissions.office_log.front_office_calls_register,institution,core,yes,FrontDesk,Continuous; procurement concentrated Dec-Feb for the coming year,"Year setup and enrolment: who is on the route, in the hostel, holding the book","Transport and hostel fee heads, inventory issue, health records",Admissions & Front Office,Accounts (invoices) and Faculty (teaches),Institution Admin,None,Enquiry -> application -> admitted -> enrolled -> invoiced -> on a register,,"Maintain daily telephone call logs, caller identity, inquiry nature, and message forwarding."
10 Operations,Apr-Mar,Admissions & Front Office,admissions,Front Desk,Office Log,Postal & Courier Log,admissions.office_log.postal_courier_log,institution,core,yes,FrontDesk,Continuous; procurement concentrated Dec-Feb for the coming year,"Year setup and enrolment: who is on the route, in the hostel, holding the book","Transport and hostel fee heads, inventory issue, health records",Admissions & Front Office,Accounts (invoices) and Faculty (teaches),Institution Admin,None,Enquiry -> application -> admitted -> enrolled -> invoiced -> on a register,,"Record inbound and outbound official mail, courier tracking numbers, recipient, and handover status."
10 Operations,Apr-Mar,Admissions & Front Office,admissions,Front Desk,Visitors,Parent Appointment Booking,admissions.visitors.parent_appointment_booking,institution,core,yes,FrontDesk,Continuous; procurement concentrated Dec-Feb for the coming year,"Year setup and enrolment: who is on the route, in the hostel, holding the book","Transport and hostel fee heads, inventory issue, health records",Admissions & Front Office,Accounts (invoices) and Faculty (teaches),Institution Admin,None,Enquiry -> application -> admitted -> enrolled -> invoiced -> on a register,,Schedule formal parent meetings with staff/admin to prevent unscheduled office crowding.
10 Operations,Apr-Mar,Admissions & Front Office,admissions,Front Desk,Visitors,Visitor Checkout Tracking,admissions.visitors.visitor_checkout_tracking,institution,core,yes,FrontDesk,Continuous; procurement concentrated Dec-Feb for the coming year,"Year setup and enrolment: who is on the route, in the hostel, holding the book","Transport and hostel fee heads, inventory issue, health records",Admissions & Front Office,Accounts (invoices) and Faculty (teaches),Institution Admin,None,Enquiry -> application -> admitted -> enrolled -> invoiced -> on a register,,Scan visitor barcode or log exit time to ensure no unauthorized visitors remain on campus.
10 Operations,Apr-Mar,Admissions & Front Office,admissions,Front Desk,Visitors,Visitor Gate Pass Generation,admissions.visitors.visitor_gate_pass_generation,institution,core,yes,FrontDesk,Continuous; procurement concentrated Dec-Feb for the coming year,"Year setup and enrolment: who is on the route, in the hostel, holding the book","Transport and hostel fee heads, inventory issue, health records",Admissions & Front Office,Accounts (invoices) and Faculty (teaches),Institution Admin,None,Enquiry -> application -> admitted -> enrolled -> invoiced -> on a register,,"Log guest photo, phone number, host staff member, visit reason, and print paper/digital badge."
10 Operations,Apr-Mar,Institution Admin / Principal,institution_admin,Operations,Hostel,Boarder Laundry Tracking,institution_admin.hostel.boarder_laundry_tracking,campus,optional,yes,HostelLaundry,Continuous; procurement concentrated Dec-Feb for the coming year,"Year setup and enrolment: who is on the route, in the hostel, holding the book","Transport and hostel fee heads, inventory issue, health records",Operations,Parent and Accounts,,None,Room allotted -> hostel fee head -> parent billed,,"Log clothes sent to commercial laundry, track token numbers, and manage returns."
10 Operations,Apr-Mar,Institution Admin / Principal,institution_admin,Operations,Hostel,Buildings & rooms,institution_admin.hostel.buildings_rooms,campus,core,yes,Hostel,Continuous; procurement concentrated Dec-Feb for the coming year,"Year setup and enrolment: who is on the route, in the hostel, holding the book","Transport and hostel fee heads, inventory issue, health records",Operations,Parent and Accounts,,None,Room allotted -> hostel fee head -> parent billed,,"Blocks, rooms and beds, with the condition of each."
10 Operations,Apr-Mar,Institution Admin / Principal,institution_admin,Operations,Hostel,Complaints,institution_admin.hostel.complaints,campus,core,yes,HostelLife,Continuous; procurement concentrated Dec-Feb for the coming year,"Year setup and enrolment: who is on the route, in the hostel, holding the book","Transport and hostel fee heads, inventory issue, health records",Operations,Parent and Accounts,,None,Room allotted -> hostel fee head -> parent billed,,"Maintenance and welfare complaints raised by boarders, and their status."
10 Operations,Apr-Mar,Institution Admin / Principal,institution_admin,Operations,Hostel,Digital Outpass Approval,institution_admin.hostel.digital_outpass_approval,campus,core,yes,HostelLife,Continuous; procurement concentrated Dec-Feb for the coming year,"Year setup and enrolment: who is on the route, in the hostel, holding the book","Transport and hostel fee heads, inventory issue, health records",Operations,Parent and Accounts,,None,Room allotted -> hostel fee head -> parent billed,,Process student weekend leave or outing requests with warden and verified parent approval.
10 Operations,Apr-Mar,Institution Admin / Principal,institution_admin,Operations,Hostel,Hostel Building & Room Setup,institution_admin.hostel.hostel_building_room_setup,campus,core,yes,Hostel,Continuous; procurement concentrated Dec-Feb for the coming year,"Year setup and enrolment: who is on the route, in the hostel, holding the book","Transport and hostel fee heads, inventory issue, health records",Operations,Parent and Accounts,,None,Room allotted -> hostel fee head -> parent billed,,"Define hostel blocks, floors, room types (Single, Shared), and total bed capacity."
10 Operations,Apr-Mar,Institution Admin / Principal,institution_admin,Operations,Hostel,Hostel Complaint Ticketing,institution_admin.hostel.hostel_complaint_ticketing,campus,core,yes,HostelLife,Continuous; procurement concentrated Dec-Feb for the coming year,"Year setup and enrolment: who is on the route, in the hostel, holding the book","Transport and hostel fee heads, inventory issue, health records",Operations,Parent and Accounts,,None,Room allotted -> hostel fee head -> parent billed,,"Log maintenance issues (plumbing, electrical, Wi-Fi) and track resolution by technicians."
10 Operations,Apr-Mar,Institution Admin / Principal,institution_admin,Operations,Hostel,Hostel Roll-Call Attendance,institution_admin.hostel.hostel_roll_call_attendance,campus,core,yes,Hostel,Continuous; procurement concentrated Dec-Feb for the coming year,"Year setup and enrolment: who is on the route, in the hostel, holding the book","Transport and hostel fee heads, inventory issue, health records",Faculty (marks the register),"Parent, HR, Compliance",,Parent on absence (absence_alert),Faculty marks -> parent alerted if absent -> report card line and statutory return,,"Take daily evening hostel attendance, track present boarders, and alert warden of missing students."
10 Operations,Apr-Mar,Institution Admin / Principal,institution_admin,Operations,Hostel,Hostel Visitor Log,institution_admin.hostel.hostel_visitor_log,campus,core,yes,HostelVisitors,Continuous; procurement concentrated Dec-Feb for the coming year,"Year setup and enrolment: who is on the route, in the hostel, holding the book","Transport and hostel fee heads, inventory issue, health records",Operations,Parent and Accounts,,None,Room allotted -> hostel fee head -> parent billed,,"Record parent/relative visits to hostel premises, check-in time, and exit verification."
10 Operations,Apr-Mar,Institution Admin / Principal,institution_admin,Operations,Hostel,Mess Menu & Meal Management,institution_admin.hostel.mess_menu_meal_management,campus,core,yes,HostelLife,Continuous; procurement concentrated Dec-Feb for the coming year,"Year setup and enrolment: who is on the route, in the hostel, holding the book","Transport and hostel fee heads, inventory issue, health records",Operations,Parent and Accounts,,None,Room allotted -> hostel fee head -> parent billed,,Publish weekly hostel mess meal menu and track daily boarder dining headcounts.
10 Operations,Apr-Mar,Institution Admin / Principal,institution_admin,Operations,Hostel,Night Study Room Attendance,institution_admin.hostel.night_study_room_attendance,campus,optional,yes,HostelNightStudy,Continuous; procurement concentrated Dec-Feb for the coming year,"Year setup and enrolment: who is on the route, in the hostel, holding the book","Transport and hostel fee heads, inventory issue, health records",Faculty (marks the register),"Parent, HR, Compliance",,Parent on absence (absence_alert),Faculty marks -> parent alerted if absent -> report card line and statutory return,,Track boarder attendance in mandatory evening/night supervised study halls.
10 Operations,Apr-Mar,Institution Admin / Principal,institution_admin,Operations,Hostel,Outpass & leave,institution_admin.hostel.outpass_leave,campus,core,yes,HostelLife,Continuous; procurement concentrated Dec-Feb for the coming year,"Year setup and enrolment: who is on the route, in the hostel, holding the book","Transport and hostel fee heads, inventory issue, health records",Faculty / staff member (applies),HOD and HR (decide),HOD / HR,The applicant on decision,Staff applies -> HOD and HR see it -> approved -> cover requested -> payroll balance updated,,"Gate passes requested, approved and outstanding, with expected return."
10 Operations,Apr-Mar,Institution Admin / Principal,institution_admin,Operations,Hostel,Roll call,institution_admin.hostel.roll_call,campus,core,yes,Hostel,Continuous; procurement concentrated Dec-Feb for the coming year,"Year setup and enrolment: who is on the route, in the hostel, holding the book","Transport and hostel fee heads, inventory issue, health records",Operations,Parent and Accounts,,None,Room allotted -> hostel fee head -> parent billed,,"Morning and night attendance for the hostel, separate from the school register."
10 Operations,Apr-Mar,Institution Admin / Principal,institution_admin,Operations,Hostel,Room Allocation Engine,institution_admin.hostel.room_allocation_engine,campus,core,yes,Hostel,Continuous; procurement concentrated Dec-Feb for the coming year,"Year setup and enrolment: who is on the route, in the hostel, holding the book","Transport and hostel fee heads, inventory issue, health records",Operations,Parent and Accounts,,None,Room allotted -> hostel fee head -> parent billed,,"Assign students to specific rooms/beds, view room occupancy rate, and handle room changes."
10 Operations,Apr-Mar,Institution Admin / Principal,institution_admin,Operations,Hostel,Room Inventory Checklists,institution_admin.hostel.room_inventory_checklists,campus,core,yes,HostelRoomChecks,Continuous; procurement concentrated Dec-Feb for the coming year,"Year setup and enrolment: who is on the route, in the hostel, holding the book","Transport and hostel fee heads, inventory issue, health records",Operations,Parent and Accounts,,None,Room allotted -> hostel fee head -> parent billed,,"Inspect room furniture, lights, and appliances upon student check-in and check-out."
10 Operations,Apr-Mar,Institution Admin / Principal,institution_admin,Operations,Hostel,Room allocation,institution_admin.hostel.room_allocation,campus,core,yes,Hostel,Continuous; procurement concentrated Dec-Feb for the coming year,"Year setup and enrolment: who is on the route, in the hostel, holding the book","Transport and hostel fee heads, inventory issue, health records",Operations,Parent and Accounts,,None,Room allotted -> hostel fee head -> parent billed,,"Which boarder is in which bed, and the moves waiting to happen."
10 Operations,Apr-Mar,Institution Admin / Principal,institution_admin,Operations,Infirmary,Annual Health Checkup Records,institution_admin.infirmary.annual_health_checkup_records,campus,core,yes,InfirmaryScreening,Continuous; procurement concentrated Dec-Feb for the coming year,"Year setup and enrolment: who is on the route, in the hostel, holding the book","Transport and hostel fee heads, inventory issue, health records",Operations staff,Parent and Accounts,Institution Admin,None,Facility recorded -> student allocated -> fee head -> parent billed,,"Record height, weight, BMI, vision test, and dental health scores from annual doctor camps."
10 Operations,Apr-Mar,Institution Admin / Principal,institution_admin,Operations,Infirmary,Daily Nurse Visit Log,institution_admin.infirmary.daily_nurse_visit_log,campus,core,yes,InfirmaryClinic,Continuous; procurement concentrated Dec-Feb for the coming year,"Year setup and enrolment: who is on the route, in the hostel, holding the book","Transport and hostel fee heads, inventory issue, health records",Operations staff,Parent and Accounts,Institution Admin,None,Facility recorded -> student allocated -> fee head -> parent billed,,"Record infirmary visits, symptom observations, temperature, treatments, and resting duration."
10 Operations,Apr-Mar,Institution Admin / Principal,institution_admin,Operations,Infirmary,Emergency Health Alerts,institution_admin.infirmary.emergency_health_alerts,campus,core,yes,Infirmary,Continuous; procurement concentrated Dec-Feb for the coming year,"Year setup and enrolment: who is on the route, in the hostel, holding the book","Transport and hostel fee heads, inventory issue, health records",Operations staff,Parent and Accounts,Institution Admin,None,Facility recorded -> student allocated -> fee head -> parent billed,,Send immediate SMS/Call alerts to parents and principal during medical emergencies.
10 Operations,Apr-Mar,Institution Admin / Principal,institution_admin,Operations,Infirmary,Medication Admin Register,institution_admin.infirmary.medication_admin_register,campus,core,yes,InfirmaryClinic,Continuous; procurement concentrated Dec-Feb for the coming year,"Year setup and enrolment: who is on the route, in the hostel, holding the book","Transport and hostel fee heads, inventory issue, health records",Operations staff,Parent and Accounts,Institution Admin,None,Facility recorded -> student allocated -> fee head -> parent billed,,Log doctor-prescribed medication administered to boarders/day students during school hours.
10 Operations,Apr-Mar,Institution Admin / Principal,institution_admin,Operations,Infirmary,School Health Programme Camps,institution_admin.infirmary.school_health_programme_camps,campus,core,yes,InfirmaryScreening,Continuous; procurement concentrated Dec-Feb for the coming year,"Year setup and enrolment: who is on the route, in the hostel, holding the book","Transport and hostel fee heads, inventory issue, health records",Operations staff,Parent and Accounts,Institution Admin,None,Facility recorded -> student allocated -> fee head -> parent billed,,"Record state school-health screening camps, referrals and follow-up treatment."
10 Operations,Apr-Mar,Institution Admin / Principal,institution_admin,Operations,Infirmary,Student Health Master File,institution_admin.infirmary.student_health_master_file,campus,core,yes,Infirmary,Continuous; procurement concentrated Dec-Feb for the coming year,"Year setup and enrolment: who is on the route, in the hostel, holding the book","Transport and hostel fee heads, inventory issue, health records",Operations staff,Parent and Accounts,Institution Admin,None,Facility recorded -> student allocated -> fee head -> parent billed,,"Record baseline health data, blood group, allergies, chronic conditions, and emergency contacts."
10 Operations,Apr-Mar,Institution Admin / Principal,institution_admin,Operations,Library,Accession register,institution_admin.library.accession_register,campus,core,yes,Library,Continuous; procurement concentrated Dec-Feb for the coming year,"Year setup and enrolment: who is on the route, in the hostel, holding the book","Transport and hostel fee heads, inventory issue, health records",Operations staff,Parent and Accounts,Institution Admin,None,Facility recorded -> student allocated -> fee head -> parent billed,,"The statutory accession register, with barcode and spine label printing."
10 Operations,Apr-Mar,Institution Admin / Principal,institution_admin,Operations,Library,Barcode & Spine Label Printing,institution_admin.library.barcode_spine_label_printing,campus,core,yes,LibraryDesk,Continuous; procurement concentrated Dec-Feb for the coming year,"Year setup and enrolment: who is on the route, in the hostel, holding the book","Transport and hostel fee heads, inventory issue, health records",Operations staff,Parent and Accounts,Institution Admin,None,Facility recorded -> student allocated -> fee head -> parent billed,,Generate and print custom barcode labels and spine call tags for library books.
10 Operations,Apr-Mar,Institution Admin / Principal,institution_admin,Operations,Library,Book Cataloging & Accession Register,institution_admin.library.book_cataloging_accession_register,campus,core,yes,Library,Continuous; procurement concentrated Dec-Feb for the coming year,"Year setup and enrolment: who is on the route, in the hostel, holding the book","Transport and hostel fee heads, inventory issue, health records",Operations staff,Parent and Accounts,Institution Admin,None,Facility recorded -> student allocated -> fee head -> parent billed,,"Maintain master book register, ISBN numbers, author, publisher, genre, and rack location."
10 Operations,Apr-Mar,Institution Admin / Principal,institution_admin,Operations,Library,Book Issue & Return Terminal,institution_admin.library.book_issue_return_terminal,campus,core,yes,Library,Continuous; procurement concentrated Dec-Feb for the coming year,"Year setup and enrolment: who is on the route, in the hostel, holding the book","Transport and hostel fee heads, inventory issue, health records",Operations staff,Parent and Accounts,Institution Admin,None,Facility recorded -> student allocated -> fee head -> parent billed,,Scan student ID and book barcode to issue or return books in <5 seconds.
10 Operations,Apr-Mar,Institution Admin / Principal,institution_admin,Operations,Library,Book Reservation Queue,institution_admin.library.book_reservation_queue,campus,core,yes,LibraryDesk,Continuous; procurement concentrated Dec-Feb for the coming year,"Year setup and enrolment: who is on the route, in the hostel, holding the book","Transport and hostel fee heads, inventory issue, health records",Operations staff,Parent and Accounts,Institution Admin,None,Facility recorded -> student allocated -> fee head -> parent billed,,Auto-notify students when a reserved book is returned and available for collection.
10 Operations,Apr-Mar,Institution Admin / Principal,institution_admin,Operations,Library,Books & copies,institution_admin.library.books_copies,campus,core,yes,Library,Continuous; procurement concentrated Dec-Feb for the coming year,"Year setup and enrolment: who is on the route, in the hostel, holding the book","Transport and hostel fee heads, inventory issue, health records",Operations staff,Parent and Accounts,Institution Admin,None,Facility recorded -> student allocated -> fee head -> parent billed,,"Titles, editions and the individual copies held against each."
10 Operations,Apr-Mar,Institution Admin / Principal,institution_admin,Operations,Library,Digital E-Book & Journal Integration,institution_admin.library.digital_e_book_journal_integration,campus,core,yes,DigitalLibrary,Continuous; procurement concentrated Dec-Feb for the coming year,"Year setup and enrolment: who is on the route, in the hostel, holding the book","Transport and hostel fee heads, inventory issue, health records",Operations staff,Parent and Accounts,Institution Admin,None,Facility recorded -> student allocated -> fee head -> parent billed,,"Provide single-sign-on access to digital libraries like EBSCO, JSTOR, and e-books."
10 Operations,Apr-Mar,Institution Admin / Principal,institution_admin,Operations,Library,Fines,institution_admin.library.fines,campus,core,yes,Library,Continuous; procurement concentrated Dec-Feb for the coming year,"Year setup and enrolment: who is on the route, in the hostel, holding the book","Transport and hostel fee heads, inventory issue, health records",Operations staff,Parent and Accounts,Institution Admin,None,Facility recorded -> student allocated -> fee head -> parent billed,,"Overdue fines accrued, waived and collected."
10 Operations,Apr-Mar,Institution Admin / Principal,institution_admin,Operations,Library,Issue & return,institution_admin.library.issue_return,campus,core,yes,Library,Continuous; procurement concentrated Dec-Feb for the coming year,"Year setup and enrolment: who is on the route, in the hostel, holding the book","Transport and hostel fee heads, inventory issue, health records",Operations staff,Parent and Accounts,Institution Admin,None,Facility recorded -> student allocated -> fee head -> parent billed,,"The counter: scan a card, scan a book, issue or take it back."
10 Operations,Apr-Mar,Institution Admin / Principal,institution_admin,Operations,Library,Library Inventory Audit,institution_admin.library.library_inventory_audit,campus,core,yes,LibraryDesk,Continuous; procurement concentrated Dec-Feb for the coming year,"Year setup and enrolment: who is on the route, in the hostel, holding the book","Transport and hostel fee heads, inventory issue, health records",Operations staff,Parent and Accounts,Institution Admin,None,Facility recorded -> student allocated -> fee head -> parent billed,,Scan shelves with handheld barcode reader to perform annual physical inventory audits.
10 Operations,Apr-Mar,Institution Admin / Principal,institution_admin,Operations,Library,NCERT Textbook Indent,institution_admin.library.ncert_textbook_indent,campus,advanced,yes,LibraryDesk,Continuous; procurement concentrated Dec-Feb for the coming year,"Year setup and enrolment: who is on the route, in the hostel, holding the book","Transport and hostel fee heads, inventory issue, health records",Operations staff,Parent and Accounts,Institution Admin,None,Facility recorded -> student allocated -> fee head -> parent billed,,"Raise the annual NCERT textbook indent per class, track receipt and issue to students."
10 Operations,Apr-Mar,Institution Admin / Principal,institution_admin,Operations,Library,OPAC Digital Book Search,institution_admin.library.opac_digital_book_search,campus,core,yes,Library,Continuous; procurement concentrated Dec-Feb for the coming year,"Year setup and enrolment: who is on the route, in the hostel, holding the book","Transport and hostel fee heads, inventory issue, health records",Operations staff,Parent and Accounts,Institution Admin,None,Facility recorded -> student allocated -> fee head -> parent billed,,Online Public Access Catalog for students to search book availability and reserve books.
10 Operations,Apr-Mar,Institution Admin / Principal,institution_admin,Operations,Library,Overdue Fine Calculation,institution_admin.library.overdue_fine_calculation,campus,core,yes,Library,Continuous; procurement concentrated Dec-Feb for the coming year,"Year setup and enrolment: who is on the route, in the hostel, holding the book","Transport and hostel fee heads, inventory issue, health records",Operations staff,Parent and Accounts,Institution Admin,None,Facility recorded -> student allocated -> fee head -> parent billed,,Auto-calculate daily overdue fines for late book returns and post fine to student ledger.
10 Operations,Apr-Mar,Institution Admin / Principal,institution_admin,Operations,Library,Reservations,institution_admin.library.reservations,campus,core,yes,LibraryDesk,Continuous; procurement concentrated Dec-Feb for the coming year,"Year setup and enrolment: who is on the route, in the hostel, holding the book","Transport and hostel fee heads, inventory issue, health records",Operations staff,Parent and Accounts,Institution Admin,None,Facility recorded -> student allocated -> fee head -> parent billed,,"Holds placed by students and staff, and who is next in the queue."
10 Operations,Apr-Mar,Institution Admin / Principal,institution_admin,Operations,Stores,Department Stock Issuance,institution_admin.stores.department_stock_issuance,campus,core,yes,Stores,Continuous; procurement concentrated Dec-Feb for the coming year,"Year setup and enrolment: who is on the route, in the hostel, holding the book","Transport and hostel fee heads, inventory issue, health records",Operations staff,Parent and Accounts,Institution Admin,None,Facility recorded -> student allocated -> fee head -> parent billed,,Issue stock items to specific teachers or departments and track active stock balances.
10 Operations,Apr-Mar,Institution Admin / Principal,institution_admin,Operations,Stores,Item Category & Store Setup,institution_admin.stores.item_category_store_setup,campus,core,yes,Stores,Continuous; procurement concentrated Dec-Feb for the coming year,"Year setup and enrolment: who is on the route, in the hostel, holding the book","Transport and hostel fee heads, inventory issue, health records",Operations staff,Parent and Accounts,Institution Admin,None,Facility recorded -> student allocated -> fee head -> parent billed,,"Define store locations, item categories (Stationery, Sports, Furniture, IT), and reorder levels."
10 Operations,Apr-Mar,Institution Admin / Principal,institution_admin,Operations,Stores,Purchase Order Workflow,institution_admin.stores.purchase_order_workflow,campus,core,yes,PurchaseOrders,Continuous; procurement concentrated Dec-Feb for the coming year,"Year setup and enrolment: who is on the route, in the hostel, holding the book","Transport and hostel fee heads, inventory issue, health records",Operations staff,Parent and Accounts,Institution Admin,None,Facility recorded -> student allocated -> fee head -> parent billed,,"Raise Purchase Requisitions, compare vendor quotes, issue POs, and record GRN receipts."
10 Operations,Apr-Mar,Institution Admin / Principal,institution_admin,Operations,Transport,AIS-140 Telematics & VAHAN Compliance,institution_admin.transport.ais_140_telematics_vahan_compliance,campus,advanced,no,,Continuous; procurement concentrated Dec-Feb for the coming year,"Year setup and enrolment: who is on the route, in the hostel, holding the book","Transport and hostel fee heads, inventory issue, health records",Operations (routes and stops),Parent and Accounts,,None,Route built -> student allocated -> transport fee head -> parent billed,,"Register AIS-140 certified GPS units per vehicle, ingest NavIC position and panic-button events, monitor tamper and offline buffering, and evidence the VAHAN transmission MoRTH requires."
10 Operations,Apr-Mar,Institution Admin / Principal,institution_admin,Operations,Transport,Bus Breakdown Emergency Dispatch,institution_admin.transport.bus_breakdown_emergency_dispatch,campus,core,yes,TransportOffice,Continuous; procurement concentrated Dec-Feb for the coming year,"Year setup and enrolment: who is on the route, in the hostel, holding the book","Transport and hostel fee heads, inventory issue, health records",Operations (routes and stops),Parent and Accounts,,None,Route built -> student allocated -> transport fee head -> parent billed,,Trigger emergency notifications and dispatch replacement buses with auto-route updates.
10 Operations,Apr-Mar,Institution Admin / Principal,institution_admin,Operations,Transport,Bus Speeding & Rash Driving Alerts,institution_admin.transport.bus_speeding_rash_driving_alerts,campus,advanced,yes,SafetyAlerts,Continuous; procurement concentrated Dec-Feb for the coming year,"Year setup and enrolment: who is on the route, in the hostel, holding the book","Transport and hostel fee heads, inventory issue, health records",Operations (routes and stops),Parent and Accounts,,None,Route built -> student allocated -> transport fee head -> parent billed,,Receive immediate dashboard alerts if a driver exceeds pre-set campus speed limits.
10 Operations,Apr-Mar,Institution Admin / Principal,institution_admin,Operations,Transport,Delays & exceptions,institution_admin.transport.delays_exceptions,campus,core,yes,TransportOffice,Continuous; procurement concentrated Dec-Feb for the coming year,"Year setup and enrolment: who is on the route, in the hostel, holding the book","Transport and hostel fee heads, inventory issue, health records",Operations (routes and stops),Parent and Accounts,,None,Route built -> student allocated -> transport fee head -> parent billed,,"Routes running late, breakdowns and any child not scanned."
10 Operations,Apr-Mar,Institution Admin / Principal,institution_admin,Operations,Transport,Driver & Attendant Profiles,institution_admin.transport.driver_attendant_profiles,campus,core,yes,TransportOffice,Continuous; procurement concentrated Dec-Feb for the coming year,"Year setup and enrolment: who is on the route, in the hostel, holding the book","Transport and hostel fee heads, inventory issue, health records",Operations (routes and stops),Parent and Accounts,,None,Route built -> student allocated -> transport fee head -> parent billed,,"Store driver licenses, police verification docs, phone numbers, and assigned bus routes."
10 Operations,Apr-Mar,Institution Admin / Principal,institution_admin,Operations,Transport,Driver Sobriety & Safety Checklist,institution_admin.transport.driver_sobriety_safety_checklist,campus,optional,yes,TransportOffice,Continuous; procurement concentrated Dec-Feb for the coming year,"Year setup and enrolment: who is on the route, in the hostel, holding the book","Transport and hostel fee heads, inventory issue, health records",Operations (routes and stops),Parent and Accounts,,None,Route built -> student allocated -> transport fee head -> parent billed,,Require drivers to complete pre-trip safety checklists and breathalyzer checks before starting.
10 Operations,Apr-Mar,Institution Admin / Principal,institution_admin,Operations,Transport,Drivers & attendants,institution_admin.transport.drivers_attendants,campus,core,yes,TransportOffice,Continuous; procurement concentrated Dec-Feb for the coming year,"Year setup and enrolment: who is on the route, in the hostel, holding the book","Transport and hostel fee heads, inventory issue, health records",Operations (routes and stops),Parent and Accounts,,None,Route built -> student allocated -> transport fee head -> parent billed,,"Who drives what, with licence expiry and background verification."
10 Operations,Apr-Mar,Institution Admin / Principal,institution_admin,Operations,Transport,Fuel Sensor & Mileage Telematics,institution_admin.transport.fuel_sensor_mileage_telematics,campus,optional,no,,Continuous; procurement concentrated Dec-Feb for the coming year,"Year setup and enrolment: who is on the route, in the hostel, holding the book","Transport and hostel fee heads, inventory issue, health records",Operations (routes and stops),Parent and Accounts,,None,Route built -> student allocated -> transport fee head -> parent billed,,Integrate digital fuel tank sensors to detect fuel theft and track real-time bus mileage.
10 Operations,Apr-Mar,Institution Admin / Principal,institution_admin,Operations,Transport,Geo-fenced Bus Stop Alerts,institution_admin.transport.geo_fenced_bus_stop_alerts,campus,advanced,yes,StopAlerts,Continuous; procurement concentrated Dec-Feb for the coming year,"Year setup and enrolment: who is on the route, in the hostel, holding the book","Transport and hostel fee heads, inventory issue, health records",Operations (routes and stops),Parent and Accounts,,None,Route built -> student allocated -> transport fee head -> parent billed,,Trigger automated proximity SMS/Push notifications to parents 5 minutes before bus arrives.
10 Operations,Apr-Mar,Institution Admin / Principal,institution_admin,Operations,Transport,Live vehicle tracking,institution_admin.transport.live_vehicle_tracking,campus,core,yes,LiveVehicleMap,Continuous; procurement concentrated Dec-Feb for the coming year,"Year setup and enrolment: who is on the route, in the hostel, holding the book","Transport and hostel fee heads, inventory issue, health records",Operations (routes and stops),Parent and Accounts,,None,Route built -> student allocated -> transport fee head -> parent billed,,"Where every bus is now, against the route it should be running."
10 Operations,Apr-Mar,Institution Admin / Principal,institution_admin,Operations,Transport,Real-time Vehicle Tracking (VTS),institution_admin.transport.real_time_vehicle_tracking_vts,campus,core,yes,LiveVehicleMap,Continuous; procurement concentrated Dec-Feb for the coming year,"Year setup and enrolment: who is on the route, in the hostel, holding the book","Transport and hostel fee heads, inventory issue, health records",Operations (routes and stops),Parent and Accounts,,None,Route built -> student allocated -> transport fee head -> parent billed,,"View live GPS map of moving school buses, current speed, route adherence, and delay alerts."
10 Operations,Apr-Mar,Institution Admin / Principal,institution_admin,Operations,Transport,Route & Pickup Stop Mapping,institution_admin.transport.route_pickup_stop_mapping,campus,core,yes,Transport,Continuous; procurement concentrated Dec-Feb for the coming year,"Year setup and enrolment: who is on the route, in the hostel, holding the book","Transport and hostel fee heads, inventory issue, health records",Operations (routes and stops),Parent and Accounts,,None,Route built -> student allocated -> transport fee head -> parent billed,,"Define bus routes, pick-up/drop-off stop locations, timings, and map associated transport fees."
10 Operations,Apr-Mar,Institution Admin / Principal,institution_admin,Operations,Transport,Route Distance Fee Slabs,institution_admin.transport.route_distance_fee_slabs,campus,core,yes,Transport,Continuous; procurement concentrated Dec-Feb for the coming year,"Year setup and enrolment: who is on the route, in the hostel, holding the book","Transport and hostel fee heads, inventory issue, health records",Accounts & Finance (raises),Parent (pays),Institution Admin approves the structure,Parent on dues (fee),Structure approved -> invoices raised -> parent pays -> receipt -> arrears chased,,Define transport fee slabs by route distance and auto-apply them to the student's fee structure.
10 Operations,Apr-Mar,Institution Admin / Principal,institution_admin,Operations,Transport,Route attendance,institution_admin.transport.route_attendance,campus,core,yes,TransportOffice,Continuous; procurement concentrated Dec-Feb for the coming year,"Year setup and enrolment: who is on the route, in the hostel, holding the book","Transport and hostel fee heads, inventory issue, health records",Faculty (marks the register),"Parent, HR, Compliance",,Parent on absence (absence_alert),Faculty marks -> parent alerted if absent -> report card line and statutory return,,"Boarding and alighting scans for each route, morning and afternoon."
10 Operations,Apr-Mar,Institution Admin / Principal,institution_admin,Operations,Transport,Routes & stops,institution_admin.transport.routes_stops,campus,core,yes,Transport,Continuous; procurement concentrated Dec-Feb for the coming year,"Year setup and enrolment: who is on the route, in the hostel, holding the book","Transport and hostel fee heads, inventory issue, health records",Operations (routes and stops),Parent and Accounts,,None,Route built -> student allocated -> transport fee head -> parent billed,,"Route definitions, the stops on each and the timing between them."
10 Operations,Apr-Mar,Institution Admin / Principal,institution_admin,Operations,Transport,Seatbelt & CCTV Video Streaming,institution_admin.transport.seatbelt_cctv_video_streaming,campus,optional,no,,Continuous; procurement concentrated Dec-Feb for the coming year,"Year setup and enrolment: who is on the route, in the hostel, holding the book","Transport and hostel fee heads, inventory issue, health records",Operations (routes and stops),Parent and Accounts,,None,Route built -> student allocated -> transport fee head -> parent billed,,Stream live in-bus CCTV video feeds to transport admin dashboards for safety monitoring.
10 Operations,Apr-Mar,Institution Admin / Principal,institution_admin,Operations,Transport,Student Route Assignment,institution_admin.transport.student_route_assignment,campus,core,yes,TransportOffice,Continuous; procurement concentrated Dec-Feb for the coming year,"Year setup and enrolment: who is on the route, in the hostel, holding the book","Transport and hostel fee heads, inventory issue, health records",Operations (routes and stops),Parent and Accounts,,None,Route built -> student allocated -> transport fee head -> parent billed,,Assign students to specific bus routes and pick-up stops with automated fee mapping.
10 Operations,Apr-Mar,Institution Admin / Principal,institution_admin,Operations,Transport,Student allocation,institution_admin.transport.student_allocation,campus,core,yes,TransportOffice,Continuous; procurement concentrated Dec-Feb for the coming year,"Year setup and enrolment: who is on the route, in the hostel, holding the book","Transport and hostel fee heads, inventory issue, health records",Operations (routes and stops),Parent and Accounts,,None,Route built -> student allocated -> transport fee head -> parent billed,,"Which child boards at which stop on which route, and the fee slab that implies."
10 Operations,Apr-Mar,Institution Admin / Principal,institution_admin,Operations,Transport,Transport Attendance Scans,institution_admin.transport.transport_attendance_scans,campus,core,yes,TransportOffice,Continuous; procurement concentrated Dec-Feb for the coming year,"Year setup and enrolment: who is on the route, in the hostel, holding the book","Transport and hostel fee heads, inventory issue, health records",Faculty (marks the register),"Parent, HR, Compliance",,Parent on absence (absence_alert),Faculty marks -> parent alerted if absent -> report card line and statutory return,,Scan student RFID tags as they step on and off the bus to confirm safe transit.
10 Operations,Apr-Mar,Institution Admin / Principal,institution_admin,Operations,Transport,Vehicle Fuel & Maintenance Log,institution_admin.transport.vehicle_fuel_maintenance_log,campus,core,yes,TransportOffice,Continuous; procurement concentrated Dec-Feb for the coming year,"Year setup and enrolment: who is on the route, in the hostel, holding the book","Transport and hostel fee heads, inventory issue, health records",Operations (routes and stops),Parent and Accounts,,None,Route built -> student allocated -> transport fee head -> parent billed,,"Track fuel purchases, mileage performance, routine servicing, and repair expense logs."
10 Operations,Apr-Mar,Institution Admin / Principal,institution_admin,Operations,Transport,Vehicle Master Registry,institution_admin.transport.vehicle_master_registry,campus,core,yes,Transport,Continuous; procurement concentrated Dec-Feb for the coming year,"Year setup and enrolment: who is on the route, in the hostel, holding the book","Transport and hostel fee heads, inventory issue, health records",Operations (routes and stops),Parent and Accounts,,None,Route built -> student allocated -> transport fee head -> parent billed,,"Maintain bus details, registration numbers, seating capacity, insurance expiry, and fitness certs."
10 Operations,Apr-Mar,Institution Admin / Principal,institution_admin,Operations,Transport,Vehicles,institution_admin.transport.vehicles,campus,core,yes,Transport,Continuous; procurement concentrated Dec-Feb for the coming year,"Year setup and enrolment: who is on the route, in the hostel, holding the book","Transport and hostel fee heads, inventory issue, health records",Operations (routes and stops),Parent and Accounts,,None,Route built -> student allocated -> transport fee head -> parent billed,,"The vehicle register: registration, capacity, permit, insurance and fitness expiry."
10 Operations,Apr-Mar,Parent / Guardian,parent,Transport,Alerts & Preferences,Parent App Live Bus Tracking Refresh Rate Customizer,parent.alerts_preferences.parent_app_live_bus_tracking_refresh_rate_customizer,children,optional,yes,BusRefreshRate,Continuous; procurement concentrated Dec-Feb for the coming year,"Year setup and enrolment: who is on the route, in the hostel, holding the book","Transport and hostel fee heads, inventory issue, health records",Operations staff,Parent and Accounts,Institution Admin,None,Facility recorded -> student allocated -> fee head -> parent billed,,"Select bus GPS map refresh frequency (e.g., 5 seconds vs 15 seconds) to save mobile battery."
10 Operations,Apr-Mar,Parent / Guardian,parent,Transport,Alerts & Preferences,Parent Bus Proximity Radius Customizer,parent.alerts_preferences.parent_bus_proximity_radius_customizer,children,optional,yes,BusProximityAlert,Continuous; procurement concentrated Dec-Feb for the coming year,"Year setup and enrolment: who is on the route, in the hostel, holding the book","Transport and hostel fee heads, inventory issue, health records",Operations staff,Parent and Accounts,Institution Admin,None,Facility recorded -> student allocated -> fee head -> parent billed,,"Allow parents to set custom distance alerts (e.g., alert me when bus is 1 km or 500m away)."
10 Operations,Apr-Mar,Parent / Guardian,parent,Transport,My Child's Bus,Live Bus Tracking Map,parent.my_childs_bus.live_bus_tracking_map,children,core,yes,ChildBus,Continuous; procurement concentrated Dec-Feb for the coming year,"Year setup and enrolment: who is on the route, in the hostel, holding the book","Transport and hostel fee heads, inventory issue, health records",Operations staff,Parent and Accounts,Institution Admin,None,Facility recorded -> student allocated -> fee head -> parent billed,,View real-time movement of child's bus on an interactive map with estimated time of arrival.
10 Operations,Apr-Mar,Parent / Guardian,parent,Transport,My Child's Bus,School Transport Driver Call Button,parent.my_childs_bus.school_transport_driver_call_button,children,core,yes,DriverCall,Continuous; procurement concentrated Dec-Feb for the coming year,"Year setup and enrolment: who is on the route, in the hostel, holding the book","Transport and hostel fee heads, inventory issue, health records",Operations (routes and stops),Parent and Accounts,,None,Route built -> student allocated -> transport fee head -> parent billed,,Direct masked call connection to bus attendant/driver during bus transit hours.
10 Operations,Apr-Mar,Parent / Guardian,parent,Transport,My Child's Bus,Transport snapshot,parent.my_childs_bus.transport_snapshot,children,core,yes,TransportSnapshot,Continuous; procurement concentrated Dec-Feb for the coming year,"Year setup and enrolment: who is on the route, in the hostel, holding the book","Transport and hostel fee heads, inventory issue, health records",Operations (routes and stops),Parent and Accounts,,None,Route built -> student allocated -> transport fee head -> parent billed,,Bus route/stop/tracking only when transport module is enabled.
10 Operations,Apr-Mar,Super Admin,super_admin,Platform Setup,Operations,System Health & Integration Alerts,super_admin.operations.system_health_integration_alerts,platform,core,yes,Jobs,Continuous; procurement concentrated Dec-Feb for the coming year,"Year setup and enrolment: who is on the route, in the hostel, holding the book","Transport and hostel fee heads, inventory issue, health records",Operations staff,Parent and Accounts,Institution Admin,None,Facility recorded -> student allocated -> fee head -> parent billed,,"Monitor failed Webhooks, payment gateway time-outs, SMS delivery failures, and API errors."
11 Pastoral,Apr-Mar,HR & Payroll,hr,People,Welfare,Staff Birthday & Anniversary Alerts,hr.welfare.staff_birthday_anniversary_alerts,institution,optional,yes,Welfare,"Continuous, as needed",Enrolment and teaching scope,"Remarks to families, support plans, the conduct line on a report card",Faculty,Parent and Institution Admin,,Parent (student_remark),Observed -> recorded -> family told -> support plan where needed,,Trigger automated birthday and work anniversary greetings across app and staff wall.
11 Pastoral,Apr-Mar,HR & Payroll,hr,People,Welfare,Staff Grievance Cell,hr.welfare.staff_grievance_cell,institution,advanced,yes,Welfare,"Continuous, as needed",Enrolment and teaching scope,"Remarks to families, support plans, the conduct line on a report card",Faculty,Parent and Institution Admin,,Parent (student_remark),Observed -> recorded -> family told -> support plan where needed,,Confidential ticketing channel for staff members to report workplace issues to management.
11 Pastoral,Apr-Mar,HR & Payroll,hr,People,Welfare,Staff Recognition & Wall,hr.welfare.staff_recognition_wall,institution,optional,yes,Welfare,"Continuous, as needed",Enrolment and teaching scope,"Remarks to families, support plans, the conduct line on a report card",Faculty,Parent and Institution Admin,,Parent (student_remark),Observed -> recorded -> family told -> support plan where needed,,"Broadcast 'Teacher of the Month' awards, peer praises, and school achievements."
11 Pastoral,Apr-Mar,Seller Admin,seller_admin,Support,Support,Impersonation & Audit,seller_admin.support.impersonation_audit,platform,core,yes,Impersonation,"Continuous, as needed",Enrolment and teaching scope,"Remarks to families, support plans, the conduct line on a report card",Faculty,Parent and Institution Admin,,Parent (student_remark),Observed -> recorded -> family told -> support plan where needed,,"Act as a school's administrator to reproduce a fault, with every such session recorded and visible to that school."
11 Pastoral,Apr-Mar,Seller Admin,seller_admin,Support,Support,Support Tickets,seller_admin.support.support_tickets,platform,core,yes,SupportTickets,"Continuous, as needed",Enrolment and teaching scope,"Remarks to families, support plans, the conduct line on a report card",Faculty,Parent and Institution Admin,,Parent (student_remark),Observed -> recorded -> family told -> support plan where needed,,"Tickets raised by schools, with the tenant, severity, owner and time open."
12 Year end,Mar-Apr,Admissions & Front Office,admissions,Admissions,Admissions,Transfer Certificate Intake,admissions.admissions.transfer_certificate_intake,institution,core,yes,Applications,"Results, promotion, transfer certificates and rollover into the next year",Examination results and fee clearance,"Next year's enrolment, the transfer certificate, the alumni record",Admissions & Front Office,Accounts (invoices) and Faculty (teaches),Institution Admin,None,Enquiry -> application -> admitted -> enrolled -> invoiced -> on a register,,"Record the previous school's TC number, board and issue date, and verify against the prior UDISE record."
12 Year end,Mar-Apr,HR & Payroll,hr,Employees,Verification,Medical Fitness Certificate Registry,hr.verification.medical_fitness_certificate_registry,institution,advanced,yes,ServiceRecords,"Results, promotion, transfer certificates and rollover into the next year",Examination results and fee clearance,"Next year's enrolment, the transfer certificate, the alumni record",Institution Admin / Front Office,Parent (receives it),Institution Admin,None,Dues cleared -> TC generated from a snapshot -> issued to the family,,"Track mandatory annual medical fitness clearances for food handlers, bus drivers, and nannies."
12 Year end,Mar-Apr,Institution Admin / Principal,institution_admin,Students,Students,Class & Section Promotion,institution_admin.students.class_section_promotion,institution,core,yes,Promotion,"Results, promotion, transfer certificates and rollover into the next year",Examination results and fee clearance,"Next year's enrolment, the transfer certificate, the alumni record",Class teacher / Institution Admin,Next year's enrolment,Institution Admin,None,Results -> promotion decision -> new enrolment -> old one closed with history kept,,"Bulk promote students to higher academic years, manage retentions, and section shuffling."
12 Year end,Mar-Apr,Student,student,School,Alumni,Alumni Job & Internship Board,student.alumni.alumni_job_internship_board,self,optional,yes,AlumniJobs,"Results, promotion, transfer certificates and rollover into the next year",Examination results and fee clearance,"Next year's enrolment, the transfer certificate, the alumni record",Class teacher / Institution Admin,"Next year, and the family",Institution Admin,None,Results -> promotion -> dues cleared -> certificate -> next year's enrolment,,Senior students access exclusive internship and entry-level job posts shared by alumni network.
12 Year end,Mar-Apr,Student,student,School,Alumni,Alumni Network Registration,student.alumni.alumni_network_registration,self,optional,yes,AlumniNetwork,"Results, promotion, transfer certificates and rollover into the next year",Examination results and fee clearance,"Next year's enrolment, the transfer certificate, the alumni record",Class teacher / Institution Admin,"Next year, and the family",Institution Admin,None,Results -> promotion -> dues cleared -> certificate -> next year's enrolment,,Register for the official school alumni network upon passing out to stay connected with batchmates.
13 Compliance,Apr-Mar,HR & Payroll,hr,Employees,Onboarding & Exit,Staff Exit Interview Management,hr.onboarding_exit.staff_exit_interview_management,institution,advanced,yes,Lifecycle,Returns fall on statutory dates; board work concentrated Sep-Dec,"Enrolment, attendance and staff records","Government returns, board affiliation, grant-in-aid claims",Institution Admin,Government and the board,Institution Admin,None,Records kept all year -> return compiled -> filed on the statutory date,,"Record exit interview feedback, clearance certificates from library/lab, and final settlement."
13 Compliance,Apr-Mar,HR & Payroll,hr,Employees,Onboarding & Exit,Staff Experience & Relieving Cards,hr.onboarding_exit.staff_experience_relieving_cards,institution,core,yes,Lifecycle,Returns fall on statutory dates; board work concentrated Sep-Dec,"Enrolment, attendance and staff records","Government returns, board affiliation, grant-in-aid claims",Institution Admin,Government and the board,Institution Admin,None,Records kept all year -> return compiled -> filed on the statutory date,,"Generate Relieving Letters, Experience Certificates, and Service Certificates upon exit."
13 Compliance,Apr-Mar,HR & Payroll,hr,Employees,Onboarding & Exit,Staff Onboarding & KYC Verification,hr.onboarding_exit.staff_onboarding_kyc_verification,institution,core,yes,Lifecycle,Returns fall on statutory dates; board work concentrated Sep-Dec,"Enrolment, attendance and staff records","Government returns, board affiliation, grant-in-aid claims",Institution Admin,Government and the board,Institution Admin,None,Records kept all year -> return compiled -> filed on the statutory date,,"Collect online employee onboarding forms, Aadhaar/PAN verification, and contract letters."
13 Compliance,Apr-Mar,HR & Payroll,hr,Employees,Onboarding & Exit,Teacher Relieving No-Deduction Clearance,hr.onboarding_exit.teacher_relieving_no_deduction_clearance,institution,core,yes,Lifecycle,Returns fall on statutory dates; board work concentrated Sep-Dec,"Enrolment, attendance and staff records","Government returns, board affiliation, grant-in-aid claims",Institution Admin,Government and the board,Institution Admin,None,Records kept all year -> return compiled -> filed on the statutory date,,"Verify digital clearance from Library, Science Labs, IT, and Finance prior to final salary settlement."
13 Compliance,Apr-Mar,HR & Payroll,hr,Employees,Onboarding & Exit,Teacher Transfer & Deputation,hr.onboarding_exit.teacher_transfer_deputation,institution,advanced,yes,Lifecycle,Returns fall on statutory dates; board work concentrated Sep-Dec,"Enrolment, attendance and staff records","Government returns, board affiliation, grant-in-aid claims",Institution Admin,Government and the board,Institution Admin,None,Records kept all year -> return compiled -> filed on the statutory date,,"Record inter-school transfers, deputations and the seniority list used by the state transfer counselling."
13 Compliance,Apr-Mar,HR & Payroll,hr,Payroll,Statutory,Contractor / Security Staff Bill Verification,hr.statutory.contractor_security_staff_bill_verification,institution,core,yes,Statutory,Returns fall on statutory dates; board work concentrated Sep-Dec,"Enrolment, attendance and staff records","Government returns, board affiliation, grant-in-aid claims",Institution Admin,Government and the board,Institution Admin,None,Records kept all year -> return compiled -> filed on the statutory date,,Verify outsourced security and cleaning vendor attendance invoices against gate biometric scans.
13 Compliance,Apr-Mar,HR & Payroll,hr,Payroll,Statutory,Form 12BB & Investment Declarations,hr.statutory.form_12bb_investment_declarations,institution,advanced,yes,Statutory,Returns fall on statutory dates; board work concentrated Sep-Dec,"Enrolment, attendance and staff records","Government returns, board affiliation, grant-in-aid claims",Institution Admin,Government and the board,Institution Admin,None,Records kept all year -> return compiled -> filed on the statutory date,,"Collect employee investment declarations with proofs, compute the resulting TDS relief and issue Form 12BB for the assessment year."
13 Compliance,Apr-Mar,HR & Payroll,hr,Payroll,Statutory,Income Tax & Form 16 Generator,hr.statutory.income_tax_form_16_generator,institution,advanced,yes,Statutory,Returns fall on statutory dates; board work concentrated Sep-Dec,"Enrolment, attendance and staff records","Government returns, board affiliation, grant-in-aid claims",Institution Admin,Government and the board,Institution Admin,None,Records kept all year -> return compiled -> filed on the statutory date,,"Manage investment proofs, compute annual income tax TDS, and generate Form 16."
13 Compliance,Apr-Mar,HR & Payroll,hr,Payroll,Statutory,PF & ESI Statutory Compliance,hr.statutory.pf_esi_statutory_compliance,institution,advanced,yes,Statutory,Returns fall on statutory dates; board work concentrated Sep-Dec,"Enrolment, attendance and staff records","Government returns, board affiliation, grant-in-aid claims",Institution Admin,Government and the board,Institution Admin,None,Records kept all year -> return compiled -> filed on the statutory date,,"Generate monthly Provident Fund (ECR) files, ESI returns, and statutory deduction registers."
13 Compliance,Apr-Mar,HR & Payroll,hr,Payroll,Statutory,Professional Tax (PT) Slab Configuration,hr.statutory.professional_tax_pt_slab_configuration,institution,advanced,yes,Statutory,Returns fall on statutory dates; board work concentrated Sep-Dec,"Enrolment, attendance and staff records","Government returns, board affiliation, grant-in-aid claims",Institution Admin,Government and the board,Institution Admin,None,Records kept all year -> return compiled -> filed on the statutory date,,Configure state-specific Professional Tax deduction slabs based on gross monthly salary ranges.
13 Compliance,Apr-Mar,HR & Payroll,hr,Payroll,Statutory,Staff Gratuity Liability Estimator,hr.statutory.staff_gratuity_liability_estimator,institution,advanced,yes,Statutory,Returns fall on statutory dates; board work concentrated Sep-Dec,"Enrolment, attendance and staff records","Government returns, board affiliation, grant-in-aid claims",Institution Admin,Government and the board,Institution Admin,None,Records kept all year -> return compiled -> filed on the statutory date,,Compute cumulative statutory gratuity liabilities for employees completing >5 years of continuous service.
13 Compliance,Apr-Mar,Institution Admin / Principal,institution_admin,Administration,Boards & Accreditation,Board Exam LOC Submission,institution_admin.boards_accreditation.board_exam_loc_submission,institution,core,yes,BoardLOC,Returns fall on statutory dates; board work concentrated Sep-Dec,"Enrolment, attendance and staff records","Government returns, board affiliation, grant-in-aid claims",Institution Admin,Government and the board,Institution Admin,None,Records kept all year -> return compiled -> filed on the statutory date,,"Prepare the Class X and XII List of Candidates, verify subject combinations and export in board format."
13 Compliance,Apr-Mar,Institution Admin / Principal,institution_admin,Administration,Boards & Accreditation,PARAKH & NEP Credit Framework,institution_admin.boards_accreditation.parakh_nep_credit_framework,institution,advanced,yes,HolisticCard,Returns fall on statutory dates; board work concentrated Sep-Dec,"Enrolment, attendance and staff records","Government returns, board affiliation, grant-in-aid claims",Institution Admin,Government and the board,Institution Admin,None,Records kept all year -> return compiled -> filed on the statutory date,,Configure NEP 2020 credit-based evaluation and PARAKH holistic assessment parameters.
13 Compliance,Apr-Mar,Institution Admin / Principal,institution_admin,Administration,Boards & Accreditation,SQAA Compliance Tracking,institution_admin.boards_accreditation.sqaa_compliance_tracking,institution,advanced,yes,SQAACompliance,Returns fall on statutory dates; board work concentrated Sep-Dec,"Enrolment, attendance and staff records","Government returns, board affiliation, grant-in-aid claims",Institution Admin,Government and the board,Institution Admin,None,Records kept all year -> return compiled -> filed on the statutory date,,"Track internal audit checklists, document evidence, and evaluate board compliance ratings."
13 Compliance,Apr-Mar,Institution Admin / Principal,institution_admin,Administration,Statutory Returns,APAAR ID Register,institution_admin.statutory_returns.apaar_id_register,institution,advanced,yes,UDISE,Returns fall on statutory dates; board work concentrated Sep-Dec,"Enrolment, attendance and staff records","Government returns, board affiliation, grant-in-aid claims",Institution Admin,Government and the board,Institution Admin,None,Records kept all year -> return compiled -> filed on the statutory date,,"Track APAAR ID issue status per student, pending Aadhaar consent and reconciliation exceptions."
13 Compliance,Apr-Mar,Institution Admin / Principal,institution_admin,Administration,Statutory Returns,Child Info Reconciliation,institution_admin.statutory_returns.child_info_reconciliation,institution,advanced,yes,ChildInfoReconciliation,Returns fall on statutory dates; board work concentrated Sep-Dec,"Enrolment, attendance and staff records","Government returns, board affiliation, grant-in-aid claims",Institution Admin,Government and the board,Institution Admin,None,Records kept all year -> return compiled -> filed on the statutory date,,Compare the school roll against the Telangana Child Info register and resolve mismatches before the state deadline.
13 Compliance,Apr-Mar,Institution Admin / Principal,institution_admin,Administration,Statutory Returns,Statutory Registers,institution_admin.statutory_returns.statutory_registers,institution,advanced,yes,UDISE,Returns fall on statutory dates; board work concentrated Sep-Dec,"Enrolment, attendance and staff records","Government returns, board affiliation, grant-in-aid claims",Institution Admin,Government and the board,Institution Admin,None,Records kept all year -> return compiled -> filed on the statutory date,,"Maintain admission and withdrawal registers, EWS/DG register and attendance registers in inspection format."
13 Compliance,Apr-Mar,Institution Admin / Principal,institution_admin,Administration,Statutory Returns,UDISE+ Return Preparation,institution_admin.statutory_returns.udise_return_preparation,institution,advanced,yes,UDISE,Returns fall on statutory dates; board work concentrated Sep-Dec,"Enrolment, attendance and staff records","Government returns, board affiliation, grant-in-aid claims",Institution Admin,Government and the board,Institution Admin,None,Records kept all year -> return compiled -> filed on the statutory date,,"Review the annual UDISE+ return, resolve validation errors and lock the submitted snapshot."
13 Compliance,Apr-Mar,Institution Admin / Principal,institution_admin,Administration,Statutory Returns,Working Days & Instructional Hours,institution_admin.statutory_returns.working_days_instructional_hours,institution,core,yes,WorkingDays,Returns fall on statutory dates; board work concentrated Sep-Dec,"Enrolment, attendance and staff records","Government returns, board affiliation, grant-in-aid claims",Institution Admin,Government and the board,Institution Admin,None,Records kept all year -> return compiled -> filed on the statutory date,,Track sanctioned working days and instructional hours against the state academic calendar.
13 Compliance,Apr-Mar,Super Admin,super_admin,Dashboard,Dashboard,Alerts,super_admin.dashboard.alerts,platform,core,yes,PlatformDashboard,Returns fall on statutory dates; board work concentrated Sep-Dec,"Enrolment, attendance and staff records","Government returns, board affiliation, grant-in-aid claims",Institution Admin,Government and the board,Institution Admin,None,Records kept all year -> return compiled -> filed on the statutory date,,"Only system-level issues needing action: failed integrations, payment reconciliation failures, inactive campus setup, security alerts."
13 Compliance,Apr-Mar,Super Admin,super_admin,Dashboard,Dashboard,All campuses summary,super_admin.dashboard.all_campuses_summary,platform,core,yes,PlatformDashboard,Returns fall on statutory dates; board work concentrated Sep-Dec,"Enrolment, attendance and staff records","Government returns, board affiliation, grant-in-aid claims",Institution Admin,Government and the board,Institution Admin,None,Records kept all year -> return compiled -> filed on the statutory date,,"A small overall strip above/below campus cards: total campuses, total students, total fee collected, total outstanding. Keep this secondary to campus cards."
13 Compliance,Apr-Mar,Super Admin,super_admin,Dashboard,Dashboard,Campus cards,super_admin.dashboard.campus_cards,platform,core,yes,PlatformDashboard,Returns fall on statutory dates; board work concentrated Sep-Dec,"Enrolment, attendance and staff records","Government returns, board affiliation, grant-in-aid claims",Institution Admin,Government and the board,Institution Admin,None,Records kept all year -> return compiled -> filed on the statutory date,,"Show one card per campus instead of generic KPI boxes. Each campus card shows Campus Name, Total Students, Fee Collected, Outstanding Fee, with a View Campus action."
13 Compliance,Apr-Mar,Super Admin,super_admin,Dashboard,Dashboard,Central Admission Funnel KPI,super_admin.dashboard.central_admission_funnel_kpi,platform,core,yes,PlatformDashboard,Returns fall on statutory dates; board work concentrated Sep-Dec,"Enrolment, attendance and staff records","Government returns, board affiliation, grant-in-aid claims",Admissions & Front Office,Accounts (invoices) and Faculty (teaches),Institution Admin,None,Enquiry -> application -> admitted -> enrolled -> invoiced -> on a register,,"Track total inquiries, applications, admissions finalized, and conversion rate across all campuses."
13 Compliance,Apr-Mar,Super Admin,super_admin,Dashboard,Dashboard,Executive System Alerts,super_admin.dashboard.executive_system_alerts,platform,core,yes,PlatformDashboard,Returns fall on statutory dates; board work concentrated Sep-Dec,"Enrolment, attendance and staff records","Government returns, board affiliation, grant-in-aid claims",Institution Admin,Government and the board,Institution Admin,None,Records kept all year -> return compiled -> filed on the statutory date,,"Display system-critical alerts including integration downtime, security breaches, and pending audits."
13 Compliance,Apr-Mar,Super Admin,super_admin,Dashboard,Dashboard,Global Attendance Heatmap,super_admin.dashboard.global_attendance_heatmap,platform,core,yes,PlatformDashboard,Returns fall on statutory dates; board work concentrated Sep-Dec,"Enrolment, attendance and staff records","Government returns, board affiliation, grant-in-aid claims",Faculty (marks the register),"Parent, HR, Compliance",,Parent on absence (absence_alert),Faculty marks -> parent alerted if absent -> report card line and statutory return,,Monitor real-time student and staff attendance percentages across all campus locations.
13 Compliance,Apr-Mar,Super Admin,super_admin,Dashboard,Dashboard,Multi-Branch Revenue Analytics,super_admin.dashboard.multi_branch_revenue_analytics,platform,core,yes,PlatformDashboard,Returns fall on statutory dates; board work concentrated Sep-Dec,"Enrolment, attendance and staff records","Government returns, board affiliation, grant-in-aid claims",Institution Admin,Government and the board,Institution Admin,None,Records kept all year -> return compiled -> filed on the statutory date,,"View aggregate fee collection, outstanding balances, and comparative revenue across branches."
13 Compliance,Apr-Mar,Super Admin,super_admin,Dashboard,Dashboard,System health,super_admin.dashboard.system_health,institution,core,yes,Jobs,Returns fall on statutory dates; board work concentrated Sep-Dec,"Enrolment, attendance and staff records","Government returns, board affiliation, grant-in-aid claims",Institution Admin,Government and the board,Institution Admin,None,Records kept all year -> return compiled -> filed on the statutory date,,"Background jobs, queue depth, failed integrations and recent errors."
13 Compliance,Apr-Mar,Super Admin,super_admin,Platform Setup,Statutory & Boards,APAAR ID Provisioning,super_admin.statutory_boards.apaar_id_provisioning,platform,advanced,yes,UDISE,Returns fall on statutory dates; board work concentrated Sep-Dec,"Enrolment, attendance and staff records","Government returns, board affiliation, grant-in-aid claims",Institution Admin,Government and the board,Institution Admin,None,Records kept all year -> return compiled -> filed on the statutory date,,Generate and reconcile APAAR (One Nation One Student) IDs against Aadhaar and the UDISE+ register.
13 Compliance,Apr-Mar,Super Admin,super_admin,Platform Setup,Statutory & Boards,Board Affiliation & Disclosure,super_admin.statutory_boards.board_affiliation_disclosure,platform,core,yes,BoardAffiliation,Returns fall on statutory dates; board work concentrated Sep-Dec,"Enrolment, attendance and staff records","Government returns, board affiliation, grant-in-aid claims",Institution Admin,Government and the board,Institution Admin,None,Records kept all year -> return compiled -> filed on the statutory date,,"Maintain CBSE/ICSE/State affiliation numbers, mandatory public disclosure documents and renewal dates."
13 Compliance,Apr-Mar,Super Admin,super_admin,Platform Setup,Statutory & Boards,Child Info Portal Sync,super_admin.statutory_boards.child_info_portal_sync,platform,core,yes,ChildInfoPortal,Returns fall on statutory dates; board work concentrated Sep-Dec,"Enrolment, attendance and staff records","Government returns, board affiliation, grant-in-aid claims",Institution Admin,Government and the board,Institution Admin,None,Records kept all year -> return compiled -> filed on the statutory date,,Map school and student records to the Telangana Child Info portal register and reconcile differences.
13 Compliance,Apr-Mar,Super Admin,super_admin,Platform Setup,Statutory & Boards,DigiLocker Issuer Integration,super_admin.statutory_boards.digilocker_issuer_integration,platform,advanced,no,,Returns fall on statutory dates; board work concentrated Sep-Dec,"Enrolment, attendance and staff records","Government returns, board affiliation, grant-in-aid claims",Institution Admin,Government and the board,Institution Admin,None,Records kept all year -> return compiled -> filed on the statutory date,,"Register as a DigiLocker issuer and push transfer certificates, report cards and mark sheets as verifiable documents."
13 Compliance,Apr-Mar,Super Admin,super_admin,Platform Setup,Statutory & Boards,District & Mandal Master,super_admin.statutory_boards.district_mandal_master,platform,core,yes,DistrictMandalMaster,Returns fall on statutory dates; board work concentrated Sep-Dec,"Enrolment, attendance and staff records","Government returns, board affiliation, grant-in-aid claims",Institution Admin,Government and the board,Institution Admin,None,Records kept all year -> return compiled -> filed on the statutory date,,"Maintain state, district, mandal and village/ward codes used by every government return."
13 Compliance,Apr-Mar,Super Admin,super_admin,Platform Setup,Statutory & Boards,SQAA Framework Management,super_admin.statutory_boards.sqaa_framework_management,platform,advanced,yes,SQAAFramework,Returns fall on statutory dates; board work concentrated Sep-Dec,"Enrolment, attendance and staff records","Government returns, board affiliation, grant-in-aid claims",Institution Admin,Government and the board,Institution Admin,None,Records kept all year -> return compiled -> filed on the statutory date,,Configure School Quality Assessment and Assurance standards and self-assessment checklists.
13 Compliance,Apr-Mar,Super Admin,super_admin,Platform Setup,Statutory & Boards,School Management Type,super_admin.statutory_boards.school_management_type,platform,core,yes,ManagementType,Returns fall on statutory dates; board work concentrated Sep-Dec,"Enrolment, attendance and staff records","Government returns, board affiliation, grant-in-aid claims",Institution Admin,Government and the board,Institution Admin,None,Records kept all year -> return compiled -> filed on the statutory date,,"Classify each campus as Government, Aided, Private Unaided, Model School, Gurukul or KGBV for state reporting."
13 Compliance,Apr-Mar,Super Admin,super_admin,Platform Setup,Statutory & Boards,State Board Configuration,super_admin.statutory_boards.state_board_configuration,platform,advanced,yes,StateBoardConfig,Returns fall on statutory dates; board work concentrated Sep-Dec,"Enrolment, attendance and staff records","Government returns, board affiliation, grant-in-aid claims",Institution Admin,Government and the board,Institution Admin,None,Records kept all year -> return compiled -> filed on the statutory date,,"Select the state education board (BSE Telangana SSC, TSBIE Intermediate, CBSE, ICSE) and its grading and assessment rules."
13 Compliance,Apr-Mar,Super Admin,super_admin,Platform Setup,Statutory & Boards,UDISE+ Data Sync,super_admin.statutory_boards.udise_data_sync,platform,advanced,yes,UDISE,Returns fall on statutory dates; board work concentrated Sep-Dec,"Enrolment, attendance and staff records","Government returns, board affiliation, grant-in-aid claims",Institution Admin,Government and the board,Institution Admin,None,Records kept all year -> return compiled -> filed on the statutory date,,"Map school, student, teacher and facility fields to the UDISE+ return format and validate data integrity before submission."
14 Oversight,Apr-Mar,Accounts & Finance,finance,Accounting,Export,Tally Prime XML Export,finance.export.tally_prime_xml_export,institution,advanced,yes,TallyExport,Read continuously; reviewed monthly and at term end,Every module above. A dashboard is downstream of everything,"Decisions, not data",Every role above (they produce the data),Institution Admin,,None,Work happens -> it is counted -> the principal reads it and decides,,"Export daybook vouchers, fee sales, and cash receipts in Tally-compatible XML format."
14 Oversight,Apr-Mar,Accounts & Finance,finance,Home,Home,Finance KPIs,finance.home.finance_kpis,institution,core,yes,Dashboard,Read continuously; reviewed monthly and at term end,Every module above. A dashboard is downstream of everything,"Decisions, not data",Every role above (they produce the data),Institution Admin,,None,Work happens -> it is counted -> the principal reads it and decides,,"Today's collection, month collection, outstanding, overdue, refunds pending and failed/unreconciled online payments."
14 Oversight,Apr-Mar,Accounts & Finance,finance,Home,Home,Needs attention,finance.home.needs_attention,institution,core,yes,Dashboard,Read continuously; reviewed monthly and at term end,Every module above. A dashboard is downstream of everything,"Decisions, not data",Every role above (they produce the data),Institution Admin,,None,Work happens -> it is counted -> the principal reads it and decides,Institution Admin / Principal; Parent / Guardian,"Defaulters, failed payments, unreconciled gateway transactions, refunds and fee setup issues."
14 Oversight,Apr-Mar,Accounts & Finance,finance,Reports,Reports,Daybook & Cashbook Reports,finance.reports.daybook_cashbook_reports,institution,core,yes,CashBooks,Read continuously; reviewed monthly and at term end,Every module above. A dashboard is downstream of everything,"Decisions, not data",Every role above (they produce the data),Institution Admin,,None,Work happens -> it is counted -> the principal reads it and decides,,"Generate daily cashbook transactions, summary collections, and closing cash register."
14 Oversight,Apr-Mar,Accounts & Finance,finance,Reports,Reports,Finance reports,finance.reports.finance_reports,institution,core,yes,Exports,Read continuously; reviewed monthly and at term end,Every module above. A dashboard is downstream of everything,"Decisions, not data",Every role above (they produce the data),Institution Admin,,None,Work happens -> it is counted -> the principal reads it and decides,,"Daily collection, outstanding, aging/defaulters, student ledger, payment mode, discount and refund reports."
14 Oversight,Apr-Mar,Accounts & Finance,finance,Reports,Reports,Taxation & Audit Reports,finance.reports.taxation_audit_reports,institution,advanced,yes,TaxAudit,Read continuously; reviewed monthly and at term end,Every module above. A dashboard is downstream of everything,"Decisions, not data",Every role above (they produce the data),Institution Admin,,None,Work happens -> it is counted -> the principal reads it and decides,,"Export GST summaries, TDS collection reports, and audited financial statements."
14 Oversight,Apr-Mar,Admissions & Front Office,admissions,Home,Home,Admissions KPIs,admissions.home.admissions_kpis,institution,core,yes,Dashboard,Read continuously; reviewed monthly and at term end,Every module above. A dashboard is downstream of everything,"Decisions, not data",Admissions & Front Office,Accounts (invoices) and Faculty (teaches),Institution Admin,None,Enquiry -> application -> admitted -> enrolled -> invoiced -> on a register,,"New enquiries, applications received, incomplete applications, interviews/tests today, offers pending and enrollments."
14 Oversight,Apr-Mar,Admissions & Front Office,admissions,Home,Home,Follow-ups,admissions.home.follow_ups,institution,core,yes,Dashboard,Read continuously; reviewed monthly and at term end,Every module above. A dashboard is downstream of everything,"Decisions, not data",Admissions & Front Office,Accounts (invoices) and Faculty (teaches),Institution Admin,None,Enquiry -> application -> admitted -> enrolled -> invoiced -> on a register,,"Applications needing documents, review, payment or follow-up."
14 Oversight,Apr-Mar,Admissions & Front Office,admissions,Reports,Reports,Admission Conversion Reports,admissions.reports.admission_conversion_reports,institution,core,yes,Pipeline,Read continuously; reviewed monthly and at term end,Every module above. A dashboard is downstream of everything,"Decisions, not data",Admissions & Front Office,Accounts (invoices) and Faculty (teaches),Institution Admin,None,Enquiry -> application -> admitted -> enrolled -> invoiced -> on a register,,View funnel analytics: Inquiries -> Form Bought -> Exam Taken -> Offer Issued -> Enrolled.
14 Oversight,Apr-Mar,Admissions & Front Office,admissions,Reports,Reports,Lost Lead Reason Analysis,admissions.reports.lost_lead_reason_analysis,institution,core,yes,LostLeads,Read continuously; reviewed monthly and at term end,Every module above. A dashboard is downstream of everything,"Decisions, not data",Admissions & Front Office,Accounts (invoices) and Faculty (teaches),Institution Admin,None,Enquiry -> application -> admitted -> enrolled -> invoiced -> on a register,,"Record and analyze rejection/drop-out reasons (Fee too high, Distance, Selected other school)."
14 Oversight,Apr-Mar,Faculty / Teacher,faculty,Home,Home,My day,faculty.home.my_day,assigned_classes,core,yes,MyWork,Read continuously; reviewed monthly and at term end,Every module above. A dashboard is downstream of everything,"Decisions, not data",Every role above (they produce the data),Institution Admin,,None,Work happens -> it is counted -> the principal reads it and decides,Student,"Today's periods, what is pending and anything about this class that needs attention."
14 Oversight,Apr-Mar,Faculty / Teacher,faculty,Home,Home,My work,faculty.home.my_work,assigned_classes,core,yes,MyWork,Read continuously; reviewed monthly and at term end,Every module above. A dashboard is downstream of everything,"Decisions, not data",Every role above (they produce the data),Institution Admin,,None,Work happens -> it is counted -> the principal reads it and decides,,"Assignments to review, marks pending, substitutions, leave status and announcements."
14 Oversight,Apr-Mar,Faculty / Teacher,faculty,Home,Home,Today's classes,faculty.home.todays_classes,assigned_classes,core,yes,TodaysClasses,Read continuously; reviewed monthly and at term end,Every module above. A dashboard is downstream of everything,"Decisions, not data",Every role above (they produce the data),Institution Admin,,None,Work happens -> it is counted -> the principal reads it and decides,,"Next/current classes with one-click Take Attendance, Open Class and Add Homework actions."
14 Oversight,Apr-Mar,HR & Payroll,hr,Home,Home,HR KPIs,hr.home.hr_kpis,institution,core,yes,Dashboard,Read continuously; reviewed monthly and at term end,Every module above. A dashboard is downstream of everything,"Decisions, not data",Every role above (they produce the data),Institution Admin,,None,Work happens -> it is counted -> the principal reads it and decides,,"Headcount, present/absent today, leave pending, new joiners and payroll status if payroll enabled."
14 Oversight,Apr-Mar,HR & Payroll,hr,Reports,Reports,HR reports,hr.reports.hr_reports,institution,core,yes,HRReports,Read continuously; reviewed monthly and at term end,Every module above. A dashboard is downstream of everything,"Decisions, not data",Every role above (they produce the data),Institution Admin,,None,Work happens -> it is counted -> the principal reads it and decides,,"Headcount, attendance, leave and payroll summaries."
14 Oversight,Apr-Mar,Institution Admin / Principal,institution_admin,Reports,Analysis,Custom Report Builder,institution_admin.analysis.custom_report_builder,institution,core,yes,ReportBuilder,Read continuously; reviewed monthly and at term end,Every module above. A dashboard is downstream of everything,"Decisions, not data",Every role above (they produce the data),Institution Admin,,None,Work happens -> it is counted -> the principal reads it and decides,,"Build custom drag-and-drop reports selecting desired data fields, filters, and export formats."
14 Oversight,Apr-Mar,Institution Admin / Principal,institution_admin,Reports,Analysis,Department reports,institution_admin.analysis.department_reports,department,core,yes,DepartmentReports,Read continuously; reviewed monthly and at term end,Every module above. A dashboard is downstream of everything,"Decisions, not data",Every role above (they produce the data),Institution Admin,,None,Work happens -> it is counted -> the principal reads it and decides,,"Attendance, workload, results, backlogs and department summary reports."
14 Oversight,Apr-Mar,Institution Admin / Principal,institution_admin,Reports,Analysis,Performance analytics,institution_admin.analysis.performance_analytics,department,core,yes,PerformanceAnalytics,Read continuously; reviewed monthly and at term end,Every module above. A dashboard is downstream of everything,"Decisions, not data",Every role above (they produce the data),Institution Admin,,None,Work happens -> it is counted -> the principal reads it and decides,,"Subject pass rate, semester trends, at-risk students and department performance."
14 Oversight,Apr-Mar,Institution Admin / Principal,institution_admin,Home,Approvals,Approvals,institution_admin.approvals.approvals,department,core,yes,Approvals,Read continuously; reviewed monthly and at term end,Every module above. A dashboard is downstream of everything,"Decisions, not data",Every role above (they produce the data),Institution Admin,,None,Work happens -> it is counted -> the principal reads it and decides,,"Faculty leave, attendance corrections, marks submissions, add/drop and department requests."
14 Oversight,Apr-Mar,Institution Admin / Principal,institution_admin,Home,Approvals,Approvals center,institution_admin.approvals.approvals_center,institution,core,yes,Approvals,Read continuously; reviewed monthly and at term end,Every module above. A dashboard is downstream of everything,"Decisions, not data",Every role above (they produce the data),Institution Admin,,None,Work happens -> it is counted -> the principal reads it and decides,,"Approve leave, academic requests, marks/result workflows, certificates and configured operational requests."
14 Oversight,Apr-Mar,Institution Admin / Principal,institution_admin,Home,Home,Academic KPIs,institution_admin.home.academic_kpis,institution,core,yes,Dashboard,Read continuously; reviewed monthly and at term end,Every module above. A dashboard is downstream of everything,"Decisions, not data",Every role above (they produce the data),Institution Admin,,None,Work happens -> it is counted -> the principal reads it and decides,,"Attendance, syllabus coverage and exam readiness across the school, with what needs attention today."
14 Oversight,Apr-Mar,Institution Admin / Principal,institution_admin,Home,Home,Department KPIs,institution_admin.home.department_kpis,department,core,yes,Department,Read continuously; reviewed monthly and at term end,Every module above. A dashboard is downstream of everything,"Decisions, not data",Every role above (they produce the data),Institution Admin,,None,Work happens -> it is counted -> the principal reads it and decides,,"Department students, faculty, today's classes, student attendance, faculty attendance and pending approvals."
14 Oversight,Apr-Mar,Institution Admin / Principal,institution_admin,Home,Home,Executive KPIs,institution_admin.home.executive_kpis,institution,core,yes,Dashboard,Read continuously; reviewed monthly and at term end,Every module above. A dashboard is downstream of everything,"Decisions, not data",Every role above (they produce the data),Institution Admin,,None,Work happens -> it is counted -> the principal reads it and decides,,"Students, faculty/staff, attendance today, fee collection, outstanding fees and admissions. Show only 5-7 cards."
14 Oversight,Apr-Mar,Institution Admin / Principal,institution_admin,Home,Home,Needs attention,institution_admin.home.needs_attention,institution,core,yes,Dashboard,Read continuously; reviewed monthly and at term end,Every module above. A dashboard is downstream of everything,"Decisions, not data",Every role above (they produce the data),Institution Admin,,None,Work happens -> it is counted -> the principal reads it and decides,Accounts & Finance; Parent / Guardian,"Pending approvals, attendance shortage, absent faculty, timetable conflicts, marks not submitted and overdue fees."
14 Oversight,Apr-Mar,Institution Admin / Principal,institution_admin,Home,Home,Today,institution_admin.home.today,institution,core,yes,Today,Read continuously; reviewed monthly and at term end,Every module above. A dashboard is downstream of everything,"Decisions, not data",Every role above (they produce the data),Institution Admin,,None,Work happens -> it is counted -> the principal reads it and decides,,Today's classes/exams/events and important announcements.
14 Oversight,Apr-Mar,Institution Admin / Principal,institution_admin,Administration,Mid-Day Meal,MDM Utilisation Report,institution_admin.mid_day_meal.mdm_utilisation_report,institution,advanced,yes,MDMUtilisation,Read continuously; reviewed monthly and at term end,Every module above. A dashboard is downstream of everything,"Decisions, not data",Every role above (they produce the data),Institution Admin,,None,Work happens -> it is counted -> the principal reads it and decides,,"Reconcile meals served against enrolment and attendance, and generate the monthly utilisation return."
14 Oversight,Apr-Mar,Institution Admin / Principal,institution_admin,Reports,Standard,Reports,institution_admin.standard.reports,institution,core,yes,Exports,Read continuously; reviewed monthly and at term end,Every module above. A dashboard is downstream of everything,"Decisions, not data",Every role above (they produce the data),Institution Admin,,None,Work happens -> it is counted -> the principal reads it and decides,,"Core enrollment, attendance, academic, fee and staff reports."
14 Oversight,Apr-Mar,Parent / Guardian,parent,Home,Home,Child summary,parent.home.child_summary,children,core,yes,Portal,Read continuously; reviewed monthly and at term end,Every module above. A dashboard is downstream of everything,"Decisions, not data",Every role above (they produce the data),Institution Admin,,None,Work happens -> it is counted -> the principal reads it and decides,,"Attendance today/%, homework due, latest result, fee due and latest announcement for selected child."
14 Oversight,Apr-Mar,Parent / Guardian,parent,Home,Home,Child switcher,parent.home.child_switcher,children,core,yes,Portal,Read continuously; reviewed monthly and at term end,Every module above. A dashboard is downstream of everything,"Decisions, not data",Every role above (they produce the data),Institution Admin,,None,Work happens -> it is counted -> the principal reads it and decides,,Switch between linked children without separate accounts.
14 Oversight,Apr-Mar,Parent / Guardian,parent,Home,Home,Needs attention,parent.home.needs_attention,children,core,yes,Reminders,Read continuously; reviewed monthly and at term end,Every module above. A dashboard is downstream of everything,"Decisions, not data",Every role above (they produce the data),Institution Admin,,None,Work happens -> it is counted -> the principal reads it and decides,Accounts & Finance; Institution Admin / Principal,"Absence, attendance shortage, overdue fee, consent request, unread circular or upcoming PTM."
14 Oversight,Apr-Mar,Parent / Guardian,parent,Home,Home,Real-Time Push Notifications,parent.home.real_time_push_notifications,children,core,yes,Alerts,Read continuously; reviewed monthly and at term end,Every module above. A dashboard is downstream of everything,"Decisions, not data",Every role above (they produce the data),Institution Admin,,None,Work happens -> it is counted -> the principal reads it and decides,,"Receive instant app push alerts for homework, circulars, fee dues, and attendance."
14 Oversight,Apr-Mar,Student,student,Home,Home,Custom Theme Selection,student.home.custom_theme_selection,self,optional,yes,ThemeSelection,Read continuously; reviewed monthly and at term end,Every module above. A dashboard is downstream of everything,"Decisions, not data",Every role above (they produce the data),Institution Admin,,None,Work happens -> it is counted -> the principal reads it and decides,,"Customize student portal appearance with dark mode, high-contrast mode, or color themes."
14 Oversight,Apr-Mar,Student,student,Home,Home,Digital Diary & Schedule,student.home.digital_diary_schedule,self,core,yes,Diary,Read continuously; reviewed monthly and at term end,Every module above. A dashboard is downstream of everything,"Decisions, not data",Every role above (they produce the data),Institution Admin,,None,Work happens -> it is counted -> the principal reads it and decides,,"Track personal study schedules, project deadlines, and school calendar events."
14 Oversight,Apr-Mar,Student,student,Home,Home,My day,student.home.my_day,self,core,yes,Portal,Read continuously; reviewed monthly and at term end,Every module above. A dashboard is downstream of everything,"Decisions, not data",Every role above (they produce the data),Institution Admin,,None,Work happens -> it is counted -> the principal reads it and decides,Faculty / Teacher,"Next class, attendance %, assignments due, upcoming exam, fee due and latest announcement."
14 Oversight,Apr-Mar,Super Admin,super_admin,AI & Automation,AI & Automation,AI Sentiment Analysis on Feedback,super_admin.ai_automation.ai_sentiment_analysis_on_feedback,platform,core,no,,Read continuously; reviewed monthly and at term end,Every module above. A dashboard is downstream of everything,"Decisions, not data",Accounts & Finance (raises),Parent (pays),Institution Admin approves the structure,Parent on dues (fee),Structure approved -> invoices raised -> parent pays -> receipt -> arrears chased,,Natural Language Processing on parent complaints and reviews to gauge overall campus sentiment.
14 Oversight,Apr-Mar,Super Admin,super_admin,AI & Automation,AI & Automation,Automated Exam Question Translation,super_admin.ai_automation.automated_exam_question_translation,platform,core,no,,Read continuously; reviewed monthly and at term end,Every module above. A dashboard is downstream of everything,"Decisions, not data",Every role above (they produce the data),Institution Admin,,None,Work happens -> it is counted -> the principal reads it and decides,,AI translation engine converting English question banks into regional languages instantly.
14 Oversight,Apr-Mar,Super Admin,super_admin,AI & Automation,AI & Automation,Predictive Dropout Risk Engine,super_admin.ai_automation.predictive_dropout_risk_engine,platform,core,no,,Read continuously; reviewed monthly and at term end,Every module above. A dashboard is downstream of everything,"Decisions, not data",Every role above (they produce the data),Institution Admin,,None,Work happens -> it is counted -> the principal reads it and decides,,"AI models analyzing attendance, grades, and fee delays to predict student churn risk."
14 Oversight,Apr-Mar,Super Admin,super_admin,AI & Automation,AI & Automation,Smart Fee Cash Flow Predictor,super_admin.ai_automation.smart_fee_cash_flow_predictor,platform,core,no,,Read continuously; reviewed monthly and at term end,Every module above. A dashboard is downstream of everything,"Decisions, not data",Accounts & Finance (raises),Parent (pays),Institution Admin approves the structure,Parent on dues (fee),Structure approved -> invoices raised -> parent pays -> receipt -> arrears chased,,Predictive modeling forecasting next quarter's fee collections based on historical payment patterns.
15 Self service,Any time,Faculty / Teacher,faculty,My Work,My Profile,Profile,faculty.my_profile.profile,assigned_classes,core,yes,Profile,Whenever the person needs it,An account,The person's own record,The person themselves,Nobody,,None,Read or edited by its owner; nothing downstream depends on it,HOD / Department Head,"Own profile, password and leave."
15 Self service,Any time,HOD / Department Head,hod,My Work,My Profile,Profile,hod.my_profile.profile,self,core,yes,Profile,Whenever the person needs it,An account,The person's own record,The person themselves,Nobody,,None,Read or edited by its owner; nothing downstream depends on it,Faculty / Teacher,Own details and password.
15 Self service,Any time,Parent / Guardian,parent,Requests,Consent,Consent & acknowledgement,parent.consent.consent_acknowledgement,children,core,yes,Consent,Whenever the person needs it,An account,The person's own record,The person themselves,Nobody,,None,Read or edited by its owner; nothing downstream depends on it,,"Acknowledge circulars, permissions, trips and configured consent forms."
15 Self service,Any time,Parent / Guardian,parent,Requests,Consent,Digital Parent Consent Slips,parent.consent.digital_parent_consent_slips,children,core,yes,Consent,Whenever the person needs it,An account,The person's own record,The person themselves,Nobody,,None,Read or edited by its owner; nothing downstream depends on it,,"Provide digital signature consent for upcoming field trips, sports events, or health camps."
15 Self service,Any time,Parent / Guardian,parent,Requests,Consent,Parent Delegation for Emergency Pickup,parent.consent.parent_delegation_for_emergency_pickup,children,core,yes,Pickup,Whenever the person needs it,An account,The person's own record,The person themselves,Nobody,,None,Read or edited by its owner; nothing downstream depends on it,,Generate single-use digital QR authorization passes for friends/relatives picking up child in emergency.
15 Self service,Any time,Parent / Guardian,parent,Requests,Documents,DigiLocker Document Pull,parent.documents.digilocker_document_pull,children,advanced,no,,Whenever the person needs it,An account,The person's own record,The person themselves,Nobody,,None,Read or edited by its owner; nothing downstream depends on it,,Fetch the child's school-issued certificates and mark sheets directly into the parent's DigiLocker.
15 Self service,Any time,Parent / Guardian,parent,Profile,Profile,Digital Student ID Card View,parent.profile.digital_student_id_card_view,children,optional,yes,StudentIDCard,Whenever the person needs it,An account,The person's own record,The person themselves,Nobody,,None,Read or edited by its owner; nothing downstream depends on it,,Access child's digital student ID card with QR code directly within the mobile app.
15 Self service,Any time,Parent / Guardian,parent,Profile,Profile,Multi-Language App Interface Toggle,parent.profile.multi_language_app_interface_toggle,children,core,yes,ThemeSelection,Whenever the person needs it,An account,The person's own record,The person themselves,Nobody,,None,Read or edited by its owner; nothing downstream depends on it,,"Switch complete parent mobile app UI between English, Hindi, Telugu, Tamil, Marathi, and regional languages."
15 Self service,Any time,Parent / Guardian,parent,Profile,Profile,Parent App Biometric Lock (Face ID / Fingerprint),parent.profile.parent_app_biometric_lock_face_id_fingerprint,children,optional,no,,Whenever the person needs it,An account,The person's own record,The person themselves,Nobody,,None,Read or edited by its owner; nothing downstream depends on it,,Allow parents to secure mobile app access using smartphone hardware biometric authentication.
15 Self service,Any time,Parent / Guardian,parent,Profile,Profile,Parent App Dark Mode & High Contrast Accessibility,parent.profile.parent_app_dark_mode_high_contrast_accessibility,children,optional,yes,ThemeSelection,Whenever the person needs it,An account,The person's own record,The person themselves,Nobody,,None,Read or edited by its owner; nothing downstream depends on it,,Toggle high-contrast text modes and dark UI themes for low-vision parent app users.
15 Self service,Any time,Parent / Guardian,parent,Profile,Profile,Telugu Language Interface,parent.profile.telugu_language_interface,children,advanced,yes,ThemeSelection,Whenever the person needs it,An account,The person's own record,The person themselves,Nobody,,None,Read or edited by its owner; nothing downstream depends on it,,"Use the parent app entirely in Telugu, including circulars, fee notices and report cards."
15 Self service,Any time,Student,student,Profile,Profile,Digital Student ID Card NFC Tap Pass,student.profile.digital_student_id_card_nfc_tap_pass,self,optional,no,,Whenever the person needs it,An account,The person's own record,The person themselves,Nobody,,None,Read or edited by its owner; nothing downstream depends on it,,Use smartphone NFC or Apple/Google Wallet pass for school gate entry and library book checkouts.
15 Self service,Any time,Student,student,Requests,Requests,Requests,student.requests.requests,self,core,yes,Requests,Whenever the person needs it,An account,The person's own record,The person themselves,Nobody,,None,Read or edited by its owner; nothing downstream depends on it,Parent / Guardian,"Leave, certificate, bonafide, ID card, add/drop or help request depending on institution type."
15 Self service,Any time,Super Admin,super_admin,Platform Setup,Operations,Data Backup & Restore,super_admin.operations.data_backup_restore,platform,core,yes,BackupRestore,Whenever the person needs it,An account,The person's own record,The person themselves,Nobody,,None,Read or edited by its owner; nothing downstream depends on it,,Schedule automated cloud database backups and manage point-in-time recovery archives.
